{
"type": "FeatureCollection",
"name": "Barrios",
"crs": { "type": "name", "properties": { "name": "urn:ogc:def:crs:OGC:1.3:CRS84" } },
"features": [
{ "type": "Feature", "properties": { "barrio": "Palacio", "distrito": "Centro", "area_km2": 1.47, "n_poi": 81, "diversidad_poi": 7, "n_restaurantes": 1603, "pct_terrazas": 12.3, "accesibilidad_media": 8.4, "densidad_oferta": 1145.6 }, "geometry": { "type": "Polygon", "coordinates": [ [ [ -3.70593068010655, 40.420287376822067 ], [ -3.706338629019826, 40.420173085758499 ], [ -3.70811591485755, 40.420237721289283 ], [ -3.707914594119859, 40.41986732962701 ], [ -3.70799991589947, 40.41962932896039 ], [ -3.708137672520961, 40.419164609965911 ], [ -3.708188501536068, 40.418886009456266 ], [ -3.708449798815136, 40.418400173710275 ], [ -3.708473543423933, 40.418360208258882 ], [ -3.708525435809907, 40.418273043126057 ], [ -3.708781262469537, 40.417827960974272 ], [ -3.708579620691313, 40.417797484244041 ], [ -3.708674200648624, 40.417217712478511 ], [ -3.708702927217361, 40.41711339188786 ], [ -3.708725549728781, 40.417022712357628 ], [ -3.708687392988903, 40.416778620166426 ], [ -3.708685316496226, 40.416760344541501 ], [ -3.708636066582533, 40.416373833318737 ], [ -3.708755316190798, 40.416332879685271 ], [ -3.708683711776983, 40.415968090254637 ], [ -3.708811444251622, 40.415581367966695 ], [ -3.708608993791327, 40.415327110688956 ], [ -3.708547409707791, 40.415321631337854 ], [ -3.708482084377038, 40.415319058674427 ], [ -3.70843177393605, 40.415287023590984 ], [ -3.70818788728074, 40.414745179589517 ], [ -3.708031861076197, 40.4145228901642 ], [ -3.708115945678609, 40.414111202398942 ], [ -3.708258675090409, 40.413717172502743 ], [ -3.707725054931551, 40.413577192707976 ], [ -3.70747811434184, 40.413519333506258 ], [ -3.707428608067078, 40.413338823064294 ], [ -3.70753552340704, 40.412789584542523 ], [ -3.708225220373396, 40.411442919965339 ], [ -3.708428320709737, 40.411258821728971 ], [ -3.708483114467273, 40.411167855844788 ], [ -3.709149083783422, 40.410376655071659 ], [ -3.710103596040573, 40.409163587431884 ], [ -3.710228638936667, 40.409017593472683 ], [ -3.711045287532708, 40.40800095119625 ], [ -3.711677992972163, 40.406664260760948 ], [ -3.712048179493894, 40.406744055900333 ], [ -3.713693111136358, 40.407443568993777 ], [ -3.715231600747346, 40.408082364467191 ], [ -3.716770459043321, 40.408697624320233 ], [ -3.718338020646228, 40.411112695717158 ], [ -3.717851611322195, 40.412077522475165 ], [ -3.716939429043714, 40.413916071527055 ], [ -3.719431977535447, 40.413934838195594 ], [ -3.719637817421011, 40.41393959503381 ], [ -3.720495414802149, 40.4139524575968 ], [ -3.722953860062372, 40.413989290631932 ], [ -3.722850118962102, 40.415331658256946 ], [ -3.722379148053272, 40.417174969818689 ], [ -3.722160745423841, 40.418036067360767 ], [ -3.722053178397043, 40.418459803456734 ], [ -3.721842769512381, 40.418580396047851 ], [ -3.721509930014997, 40.418770940844141 ], [ -3.721066669197463, 40.419118660322198 ], [ -3.720699465132987, 40.419469417527381 ], [ -3.720400005989958, 40.419894887682148 ], [ -3.720298480289168, 40.42006840268111 ], [ -3.720195215846377, 40.420244722118994 ], [ -3.720189312186263, 40.420254849010398 ], [ -3.718060480160915, 40.42028704097163 ], [ -3.716802279279563, 40.420342181182733 ], [ -3.715979394239273, 40.42035340085404 ], [ -3.715504763069916, 40.420402732118028 ], [ -3.715504057769815, 40.420402916663612 ], [ -3.713896283217111, 40.421477804351277 ], [ -3.713381727517191, 40.421821789496626 ], [ -3.713331795947794, 40.421904530224559 ], [ -3.713174757453032, 40.422058381409315 ], [ -3.713042917613715, 40.422187483213811 ], [ -3.711722018851081, 40.422963724205509 ], [ -3.711162838568748, 40.423292298433175 ], [ -3.710917008734835, 40.423422097128281 ], [ -3.710894267631762, 40.423434128884416 ], [ -3.710169508858841, 40.422949205383517 ], [ -3.707929555671807, 40.421542650977067 ], [ -3.70593068010655, 40.420287376822067 ] ] ] } },
{ "type": "Feature", "properties": { "barrio": "Embajadores", "distrito": "Centro", "area_km2": 1.034, "n_poi": 30, "diversidad_poi": 5, "n_restaurantes": 2698, "pct_terrazas": 5.7, "accesibilidad_media": 6.7, "densidad_oferta": 2638.3 }, "geometry": { "type": "Polygon", "coordinates": [ [ [ -3.703928156315145, 40.41430782902993 ], [ -3.702856100078586, 40.413927849545864 ], [ -3.701523611683201, 40.41345728789959 ], [ -3.70001562671258, 40.412839264716382 ], [ -3.699024464949544, 40.412333018572753 ], [ -3.698625520786742, 40.412139222646609 ], [ -3.696804868305646, 40.411196498625117 ], [ -3.695755983935629, 40.410675958477974 ], [ -3.694064168940067, 40.409945570684059 ], [ -3.691939911799033, 40.409082067615699 ], [ -3.692025186405721, 40.408697050650161 ], [ -3.691855396243386, 40.408435992341921 ], [ -3.692560911832768, 40.408002850840077 ], [ -3.69283506403918, 40.407775353059364 ], [ -3.692968756382946, 40.407618966305222 ], [ -3.692969222224916, 40.407618422969662 ], [ -3.693010447361664, 40.407570157594755 ], [ -3.693161585718333, 40.407345287278872 ], [ -3.693201773536808, 40.407195946395198 ], [ -3.693227430851549, 40.406985700371926 ], [ -3.693677073806337, 40.407127242282435 ], [ -3.693849281779331, 40.407256030453624 ], [ -3.693903085128985, 40.407285168095619 ], [ -3.693965754713818, 40.407293891120851 ], [ -3.694104837242087, 40.407272606599214 ], [ -3.695288905239114, 40.406952344625594 ], [ -3.695411106651896, 40.40699701627571 ], [ -3.697874925626585, 40.406347226392576 ], [ -3.697942604693251, 40.40632753938889 ], [ -3.699377309518715, 40.40592797597742 ], [ -3.700081217060121, 40.405733538406402 ], [ -3.700984480297529, 40.405501041944348 ], [ -3.701001504462344, 40.405496342308901 ], [ -3.702552444526875, 40.405068199458654 ], [ -3.702972284175709, 40.405062947654699 ], [ -3.703885832387637, 40.40519748612806 ], [ -3.706507332347718, 40.405678093878571 ], [ -3.707097247320553, 40.405799635278122 ], [ -3.708402911664316, 40.406068671604082 ], [ -3.70953775654748, 40.40627703760277 ], [ -3.70991378339443, 40.406329867574421 ], [ -3.711283174806116, 40.406561822151552 ], [ -3.711677992972163, 40.406664260760948 ], [ -3.711045287532708, 40.40800095119625 ], [ -3.710228638936667, 40.409017593472683 ], [ -3.710103596040573, 40.409163587431884 ], [ -3.709149083783422, 40.410376655071659 ], [ -3.708483114467273, 40.411167855844788 ], [ -3.708428320709737, 40.411258821728971 ], [ -3.708225220373396, 40.411442919965339 ], [ -3.70753552340704, 40.412789584542523 ], [ -3.707428608067078, 40.413338823064294 ], [ -3.70747811434184, 40.413519333506258 ], [ -3.707392154319603, 40.413628327486769 ], [ -3.706344057645895, 40.413957836685675 ], [ -3.70608054939392, 40.413989695006116 ], [ -3.705560573276503, 40.413969673744553 ], [ -3.704930942113319, 40.413934184467941 ], [ -3.704821444653254, 40.41393384301584 ], [ -3.70473055098687, 40.413946497128826 ], [ -3.704617537604166, 40.413988527541072 ], [ -3.703928156315145, 40.41430782902993 ] ] ] } },
{ "type": "Feature", "properties": { "barrio": "Cortes", "distrito": "Centro", "area_km2": 0.592, "n_poi": 38, "diversidad_poi": 3, "n_restaurantes": 1199, "pct_terrazas": 6.9, "accesibilidad_media": 8.7, "densidad_oferta": 2089.5 }, "geometry": { "type": "Polygon", "coordinates": [ [ [ -3.698049248131651, 40.419276253228972 ], [ -3.696543863992211, 40.418736580092563 ], [ -3.695553873754077, 40.418967399599808 ], [ -3.694298975991448, 40.419194394553614 ], [ -3.693089157620991, 40.419335339584379 ], [ -3.692972277236588, 40.418880541225256 ], [ -3.693166403408977, 40.418477485013028 ], [ -3.693480561540257, 40.416941541019241 ], [ -3.693603972404177, 40.416344673060202 ], [ -3.693639066740117, 40.41588247860777 ], [ -3.69344138938186, 40.415134649474055 ], [ -3.693201554993202, 40.414034008004819 ], [ -3.692897287204159, 40.41263726317505 ], [ -3.692649581003259, 40.411468288504487 ], [ -3.692366342583576, 40.410200786577192 ], [ -3.692217735922002, 40.409707167461178 ], [ -3.691939911799033, 40.409082067615699 ], [ -3.694064168940067, 40.409945570684059 ], [ -3.695755983935629, 40.410675958477974 ], [ -3.696804868305646, 40.411196498625117 ], [ -3.698625520786742, 40.412139222646609 ], [ -3.699024464949544, 40.412333018572753 ], [ -3.70001562671258, 40.412839264716382 ], [ -3.701523611683201, 40.41345728789959 ], [ -3.702856100078586, 40.413927849545864 ], [ -3.703928156315145, 40.41430782902993 ], [ -3.703434294890045, 40.414703176054886 ], [ -3.703361455302153, 40.414601456618435 ], [ -3.70326844900957, 40.41455508435515 ], [ -3.703117586946399, 40.414521585548009 ], [ -3.702543954048537, 40.41497651320477 ], [ -3.702015076069372, 40.415383598501279 ], [ -3.701358043949028, 40.415856232977262 ], [ -3.701208087890991, 40.415955610503261 ], [ -3.700961010527408, 40.416123503995195 ], [ -3.700762634360295, 40.416270742246255 ], [ -3.700564503068627, 40.416441672457132 ], [ -3.700428483769495, 40.416612316145603 ], [ -3.699886380230706, 40.417417762462932 ], [ -3.699555740316208, 40.417803366760467 ], [ -3.699307694670003, 40.41790144247382 ], [ -3.699573896417555, 40.418532268549775 ], [ -3.699732184170664, 40.419293388093593 ], [ -3.699668049539747, 40.419758913846252 ], [ -3.698049248131651, 40.419276253228972 ] ] ] } },
{ "type": "Feature", "properties": { "barrio": "Justicia", "distrito": "Centro", "area_km2": 0.739, "n_poi": 44, "diversidad_poi": 5, "n_restaurantes": 1802, "pct_terrazas": 4.9, "accesibilidad_media": 11.5, "densidad_oferta": 2498.0 }, "geometry": { "type": "Polygon", "coordinates": [ [ [ -3.695553873754077, 40.418967399599808 ], [ -3.696543863992211, 40.418736580092563 ], [ -3.698049248131651, 40.419276253228972 ], [ -3.699668049539747, 40.419758913846252 ], [ -3.699672306767079, 40.419760239438432 ], [ -3.700356882108183, 40.41991591937159 ], [ -3.7008005585222, 40.419983775237753 ], [ -3.701238331900322, 40.420005357844722 ], [ -3.7015920416093, 40.42001366512612 ], [ -3.701637718644991, 40.420098793612162 ], [ -3.701165554922015, 40.4213294078953 ], [ -3.700964219696482, 40.421885945738026 ], [ -3.700916765446844, 40.422049837526167 ], [ -3.700801651960685, 40.422554951219674 ], [ -3.700695235208496, 40.423046318319408 ], [ -3.7006872434822, 40.423128168780799 ], [ -3.700648886210178, 40.423612366512394 ], [ -3.70065873994381, 40.423800955940784 ], [ -3.700661608077781, 40.42392967853403 ], [ -3.700667007430562, 40.424177485188487 ], [ -3.700748139961196, 40.424896275426136 ], [ -3.70075250598354, 40.424908050792972 ], [ -3.700900982729296, 40.425368414899623 ], [ -3.701170296199244, 40.426044894204125 ], [ -3.70166974925238, 40.427245205237369 ], [ -3.702406307480055, 40.429058852917279 ], [ -3.701946605023671, 40.428974793534444 ], [ -3.699410644853255, 40.428425909257484 ], [ -3.69713054167271, 40.427944984449901 ], [ -3.695761797894772, 40.427642041004425 ], [ -3.695121546339196, 40.427343905252265 ], [ -3.693848991422839, 40.426707576129694 ], [ -3.69139272890882, 40.425485781254892 ], [ -3.690455035012091, 40.425262368344541 ], [ -3.690720446107111, 40.424466073532081 ], [ -3.691312526853594, 40.423144459591342 ], [ -3.693089157620991, 40.419335339584379 ], [ -3.694298975991448, 40.419194394553614 ], [ -3.695553873754077, 40.418967399599808 ] ] ] } },
{ "type": "Feature", "properties": { "barrio": "Universidad", "distrito": "Centro", "area_km2": 0.948, "n_poi": 51, "diversidad_poi": 5, "n_restaurantes": 2325, "pct_terrazas": 4.6, "accesibilidad_media": 13.5, "densidad_oferta": 2506.3 }, "geometry": { "type": "Polygon", "coordinates": [ [ [ -3.701165554922015, 40.4213294078953 ], [ -3.701637718644991, 40.420098793612162 ], [ -3.7015920416093, 40.42001366512612 ], [ -3.704838169421662, 40.420260430633121 ], [ -3.705260615235762, 40.4202925419251 ], [ -3.705573249325063, 40.420295411886123 ], [ -3.70593068010655, 40.420287376822067 ], [ -3.707929555671807, 40.421542650977067 ], [ -3.710169508858841, 40.422949205383517 ], [ -3.710894267631762, 40.423434128884416 ], [ -3.711707728055124, 40.424303817917853 ], [ -3.712457284112837, 40.425360381731572 ], [ -3.713173871196542, 40.426407143804781 ], [ -3.713896944113725, 40.427463231430394 ], [ -3.714132453993201, 40.427783761164306 ], [ -3.714527522241789, 40.428321055097847 ], [ -3.715595782756464, 40.429774009826964 ], [ -3.716195794920183, 40.430602644653334 ], [ -3.716228339682088, 40.430647668298015 ], [ -3.714629542752751, 40.430476670290965 ], [ -3.713523082844121, 40.430360771138908 ], [ -3.71186151904821, 40.430194245610167 ], [ -3.71050358936373, 40.430055200800005 ], [ -3.708826198049883, 40.42988486399868 ], [ -3.707715768368801, 40.429782820946713 ], [ -3.70741332493008, 40.42975501521785 ], [ -3.705805963792365, 40.429605561891407 ], [ -3.703644873577472, 40.429240879949319 ], [ -3.702406307480055, 40.429058852917279 ], [ -3.70166974925238, 40.427245205237369 ], [ -3.701170296199244, 40.426044894204125 ], [ -3.700900982729296, 40.425368414899623 ], [ -3.70075250598354, 40.424908050792972 ], [ -3.700748139961196, 40.424896275426136 ], [ -3.700667007430562, 40.424177485188487 ], [ -3.700661608077781, 40.42392967853403 ], [ -3.70065873994381, 40.423800955940784 ], [ -3.700648886210178, 40.423612366512394 ], [ -3.7006872434822, 40.423128168780799 ], [ -3.700695235208496, 40.423046318319408 ], [ -3.700801651960685, 40.422554951219674 ], [ -3.700916765446844, 40.422049837526167 ], [ -3.700964219696482, 40.421885945738026 ], [ -3.701165554922015, 40.4213294078953 ] ] ] } },
{ "type": "Feature", "properties": { "barrio": "Sol", "distrito": "Centro", "area_km2": 0.445, "n_poi": 42, "diversidad_poi": 3, "n_restaurantes": 1542, "pct_terrazas": 14.7, "accesibilidad_media": 19.9, "densidad_oferta": 3559.6 }, "geometry": { "type": "Polygon", "coordinates": [ [ [ -3.704838169421662, 40.420260430633121 ], [ -3.7015920416093, 40.42001366512612 ], [ -3.701238331900322, 40.420005357844722 ], [ -3.7008005585222, 40.419983775237753 ], [ -3.700356882108183, 40.41991591937159 ], [ -3.699672306767079, 40.419760239438432 ], [ -3.699668049539747, 40.419758913846252 ], [ -3.699732184170664, 40.419293388093593 ], [ -3.699573896417555, 40.418532268549775 ], [ -3.699307694670003, 40.41790144247382 ], [ -3.699555740316208, 40.417803366760467 ], [ -3.699886380230706, 40.417417762462932 ], [ -3.700428483769495, 40.416612316145603 ], [ -3.700564503068627, 40.416441672457132 ], [ -3.700762634360295, 40.416270742246255 ], [ -3.700961010527408, 40.416123503995195 ], [ -3.701208087890991, 40.415955610503261 ], [ -3.701358043949028, 40.415856232977262 ], [ -3.702015076069372, 40.415383598501279 ], [ -3.702543954048537, 40.41497651320477 ], [ -3.703117586946399, 40.414521585548009 ], [ -3.70326844900957, 40.41455508435515 ], [ -3.703361455302153, 40.414601456618435 ], [ -3.703434294890045, 40.414703176054886 ], [ -3.703928156315145, 40.41430782902993 ], [ -3.704617537604166, 40.413988527541072 ], [ -3.70473055098687, 40.413946497128826 ], [ -3.704821444653254, 40.41393384301584 ], [ -3.704930942113319, 40.413934184467941 ], [ -3.705560573276503, 40.413969673744553 ], [ -3.70608054939392, 40.413989695006116 ], [ -3.706344057645895, 40.413957836685675 ], [ -3.707392154319603, 40.413628327486769 ], [ -3.70747811434184, 40.413519333506258 ], [ -3.707725054931551, 40.413577192707976 ], [ -3.708258675090409, 40.413717172502743 ], [ -3.708115945678609, 40.414111202398942 ], [ -3.708031861076197, 40.4145228901642 ], [ -3.70818788728074, 40.414745179589517 ], [ -3.70843177393605, 40.415287023590984 ], [ -3.708482084377038, 40.415319058674427 ], [ -3.708547409707791, 40.415321631337854 ], [ -3.708608993791327, 40.415327110688956 ], [ -3.708811444251622, 40.415581367966695 ], [ -3.708683711776983, 40.415968090254637 ], [ -3.708755316190798, 40.416332879685271 ], [ -3.708636066582533, 40.416373833318737 ], [ -3.708685316496226, 40.416760344541501 ], [ -3.708687392988903, 40.416778620166426 ], [ -3.708725549728781, 40.417022712357628 ], [ -3.708702927217361, 40.41711339188786 ], [ -3.708674200648624, 40.417217712478511 ], [ -3.708579620691313, 40.417797484244041 ], [ -3.708781262469537, 40.417827960974272 ], [ -3.708525435809907, 40.418273043126057 ], [ -3.708473543423933, 40.418360208258882 ], [ -3.708449798815136, 40.418400173710275 ], [ -3.708188501536068, 40.418886009456266 ], [ -3.708137672520961, 40.419164609965911 ], [ -3.70799991589947, 40.41962932896039 ], [ -3.707914594119859, 40.41986732962701 ], [ -3.70811591485755, 40.420237721289283 ], [ -3.706338629019826, 40.420173085758499 ], [ -3.70593068010655, 40.420287376822067 ], [ -3.705573249325063, 40.420295411886123 ], [ -3.705260615235762, 40.4202925419251 ], [ -3.704838169421662, 40.420260430633121 ] ] ] } },
{ "type": "Feature", "properties": { "barrio": "Imperial", "distrito": "Arganzuela", "area_km2": 0.968, "n_poi": 5, "diversidad_poi": 4, "n_restaurantes": 696, "pct_terrazas": 10.2, "accesibilidad_media": 1.5, "densidad_oferta": 724.2 }, "geometry": { "type": "Polygon", "coordinates": [ [ [ -3.714367016766157, 40.400887843311359 ], [ -3.714899239190435, 40.399667957225994 ], [ -3.715901289004857, 40.39991879233245 ], [ -3.716419776436615, 40.399984953464802 ], [ -3.716774244578055, 40.399996723401564 ], [ -3.717073861207174, 40.399980902532114 ], [ -3.717309893328182, 40.399958629373053 ], [ -3.71896326402902, 40.399833413953885 ], [ -3.719007300692487, 40.399830077946561 ], [ -3.719316211507032, 40.399835095402224 ], [ -3.719734706717527, 40.399895016784093 ], [ -3.719989696620786, 40.399948926014787 ], [ -3.720354569939989, 40.400085575885122 ], [ -3.72113131581165, 40.400511372732417 ], [ -3.721708181128468, 40.400945348157833 ], [ -3.721835398642669, 40.401150231791554 ], [ -3.721948708478693, 40.401332770454729 ], [ -3.72221881905367, 40.401963162860007 ], [ -3.722251581166425, 40.402073679555954 ], [ -3.722397786078792, 40.402566285141887 ], [ -3.722579204500176, 40.403785174314763 ], [ -3.722657590468341, 40.404182873896765 ], [ -3.722720742513611, 40.404545365734997 ], [ -3.722742897665067, 40.405217754988797 ], [ -3.72264863954316, 40.405825914730904 ], [ -3.722366875986331, 40.406742636617729 ], [ -3.72226126769054, 40.407050233866137 ], [ -3.722218864617655, 40.407173743464426 ], [ -3.721822842567626, 40.408505412698794 ], [ -3.722611132008229, 40.411378891861325 ], [ -3.722764982438257, 40.411713609007393 ], [ -3.722871125541011, 40.411907361502976 ], [ -3.722900467593465, 40.411972944968554 ], [ -3.722918456511334, 40.412013012827806 ], [ -3.722924823334732, 40.412365768061171 ], [ -3.72292493227335, 40.412375947598804 ], [ -3.722953860062372, 40.413989290631932 ], [ -3.720495414802149, 40.4139524575968 ], [ -3.719637817421011, 40.41393959503381 ], [ -3.719431977535447, 40.413934838195594 ], [ -3.716939429043714, 40.413916071527055 ], [ -3.717851611322195, 40.412077522475165 ], [ -3.718338020646228, 40.411112695717158 ], [ -3.716770459043321, 40.408697624320233 ], [ -3.715231600747346, 40.408082364467191 ], [ -3.713693111136358, 40.407443568993777 ], [ -3.712048179493894, 40.406744055900333 ], [ -3.711677992972163, 40.406664260760948 ], [ -3.712543326664994, 40.404748020213212 ], [ -3.713213679958354, 40.403321538702492 ], [ -3.714367016766157, 40.400887843311359 ] ] ] } },
{ "type": "Feature", "properties": { "barrio": "Acacias", "distrito": "Arganzuela", "area_km2": 1.073, "n_poi": 9, "diversidad_poi": 3, "n_restaurantes": 1240, "pct_terrazas": 8.6, "accesibilidad_media": 5.4, "densidad_oferta": 1164.0 }, "geometry": { "type": "Polygon", "coordinates": [ [ [ -3.703885832387637, 40.40519748612806 ], [ -3.702972284175709, 40.405062947654699 ], [ -3.702552444526875, 40.405068199458654 ], [ -3.701704882930644, 40.403944863986759 ], [ -3.700615260506082, 40.402579111812472 ], [ -3.699618905833198, 40.401294228423787 ], [ -3.699336679226066, 40.401032597988674 ], [ -3.699700294216389, 40.400538865218458 ], [ -3.700443756111418, 40.399731838690762 ], [ -3.701051195712784, 40.399058956431723 ], [ -3.701589030201053, 40.398472174064807 ], [ -3.702085012336982, 40.397938095909225 ], [ -3.702185250713117, 40.397854783946357 ], [ -3.702283852107844, 40.397772834100117 ], [ -3.703246620155678, 40.396780582841046 ], [ -3.704640740335097, 40.395233981686275 ], [ -3.707343988055145, 40.395894795102286 ], [ -3.708228801313978, 40.396109296804923 ], [ -3.708785669849801, 40.396276969642685 ], [ -3.709698106227342, 40.396551651516866 ], [ -3.710294369104447, 40.396800698346105 ], [ -3.710804236648572, 40.397013606291445 ], [ -3.711386617335389, 40.397331291808804 ], [ -3.712164564374079, 40.397890747314584 ], [ -3.712737202489424, 40.398355964397773 ], [ -3.713184007248805, 40.398743846177133 ], [ -3.713447525866045, 40.398959250737107 ], [ -3.714053408842495, 40.3993461483389 ], [ -3.714899239190435, 40.399667957225994 ], [ -3.714367016766157, 40.400887843311359 ], [ -3.713213679958354, 40.403321538702492 ], [ -3.712543326664994, 40.404748020213212 ], [ -3.711677992972163, 40.406664260760948 ], [ -3.711283174806116, 40.406561822151552 ], [ -3.70991378339443, 40.406329867574421 ], [ -3.70953775654748, 40.40627703760277 ], [ -3.708402911664316, 40.406068671604082 ], [ -3.707097247320553, 40.405799635278122 ], [ -3.706507332347718, 40.405678093878571 ], [ -3.703885832387637, 40.40519748612806 ] ] ] } },
{ "type": "Feature", "properties": { "barrio": "Chopera", "distrito": "Arganzuela", "area_km2": 0.568, "n_poi": 6, "diversidad_poi": 4, "n_restaurantes": 651, "pct_terrazas": 6.9, "accesibilidad_media": 5.1, "densidad_oferta": 1156.7 }, "geometry": { "type": "Polygon", "coordinates": [ [ [ -3.695110930205004, 40.391145805228227 ], [ -3.698090402457372, 40.389096050664179 ], [ -3.699556930210574, 40.390646400130294 ], [ -3.70239332998628, 40.393644745947256 ], [ -3.703377004970458, 40.394453013234568 ], [ -3.704399400081601, 40.395084819499331 ], [ -3.704640740335097, 40.395233981686275 ], [ -3.703246620155678, 40.396780582841046 ], [ -3.702283852107844, 40.397772834100117 ], [ -3.702185250713117, 40.397854783946357 ], [ -3.702085012336982, 40.397938095909225 ], [ -3.701589030201053, 40.398472174064807 ], [ -3.701051195712784, 40.399058956431723 ], [ -3.700443756111418, 40.399731838690762 ], [ -3.699700294216389, 40.400538865218458 ], [ -3.699336679226066, 40.401032597988674 ], [ -3.699005637457062, 40.400408872168811 ], [ -3.698347662324322, 40.399462339747011 ], [ -3.697895343615389, 40.398770656878106 ], [ -3.696686832194643, 40.397024221365264 ], [ -3.696201468511232, 40.396348756846081 ], [ -3.695892619164208, 40.395867097055572 ], [ -3.694748944454038, 40.394216475041794 ], [ -3.694842147655581, 40.393104284525236 ], [ -3.695110930205004, 40.391145805228227 ] ] ] } },
{ "type": "Feature", "properties": { "barrio": "Legazpi", "distrito": "Arganzuela", "area_km2": 1.414, "n_poi": 14, "diversidad_poi": 4, "n_restaurantes": 483, "pct_terrazas": 9.9, "accesibilidad_media": 8.1, "densidad_oferta": 351.5 }, "geometry": { "type": "Polygon", "coordinates": [ [ [ -3.679653995445744, 40.395146754318624 ], [ -3.676444504700013, 40.3923316772524 ], [ -3.677564981113077, 40.391483601522602 ], [ -3.678287968257384, 40.390909455025962 ], [ -3.678717920010203, 40.390499905996379 ], [ -3.679149242174513, 40.38999259866273 ], [ -3.682347548699395, 40.385122445714167 ], [ -3.682726339442833, 40.384650635923592 ], [ -3.682942827076716, 40.384441164510655 ], [ -3.683149838195336, 40.384277340118494 ], [ -3.683349161002325, 40.384139393477618 ], [ -3.683598175775753, 40.384002674382479 ], [ -3.683968589693762, 40.38388347298654 ], [ -3.684310991335427, 40.383789538229806 ], [ -3.684865791727993, 40.383677688698938 ], [ -3.686977170452983, 40.383276086108062 ], [ -3.687453035440855, 40.383163385861053 ], [ -3.68822076297357, 40.382971111990912 ], [ -3.688755661848127, 40.38279453637643 ], [ -3.689114138829836, 40.382657186719257 ], [ -3.689480596532131, 40.382486382625451 ], [ -3.689746062121079, 40.382331135804783 ], [ -3.692151256870423, 40.384105746183636 ], [ -3.694637941873022, 40.386169005378868 ], [ -3.695618591080994, 40.386982623266753 ], [ -3.698090402457372, 40.389096050664179 ], [ -3.695110930205004, 40.391145805228227 ], [ -3.694791058246325, 40.391239619414264 ], [ -3.693235541655212, 40.391745972211169 ], [ -3.693054947034446, 40.391806159762417 ], [ -3.690815811693289, 40.392550324136629 ], [ -3.690804180385458, 40.392554189151497 ], [ -3.688882859683685, 40.393192682801171 ], [ -3.688962771040356, 40.393347718788718 ], [ -3.688061320768634, 40.393655193340393 ], [ -3.687963642958812, 40.393702233468012 ], [ -3.687865006483638, 40.393769828032944 ], [ -3.687773829667702, 40.393862095462943 ], [ -3.687136654589527, 40.392757497850575 ], [ -3.686353663867755, 40.393191601227279 ], [ -3.68603824507294, 40.393366446538941 ], [ -3.684692058491492, 40.394149084263795 ], [ -3.68468997924841, 40.394150292981948 ], [ -3.684489256871994, 40.393841837350038 ], [ -3.683961309888407, 40.393030804098082 ], [ -3.68351137997159, 40.393280849526136 ], [ -3.682404000024871, 40.393896212301549 ], [ -3.681840256159827, 40.394195119637125 ], [ -3.681281312922803, 40.394491384202119 ], [ -3.68121109958338, 40.394527833301851 ], [ -3.681150732544725, 40.394559179270537 ], [ -3.680645474223312, 40.394769538208109 ], [ -3.680156434168732, 40.394952682199353 ], [ -3.679974129670701, 40.395020960357208 ], [ -3.67992415379107, 40.395042876033024 ], [ -3.679653995445744, 40.395146754318624 ] ] ] } },
{ "type": "Feature", "properties": { "barrio": "Delicias", "distrito": "Arganzuela", "area_km2": 1.055, "n_poi": 9, "diversidad_poi": 3, "n_restaurantes": 823, "pct_terrazas": 8.0, "accesibilidad_media": 7.0, "densidad_oferta": 788.6 }, "geometry": { "type": "Polygon", "coordinates": [ [ [ -3.696167154500605, 40.400923866984996 ], [ -3.693977416434347, 40.400773592231175 ], [ -3.693827590035826, 40.400848996383857 ], [ -3.69267833916748, 40.400796871131774 ], [ -3.69244620225951, 40.40078636687219 ], [ -3.692340791997018, 40.400780421466159 ], [ -3.690971753780144, 40.40070355704281 ], [ -3.685483631655658, 40.400399815345629 ], [ -3.682501823941206, 40.397729527871157 ], [ -3.679778884766914, 40.395265599537062 ], [ -3.679653995445744, 40.395146754318624 ], [ -3.67992415379107, 40.395042876033024 ], [ -3.679974129670701, 40.395020960357208 ], [ -3.680156434168732, 40.394952682199353 ], [ -3.680645474223312, 40.394769538208109 ], [ -3.681150732544725, 40.394559179270537 ], [ -3.68121109958338, 40.394527833301851 ], [ -3.681281312922803, 40.394491384202119 ], [ -3.681840256159827, 40.394195119637125 ], [ -3.682404000024871, 40.393896212301549 ], [ -3.68351137997159, 40.393280849526136 ], [ -3.683961309888407, 40.393030804098082 ], [ -3.684489256871994, 40.393841837350038 ], [ -3.68468997924841, 40.394150292981948 ], [ -3.684692058491492, 40.394149084263795 ], [ -3.68603824507294, 40.393366446538941 ], [ -3.686353663867755, 40.393191601227279 ], [ -3.687136654589527, 40.392757497850575 ], [ -3.687773829667702, 40.393862095462943 ], [ -3.687865006483638, 40.393769828032944 ], [ -3.687963642958812, 40.393702233468012 ], [ -3.688061320768634, 40.393655193340393 ], [ -3.688962771040356, 40.393347718788718 ], [ -3.688882859683685, 40.393192682801171 ], [ -3.690804180385458, 40.392554189151497 ], [ -3.690815811693289, 40.392550324136629 ], [ -3.693054947034446, 40.391806159762417 ], [ -3.693235541655212, 40.391745972211169 ], [ -3.694791058246325, 40.391239619414264 ], [ -3.695110930205004, 40.391145805228227 ], [ -3.694842147655581, 40.393104284525236 ], [ -3.694748944454038, 40.394216475041794 ], [ -3.695892619164208, 40.395867097055572 ], [ -3.696201468511232, 40.396348756846081 ], [ -3.696686832194643, 40.397024221365264 ], [ -3.697895343615389, 40.398770656878106 ], [ -3.698347662324322, 40.399462339747011 ], [ -3.699005637457062, 40.400408872168811 ], [ -3.699336679226066, 40.401032597988674 ], [ -3.696167154500605, 40.400923866984996 ] ] ] } },
{ "type": "Feature", "properties": { "barrio": "Palos de la Frontera", "distrito": "Arganzuela", "area_km2": 0.648, "n_poi": 6, "diversidad_poi": 5, "n_restaurantes": 1197, "pct_terrazas": 8.4, "accesibilidad_media": 10.8, "densidad_oferta": 1856.5 }, "geometry": { "type": "Polygon", "coordinates": [ [ [ -3.69295771627234, 40.407197407552466 ], [ -3.691247454207962, 40.405596631833156 ], [ -3.690693328820299, 40.405077954524103 ], [ -3.690586717849338, 40.404978229447032 ], [ -3.6867167415278, 40.401505389977807 ], [ -3.685483631655658, 40.400399815345629 ], [ -3.690971753780144, 40.40070355704281 ], [ -3.692340791997018, 40.400780421466159 ], [ -3.69244620225951, 40.40078636687219 ], [ -3.69267833916748, 40.400796871131774 ], [ -3.693827590035826, 40.400848996383857 ], [ -3.693977416434347, 40.400773592231175 ], [ -3.696167154500605, 40.400923866984996 ], [ -3.699336679226066, 40.401032597988674 ], [ -3.699618905833198, 40.401294228423787 ], [ -3.700615260506082, 40.402579111812472 ], [ -3.701704882930644, 40.403944863986759 ], [ -3.702552444526875, 40.405068199458654 ], [ -3.701001504462344, 40.405496342308901 ], [ -3.700984480297529, 40.405501041944348 ], [ -3.700081217060121, 40.405733538406402 ], [ -3.699377309518715, 40.40592797597742 ], [ -3.697942604693251, 40.40632753938889 ], [ -3.697874925626585, 40.406347226392576 ], [ -3.695411106651896, 40.40699701627571 ], [ -3.695288905239114, 40.406952344625594 ], [ -3.694104837242087, 40.407272606599214 ], [ -3.693965754713818, 40.407293891120851 ], [ -3.693903085128985, 40.407285168095619 ], [ -3.693849281779331, 40.407256030453624 ], [ -3.693677073806337, 40.407127242282435 ], [ -3.693227430851549, 40.406985700371926 ], [ -3.693201773536808, 40.407195946395198 ], [ -3.693161585718333, 40.407345287278872 ], [ -3.693010447361664, 40.407570157594755 ], [ -3.693011290408651, 40.407537449653987 ], [ -3.693013690611779, 40.407438245516126 ], [ -3.693000063307024, 40.4072700370468 ], [ -3.692977750378426, 40.407231792182699 ], [ -3.69296767486192, 40.407214645263764 ], [ -3.69295771627234, 40.407197407552466 ] ] ] } },
{ "type": "Feature", "properties": { "barrio": "Atocha", "distrito": "Arganzuela", "area_km2": 0.736, "n_poi": 1, "diversidad_poi": 1, "n_restaurantes": 44, "pct_terrazas": 13.6, "accesibilidad_media": 8.6, "densidad_oferta": 61.1 }, "geometry": { "type": "Polygon", "coordinates": [ [ [ -3.69150703314165, 40.408149513471955 ], [ -3.691396909073683, 40.408110170919073 ], [ -3.691177848297579, 40.407986343910039 ], [ -3.690823695244275, 40.407755393370586 ], [ -3.690251416641701, 40.407330065511879 ], [ -3.690213140519058, 40.407355699561442 ], [ -3.689878277262635, 40.407120487665672 ], [ -3.689161791484663, 40.406721329244945 ], [ -3.688869450695971, 40.406541086481937 ], [ -3.688616483416002, 40.406385023041857 ], [ -3.687788318208349, 40.405629581970167 ], [ -3.686696468742951, 40.404634616742989 ], [ -3.684666315401863, 40.403227894499267 ], [ -3.684635795197362, 40.403216452618082 ], [ -3.682599449839203, 40.402389996399123 ], [ -3.682521708725444, 40.402358472215568 ], [ -3.682511794897749, 40.402356998291928 ], [ -3.682462461486066, 40.402349631774143 ], [ -3.682368440154372, 40.402351356959478 ], [ -3.682292504483994, 40.402370362856317 ], [ -3.682075124158289, 40.402269299629857 ], [ -3.681213889141736, 40.401868328043626 ], [ -3.680610530909295, 40.401587188159887 ], [ -3.680076087162668, 40.401338343629376 ], [ -3.679634410853524, 40.401056608798797 ], [ -3.679601913802284, 40.401035898754429 ], [ -3.679042373656343, 40.400798366356739 ], [ -3.676795653412182, 40.398954022174166 ], [ -3.676294559261485, 40.39866649599896 ], [ -3.67595047652219, 40.398407511356076 ], [ -3.675698767315196, 40.398217896364315 ], [ -3.675051657012109, 40.39753814993616 ], [ -3.674954826512928, 40.397387721199777 ], [ -3.674430817687244, 40.396572928912548 ], [ -3.673521061962144, 40.394317300070313 ], [ -3.673519853206419, 40.394314244021643 ], [ -3.674540750551879, 40.393749289163544 ], [ -3.67525665223235, 40.393262952477897 ], [ -3.676444504700013, 40.3923316772524 ], [ -3.679653995445744, 40.395146754318624 ], [ -3.679778884766914, 40.395265599537062 ], [ -3.682501823941206, 40.397729527871157 ], [ -3.685483631655658, 40.400399815345629 ], [ -3.6867167415278, 40.401505389977807 ], [ -3.690586717849338, 40.404978229447032 ], [ -3.690693328820299, 40.405077954524103 ], [ -3.691247454207962, 40.405596631833156 ], [ -3.69295771627234, 40.407197407552466 ], [ -3.69296767486192, 40.407214645263764 ], [ -3.692977750378426, 40.407231792182699 ], [ -3.693000063307024, 40.4072700370468 ], [ -3.693013690611779, 40.407438245516126 ], [ -3.693011290408651, 40.407537449653987 ], [ -3.693010447361664, 40.407570157594755 ], [ -3.692969222224916, 40.407618422969662 ], [ -3.692968756382946, 40.407618966305222 ], [ -3.69283506403918, 40.407775353059364 ], [ -3.692560911832768, 40.408002850840077 ], [ -3.691855396243386, 40.408435992341921 ], [ -3.69150703314165, 40.408149513471955 ] ] ] } },
{ "type": "Feature", "properties": { "barrio": "Pacífico", "distrito": "Retiro", "area_km2": 0.758, "n_poi": 9, "diversidad_poi": 5, "n_restaurantes": 1300, "pct_terrazas": 8.3, "accesibilidad_media": 6.2, "densidad_oferta": 1726.9 }, "geometry": { "type": "Polygon", "coordinates": [ [ [ -3.670238377254577, 40.406530045815273 ], [ -3.670263990239162, 40.406391427956898 ], [ -3.670331014082704, 40.40626923769485 ], [ -3.670428183220515, 40.406120836392951 ], [ -3.670540665739459, 40.405995499508066 ], [ -3.670690778363213, 40.405826431335669 ], [ -3.670792265988402, 40.405721428385093 ], [ -3.670889659858584, 40.405607710300096 ], [ -3.671002378140907, 40.405482550871326 ], [ -3.672161030328802, 40.40419834656138 ], [ -3.672436533929119, 40.40388809745955 ], [ -3.673037294031202, 40.403211268525915 ], [ -3.673911723510942, 40.402279150682304 ], [ -3.674834325336852, 40.401299807709918 ], [ -3.675921120475233, 40.400000005078255 ], [ -3.676795653412182, 40.398954022174166 ], [ -3.679042373656343, 40.400798366356739 ], [ -3.679601913802284, 40.401035898754429 ], [ -3.679634410853524, 40.401056608798797 ], [ -3.680076087162668, 40.401338343629376 ], [ -3.680610530909295, 40.401587188159887 ], [ -3.681213889141736, 40.401868328043626 ], [ -3.682075124158289, 40.402269299629857 ], [ -3.682292504483994, 40.402370362856317 ], [ -3.682368440154372, 40.402351356959478 ], [ -3.682462461486066, 40.402349631774143 ], [ -3.682511794897749, 40.402356998291928 ], [ -3.682521708725444, 40.402358472215568 ], [ -3.682599449839203, 40.402389996399123 ], [ -3.684635795197362, 40.403216452618082 ], [ -3.684666315401863, 40.403227894499267 ], [ -3.686696468742951, 40.404634616742989 ], [ -3.687788318208349, 40.405629581970167 ], [ -3.688616483416002, 40.406385023041857 ], [ -3.688869450695971, 40.406541086481937 ], [ -3.688786988324357, 40.406671578529547 ], [ -3.688615446045574, 40.406988726510065 ], [ -3.687264724028763, 40.406579223686386 ], [ -3.686501602867065, 40.406427085046282 ], [ -3.686222930389423, 40.406391988627192 ], [ -3.685946846222869, 40.406377091618779 ], [ -3.685604322106548, 40.406395517865796 ], [ -3.685313552861493, 40.406438861731729 ], [ -3.68341966526382, 40.406739604844617 ], [ -3.682005456585277, 40.406962355655466 ], [ -3.680015899820948, 40.407315496825426 ], [ -3.678826391202628, 40.407500853467965 ], [ -3.677552440712453, 40.40742236588472 ], [ -3.675278699693352, 40.407209155477034 ], [ -3.675076040711418, 40.407190155889246 ], [ -3.673811244711497, 40.407071393166447 ], [ -3.672265317314515, 40.406911094477458 ], [ -3.67021466717239, 40.406658652568922 ], [ -3.670238377254577, 40.406530045815273 ] ] ] } },
{ "type": "Feature", "properties": { "barrio": "Adelfas", "distrito": "Retiro", "area_km2": 0.641, "n_poi": 5, "diversidad_poi": 2, "n_restaurantes": 476, "pct_terrazas": 6.3, "accesibilidad_media": 7.9, "densidad_oferta": 750.4 }, "geometry": { "type": "Polygon", "coordinates": [ [ [ -3.672924359976891, 40.394671220408682 ], [ -3.673519853206419, 40.394314244021643 ], [ -3.673521061962144, 40.394317300070313 ], [ -3.674430817687244, 40.396572928912548 ], [ -3.674954826512928, 40.397387721199777 ], [ -3.675051657012109, 40.39753814993616 ], [ -3.675698767315196, 40.398217896364315 ], [ -3.67595047652219, 40.398407511356076 ], [ -3.676294559261485, 40.39866649599896 ], [ -3.676795653412182, 40.398954022174166 ], [ -3.675921120475233, 40.400000005078255 ], [ -3.674834325336852, 40.401299807709918 ], [ -3.673911723510942, 40.402279150682304 ], [ -3.673037294031202, 40.403211268525915 ], [ -3.672436533929119, 40.40388809745955 ], [ -3.672161030328802, 40.40419834656138 ], [ -3.671002378140907, 40.405482550871326 ], [ -3.670889659858584, 40.405607710300096 ], [ -3.670792265988402, 40.405721428385093 ], [ -3.670690778363213, 40.405826431335669 ], [ -3.670540665739459, 40.405995499508066 ], [ -3.670428183220515, 40.406120836392951 ], [ -3.670331014082704, 40.40626923769485 ], [ -3.670263990239162, 40.406391427956898 ], [ -3.670238377254577, 40.406530045815273 ], [ -3.67021466717239, 40.406658652568922 ], [ -3.668979232508198, 40.406622999718181 ], [ -3.665210512290004, 40.406340197330415 ], [ -3.665565417690779, 40.405556080200164 ], [ -3.666330439627602, 40.403864551295541 ], [ -3.666694186361396, 40.402892089807139 ], [ -3.666784620645087, 40.402622017698597 ], [ -3.668276465923432, 40.399635287796073 ], [ -3.669257455406611, 40.398323667575418 ], [ -3.669626696456631, 40.397829907839075 ], [ -3.670055019223626, 40.397388868936638 ], [ -3.670396081259365, 40.397072748915789 ], [ -3.670963092304665, 40.39657315422081 ], [ -3.671080949828569, 40.396435191655527 ], [ -3.672043430795839, 40.395308503132824 ], [ -3.672924359976891, 40.394671220408682 ] ] ] } },
{ "type": "Feature", "properties": { "barrio": "Estrella", "distrito": "Retiro", "area_km2": 1.026, "n_poi": 4, "diversidad_poi": 2, "n_restaurantes": 432, "pct_terrazas": 4.6, "accesibilidad_media": 4.5, "densidad_oferta": 425.0 }, "geometry": { "type": "Polygon", "coordinates": [ [ [ -3.665151426625898, 40.406455762356046 ], [ -3.665210512290004, 40.406340197330415 ], [ -3.668979232508198, 40.406622999718181 ], [ -3.67021466717239, 40.406658652568922 ], [ -3.670031260473993, 40.408486482243966 ], [ -3.669931467950758, 40.409821123672856 ], [ -3.669814072826962, 40.411389921207643 ], [ -3.669736432024665, 40.412427494896946 ], [ -3.669699696116741, 40.412918790600457 ], [ -3.669552581850033, 40.414522534158912 ], [ -3.669394252443516, 40.416303550126749 ], [ -3.669386571669925, 40.416372963408001 ], [ -3.669364601682889, 40.41657047986601 ], [ -3.669247775749644, 40.417949090706934 ], [ -3.66903989993466, 40.420739405315175 ], [ -3.668996037440473, 40.421190561912567 ], [ -3.665024411158175, 40.420208292597934 ], [ -3.66291663703438, 40.419662625548128 ], [ -3.658695477181209, 40.418674358705587 ], [ -3.6589713086209, 40.417442602365128 ], [ -3.65944206138891, 40.416546674942879 ], [ -3.660585328436361, 40.414695734082393 ], [ -3.661053849449352, 40.413937289868059 ], [ -3.66115945600449, 40.413768668846892 ], [ -3.661482193235793, 40.413253579382136 ], [ -3.662487511553607, 40.411649084304173 ], [ -3.662534277914133, 40.411574492462094 ], [ -3.662916757001455, 40.410964100962808 ], [ -3.662917216930351, 40.410962928048399 ], [ -3.663389659051943, 40.409900665842031 ], [ -3.663763404218498, 40.409170772108247 ], [ -3.664094464012118, 40.408523284063428 ], [ -3.665151426625898, 40.406455762356046 ] ] ] } },
{ "type": "Feature", "properties": { "barrio": "Ibiza", "distrito": "Retiro", "area_km2": 0.492, "n_poi": 1, "diversidad_poi": 1, "n_restaurantes": 1206, "pct_terrazas": 13.5, "accesibilidad_media": 4.5, "densidad_oferta": 2453.3 }, "geometry": { "type": "Polygon", "coordinates": [ [ [ -3.669247775749644, 40.417949090706934 ], [ -3.669364601682889, 40.41657047986601 ], [ -3.671560998665873, 40.41668037868979 ], [ -3.671593134479487, 40.416379741019618 ], [ -3.674790762089734, 40.415940703377309 ], [ -3.674962377783931, 40.415917180799781 ], [ -3.674978974628434, 40.415914921735244 ], [ -3.676415481363512, 40.415708439884519 ], [ -3.677769663602509, 40.415463141555215 ], [ -3.67834798453931, 40.417065696124418 ], [ -3.678440606915645, 40.41733335385856 ], [ -3.679249315038506, 40.419571519565146 ], [ -3.679589578445146, 40.420529786863419 ], [ -3.679760319291252, 40.421050859891089 ], [ -3.679960621352551, 40.42166283927579 ], [ -3.679430007969733, 40.421681719184399 ], [ -3.678969156236378, 40.421674962568602 ], [ -3.67893165350172, 40.421673109825818 ], [ -3.677520161764099, 40.42161191774769 ], [ -3.675997779175861, 40.421541701872833 ], [ -3.674388400742201, 40.421460831044712 ], [ -3.67283499736345, 40.421386523797423 ], [ -3.668996037440473, 40.421190561912567 ], [ -3.66903989993466, 40.420739405315175 ], [ -3.669247775749644, 40.417949090706934 ] ] ] } },
{ "type": "Feature", "properties": { "barrio": "Los Jerónimos", "distrito": "Retiro", "area_km2": 1.906, "n_poi": 38, "diversidad_poi": 5, "n_restaurantes": 499, "pct_terrazas": 9.2, "accesibilidad_media": 3.9, "densidad_oferta": 281.7 }, "geometry": { "type": "Polygon", "coordinates": [ [ [ -3.678826391202628, 40.407500853467965 ], [ -3.680015899820948, 40.407315496825426 ], [ -3.682005456585277, 40.406962355655466 ], [ -3.68341966526382, 40.406739604844617 ], [ -3.685313552861493, 40.406438861731729 ], [ -3.685604322106548, 40.406395517865796 ], [ -3.685946846222869, 40.406377091618779 ], [ -3.686222930389423, 40.406391988627192 ], [ -3.686501602867065, 40.406427085046282 ], [ -3.687264724028763, 40.406579223686386 ], [ -3.688615446045574, 40.406988726510065 ], [ -3.688786988324357, 40.406671578529547 ], [ -3.688869450695971, 40.406541086481937 ], [ -3.689161791484663, 40.406721329244945 ], [ -3.689878277262635, 40.407120487665672 ], [ -3.690213140519058, 40.407355699561442 ], [ -3.690251416641701, 40.407330065511879 ], [ -3.690823695244275, 40.407755393370586 ], [ -3.691177848297579, 40.407986343910039 ], [ -3.691396909073683, 40.408110170919073 ], [ -3.69150703314165, 40.408149513471955 ], [ -3.691855396243386, 40.408435992341921 ], [ -3.692025186405721, 40.408697050650161 ], [ -3.691939911799033, 40.409082067615699 ], [ -3.692217735922002, 40.409707167461178 ], [ -3.692366342583576, 40.410200786577192 ], [ -3.692649581003259, 40.411468288504487 ], [ -3.692897287204159, 40.41263726317505 ], [ -3.693201554993202, 40.414034008004819 ], [ -3.69344138938186, 40.415134649474055 ], [ -3.693639066740117, 40.41588247860777 ], [ -3.693603972404177, 40.416344673060202 ], [ -3.693480561540257, 40.416941541019241 ], [ -3.693166403408977, 40.418477485013028 ], [ -3.692972277236588, 40.418880541225256 ], [ -3.693089157620991, 40.419335339584379 ], [ -3.692191237037012, 40.419511614180486 ], [ -3.688716075984741, 40.419996399362155 ], [ -3.685924004096233, 40.420579018152573 ], [ -3.685872485339269, 40.420589954464916 ], [ -3.685195119588216, 40.4207125253931 ], [ -3.684752012840469, 40.420792804987052 ], [ -3.684585963891672, 40.420819823563392 ], [ -3.68446204341348, 40.420839924906623 ], [ -3.683097984622787, 40.421061762565856 ], [ -3.682443077665984, 40.421168236875339 ], [ -3.681215019589583, 40.421423575723146 ], [ -3.679960621352551, 40.42166283927579 ], [ -3.679760319291252, 40.421050859891089 ], [ -3.679589578445146, 40.420529786863419 ], [ -3.679249315038506, 40.419571519565146 ], [ -3.678440606915645, 40.41733335385856 ], [ -3.67834798453931, 40.417065696124418 ], [ -3.677769663602509, 40.415463141555215 ], [ -3.676859055257381, 40.412923842491054 ], [ -3.676290386664125, 40.411394451956802 ], [ -3.676326964565218, 40.411327932223251 ], [ -3.67689644328302, 40.410290635226694 ], [ -3.67840486959806, 40.408197382159813 ], [ -3.678826391202628, 40.407500853467965 ] ] ] } },
{ "type": "Feature", "properties": { "barrio": "Niño Jesús", "distrito": "Retiro", "area_km2": 0.643, "n_poi": 3, "diversidad_poi": 3, "n_restaurantes": 573, "pct_terrazas": 7.5, "accesibilidad_media": 3.8, "densidad_oferta": 895.8 }, "geometry": { "type": "Polygon", "coordinates": [ [ [ -3.670031260473993, 40.408486482243966 ], [ -3.67021466717239, 40.406658652568922 ], [ -3.672265317314515, 40.406911094477458 ], [ -3.673811244711497, 40.407071393166447 ], [ -3.675076040711418, 40.407190155889246 ], [ -3.675278699693352, 40.407209155477034 ], [ -3.677552440712453, 40.40742236588472 ], [ -3.678826391202628, 40.407500853467965 ], [ -3.67840486959806, 40.408197382159813 ], [ -3.67689644328302, 40.410290635226694 ], [ -3.676326964565218, 40.411327932223251 ], [ -3.676290386664125, 40.411394451956802 ], [ -3.676859055257381, 40.412923842491054 ], [ -3.677769663602509, 40.415463141555215 ], [ -3.676415481363512, 40.415708439884519 ], [ -3.674978974628434, 40.415914921735244 ], [ -3.674962377783931, 40.415917180799781 ], [ -3.674790762089734, 40.415940703377309 ], [ -3.671593134479487, 40.416379741019618 ], [ -3.671560998665873, 40.41668037868979 ], [ -3.669364601682889, 40.41657047986601 ], [ -3.669386571669925, 40.416372963408001 ], [ -3.669394252443516, 40.416303550126749 ], [ -3.669552581850033, 40.414522534158912 ], [ -3.669699696116741, 40.412918790600457 ], [ -3.669736432024665, 40.412427494896946 ], [ -3.669814072826962, 40.411389921207643 ], [ -3.669931467950758, 40.409821123672856 ], [ -3.670031260473993, 40.408486482243966 ] ] ] } },
{ "type": "Feature", "properties": { "barrio": "Recoletos", "distrito": "Salamanca", "area_km2": 0.873, "n_poi": 13, "diversidad_poi": 4, "n_restaurantes": 2420, "pct_terrazas": 5.2, "accesibilidad_media": 9.0, "densidad_oferta": 2786.9 }, "geometry": { "type": "Polygon", "coordinates": [ [ [ -3.692191237037012, 40.419511614180486 ], [ -3.693089157620991, 40.419335339584379 ], [ -3.691312526853594, 40.423144459591342 ], [ -3.690720446107111, 40.424466073532081 ], [ -3.690455035012091, 40.425262368344541 ], [ -3.690064744616392, 40.426626141784929 ], [ -3.689709659043185, 40.427998532452797 ], [ -3.689350475373186, 40.429386712876031 ], [ -3.685993995059037, 40.429234940857867 ], [ -3.684938029661788, 40.429174977407129 ], [ -3.683828040089703, 40.429111987828172 ], [ -3.679841921757424, 40.428924555111102 ], [ -3.679942792338976, 40.427526840293055 ], [ -3.680070736035131, 40.426137165833886 ], [ -3.680174771511977, 40.425007631488576 ], [ -3.680196710768034, 40.424704528489485 ], [ -3.68035005099118, 40.422735872832284 ], [ -3.679960621352551, 40.42166283927579 ], [ -3.681215019589583, 40.421423575723146 ], [ -3.682443077665984, 40.421168236875339 ], [ -3.683097984622787, 40.421061762565856 ], [ -3.68446204341348, 40.420839924906623 ], [ -3.684585963891672, 40.420819823563392 ], [ -3.684752012840469, 40.420792804987052 ], [ -3.685195119588216, 40.4207125253931 ], [ -3.685872485339269, 40.420589954464916 ], [ -3.685924004096233, 40.420579018152573 ], [ -3.688716075984741, 40.419996399362155 ], [ -3.692191237037012, 40.419511614180486 ] ] ] } },
{ "type": "Feature", "properties": { "barrio": "Goya", "distrito": "Salamanca", "area_km2": 0.77, "n_poi": 7, "diversidad_poi": 5, "n_restaurantes": 2099, "pct_terrazas": 8.5, "accesibilidad_media": 12.3, "densidad_oferta": 2735.1 }, "geometry": { "type": "Polygon", "coordinates": [ [ [ -3.668836607849309, 40.422946626467031 ], [ -3.668996037440473, 40.421190561912567 ], [ -3.67283499736345, 40.421386523797423 ], [ -3.674388400742201, 40.421460831044712 ], [ -3.675997779175861, 40.421541701872833 ], [ -3.677520161764099, 40.42161191774769 ], [ -3.67893165350172, 40.421673109825818 ], [ -3.678969156236378, 40.421674962568602 ], [ -3.679430007969733, 40.421681719184399 ], [ -3.679960621352551, 40.42166283927579 ], [ -3.68035005099118, 40.422735872832284 ], [ -3.680196710768034, 40.424704528489485 ], [ -3.680174771511977, 40.425007631488576 ], [ -3.680070736035131, 40.426137165833886 ], [ -3.679942792338976, 40.427526840293055 ], [ -3.679841921757424, 40.428924555111102 ], [ -3.678346672145549, 40.428837826348975 ], [ -3.676923442198937, 40.428773089954014 ], [ -3.675398508278134, 40.428699741023721 ], [ -3.67379402035829, 40.428628275295836 ], [ -3.672280988379483, 40.428541932936675 ], [ -3.671695694728056, 40.428509202468831 ], [ -3.669108350110446, 40.428364359697817 ], [ -3.668689814096015, 40.428123261650519 ], [ -3.668492514784395, 40.42697268382819 ], [ -3.668625843183638, 40.425579025366019 ], [ -3.66869425225497, 40.424677726585237 ], [ -3.668710936873394, 40.424457809477886 ], [ -3.668776595673846, 40.423814634553359 ], [ -3.668787341974126, 40.423709436865394 ], [ -3.668827045823976, 40.423052357864393 ], [ -3.668836607849309, 40.422946626467031 ] ] ] } },
{ "type": "Feature", "properties": { "barrio": "Fuente del Berro", "distrito": "Salamanca", "area_km2": 0.853, "n_poi": 7, "diversidad_poi": 4, "n_restaurantes": 874, "pct_terrazas": 3.8, "accesibilidad_media": 4.2, "densidad_oferta": 1032.8 }, "geometry": { "type": "Polygon", "coordinates": [ [ [ -3.659152434263834, 40.421461954739314 ], [ -3.658695477181209, 40.418674358705587 ], [ -3.66291663703438, 40.419662625548128 ], [ -3.665024411158175, 40.420208292597934 ], [ -3.668996037440473, 40.421190561912567 ], [ -3.668836607849309, 40.422946626467031 ], [ -3.668827045823976, 40.423052357864393 ], [ -3.668787341974126, 40.423709436865394 ], [ -3.668776595673846, 40.423814634553359 ], [ -3.668710936873394, 40.424457809477886 ], [ -3.66869425225497, 40.424677726585237 ], [ -3.668625843183638, 40.425579025366019 ], [ -3.668492514784395, 40.42697268382819 ], [ -3.668689814096015, 40.428123261650519 ], [ -3.667263103299797, 40.428813474559625 ], [ -3.665139994543035, 40.429840556083811 ], [ -3.665014799502318, 40.429901094494397 ], [ -3.663911681353161, 40.430464542536157 ], [ -3.662465496222349, 40.431162556676718 ], [ -3.662242002494654, 40.431214194933553 ], [ -3.662164368771224, 40.431232116243343 ], [ -3.662057539905118, 40.431254529033936 ], [ -3.661845530924878, 40.431299074609186 ], [ -3.660809964859227, 40.431421564583161 ], [ -3.660589040869439, 40.429457952251816 ], [ -3.660111830260668, 40.426938230280761 ], [ -3.65965218093082, 40.424510927857128 ], [ -3.659540493640016, 40.423829398416643 ], [ -3.659152434263834, 40.421461954739314 ] ] ] } },
{ "type": "Feature", "properties": { "barrio": "Guindalera", "distrito": "Salamanca", "area_km2": 1.603, "n_poi": 12, "diversidad_poi": 6, "n_restaurantes": 1765, "pct_terrazas": 3.8, "accesibilidad_media": 7.6, "densidad_oferta": 1108.5 }, "geometry": { "type": "Polygon", "coordinates": [ [ [ -3.667263103299797, 40.428813474559625 ], [ -3.668689814096015, 40.428123261650519 ], [ -3.669108350110446, 40.428364359697817 ], [ -3.670164381039709, 40.429669068159022 ], [ -3.670840183281878, 40.430445248859094 ], [ -3.6719814619501, 40.431756023799295 ], [ -3.673135617652403, 40.433147704151395 ], [ -3.673376669493288, 40.433438374772898 ], [ -3.674820155292049, 40.434859797223055 ], [ -3.675762152745752, 40.435787459137117 ], [ -3.676664812055537, 40.436669667702219 ], [ -3.677425083814903, 40.437412702446885 ], [ -3.677033178612287, 40.437576605687084 ], [ -3.675934438876594, 40.438251969274795 ], [ -3.675306785073869, 40.438627216218485 ], [ -3.675140863549045, 40.438697780007978 ], [ -3.674918665971598, 40.438776191953664 ], [ -3.674740828650491, 40.43883103102749 ], [ -3.674466778950452, 40.438888223098111 ], [ -3.673342494599199, 40.439088299804048 ], [ -3.67234778345482, 40.439267331854438 ], [ -3.671826530639644, 40.439393173226968 ], [ -3.671321027094721, 40.439543164959453 ], [ -3.670928109793233, 40.439685329034859 ], [ -3.670488605168429, 40.439863629588501 ], [ -3.670112541433297, 40.440048734619296 ], [ -3.669792680833829, 40.440220960537523 ], [ -3.66844891604986, 40.44100504809046 ], [ -3.66681829573309, 40.441957873311431 ], [ -3.666114568337079, 40.442373996493046 ], [ -3.665276452907984, 40.442842418614553 ], [ -3.66430342965947, 40.443298725291179 ], [ -3.664269473557374, 40.443311082585382 ], [ -3.662665880993965, 40.443893965707282 ], [ -3.66060152593175, 40.444606303859636 ], [ -3.660120554470811, 40.443944449295749 ], [ -3.65975162825836, 40.443284296470942 ], [ -3.659485053514031, 40.442623651315785 ], [ -3.659354247178911, 40.442136737615193 ], [ -3.65931098607715, 40.441739595712065 ], [ -3.659245257719669, 40.440828795770344 ], [ -3.659238978926894, 40.440680814296499 ], [ -3.659231465640242, 40.440503019103602 ], [ -3.659287552674623, 40.439243327404533 ], [ -3.659301359254984, 40.438930545528855 ], [ -3.659399286621591, 40.438273049094192 ], [ -3.659591482364332, 40.436982221730162 ], [ -3.659601842101927, 40.43692027062157 ], [ -3.659690264976792, 40.43638877503497 ], [ -3.659714668952545, 40.436243680550263 ], [ -3.659825784294296, 40.435585207306808 ], [ -3.659903757530679, 40.435118815362031 ], [ -3.660018312542261, 40.434655728903934 ], [ -3.660192987282316, 40.433938694822565 ], [ -3.660809964859227, 40.431421564583161 ], [ -3.661845530924878, 40.431299074609186 ], [ -3.662057539905118, 40.431254529033936 ], [ -3.662164368771224, 40.431232116243343 ], [ -3.662242002494654, 40.431214194933553 ], [ -3.662465496222349, 40.431162556676718 ], [ -3.663911681353161, 40.430464542536157 ], [ -3.665014799502318, 40.429901094494397 ], [ -3.665139994543035, 40.429840556083811 ], [ -3.667263103299797, 40.428813474559625 ] ] ] } },
{ "type": "Feature", "properties": { "barrio": "Lista", "distrito": "Salamanca", "area_km2": 0.52, "n_poi": 1, "diversidad_poi": 1, "n_restaurantes": 1276, "pct_terrazas": 9.2, "accesibilidad_media": 11.4, "densidad_oferta": 2455.8 }, "geometry": { "type": "Polygon", "coordinates": [ [ [ -3.6791271719993, 40.437444421304811 ], [ -3.678010455638646, 40.437393849109128 ], [ -3.677619028721676, 40.437401014424672 ], [ -3.677609492382018, 40.437401589241695 ], [ -3.677425083814903, 40.437412702446885 ], [ -3.676664812055537, 40.436669667702219 ], [ -3.675762152745752, 40.435787459137117 ], [ -3.674820155292049, 40.434859797223055 ], [ -3.673376669493288, 40.433438374772898 ], [ -3.673135617652403, 40.433147704151395 ], [ -3.6719814619501, 40.431756023799295 ], [ -3.670840183281878, 40.430445248859094 ], [ -3.670164381039709, 40.429669068159022 ], [ -3.669108350110446, 40.428364359697817 ], [ -3.671695694728056, 40.428509202468831 ], [ -3.672280988379483, 40.428541932936675 ], [ -3.67379402035829, 40.428628275295836 ], [ -3.675398508278134, 40.428699741023721 ], [ -3.676923442198937, 40.428773089954014 ], [ -3.678346672145549, 40.428837826348975 ], [ -3.679841921757424, 40.428924555111102 ], [ -3.679632084368184, 40.431373630409794 ], [ -3.679525212977772, 40.432644802530696 ], [ -3.679441366181828, 40.433708899891762 ], [ -3.679357216795423, 40.434778315006398 ], [ -3.679261538316595, 40.43594410404166 ], [ -3.6791271719993, 40.437444421304811 ] ] ] } },
{ "type": "Feature", "properties": { "barrio": "Castellana", "distrito": "Salamanca", "area_km2": 0.773, "n_poi": 12, "diversidad_poi": 3, "n_restaurantes": 1585, "pct_terrazas": 6.8, "accesibilidad_media": 4.0, "densidad_oferta": 2066.0 }, "geometry": { "type": "Polygon", "coordinates": [ [ [ -3.679632084368184, 40.431373630409794 ], [ -3.679841921757424, 40.428924555111102 ], [ -3.683828040089703, 40.429111987828172 ], [ -3.684938029661788, 40.429174977407129 ], [ -3.685993995059037, 40.429234940857867 ], [ -3.689350475373186, 40.429386712876031 ], [ -3.689036616019667, 40.430619666517821 ], [ -3.688454996644933, 40.432904123685738 ], [ -3.688413135162265, 40.433053651567803 ], [ -3.688757681422558, 40.435173769592303 ], [ -3.688778388823647, 40.435204186792056 ], [ -3.689386824702336, 40.436099845668693 ], [ -3.690717509452981, 40.437984558061849 ], [ -3.686258461522863, 40.43779969809583 ], [ -3.685193974860686, 40.437749697877699 ], [ -3.684194129796565, 40.437702637726666 ], [ -3.68311572206586, 40.437651887238019 ], [ -3.681770606188137, 40.437588732321615 ], [ -3.680501702689304, 40.437518350976966 ], [ -3.6791271719993, 40.437444421304811 ], [ -3.679261538316595, 40.43594410404166 ], [ -3.679357216795423, 40.434778315006398 ], [ -3.679441366181828, 40.433708899891762 ], [ -3.679525212977772, 40.432644802530696 ], [ -3.679632084368184, 40.431373630409794 ] ] ] } },
{ "type": "Feature", "properties": { "barrio": "El Viso", "distrito": "Chamartín", "area_km2": 1.709, "n_poi": 6, "diversidad_poi": 4, "n_restaurantes": 1234, "pct_terrazas": 8.2, "accesibilidad_media": 6.5, "densidad_oferta": 725.6 }, "geometry": { "type": "Polygon", "coordinates": [ [ [ -3.67900887865822, 40.438934240022647 ], [ -3.6791271719993, 40.437444421304811 ], [ -3.680501702689304, 40.437518350976966 ], [ -3.681770606188137, 40.437588732321615 ], [ -3.68311572206586, 40.437651887238019 ], [ -3.684194129796565, 40.437702637726666 ], [ -3.685193974860686, 40.437749697877699 ], [ -3.686258461522863, 40.43779969809583 ], [ -3.690717509452981, 40.437984558061849 ], [ -3.691115909503245, 40.43921395405976 ], [ -3.691785834694516, 40.441259234659483 ], [ -3.691258572745276, 40.446214945866821 ], [ -3.691142746643172, 40.447470475921868 ], [ -3.690695071785322, 40.452128719511933 ], [ -3.689246440073769, 40.452042513285569 ], [ -3.685905678089968, 40.451842446405145 ], [ -3.681404198966496, 40.451682900228995 ], [ -3.67876856030766, 40.451681262570048 ], [ -3.677564271605646, 40.45168273056251 ], [ -3.677908178843713, 40.448725485119098 ], [ -3.678139004036844, 40.446663677728345 ], [ -3.678412693247142, 40.444245309581198 ], [ -3.678695941841795, 40.441712835024532 ], [ -3.678806033988444, 40.440735791851694 ], [ -3.67900887865822, 40.438934240022647 ] ] ] } },
{ "type": "Feature", "properties": { "barrio": "Prosperidad", "distrito": "Chamartín", "area_km2": 1.04, "n_poi": 6, "diversidad_poi": 3, "n_restaurantes": 1584, "pct_terrazas": 6.8, "accesibilidad_media": 5.2, "densidad_oferta": 1528.8 }, "geometry": { "type": "Polygon", "coordinates": [ [ [ -3.66681829573309, 40.441957873311431 ], [ -3.66844891604986, 40.44100504809046 ], [ -3.669792680833829, 40.440220960537523 ], [ -3.670112541433297, 40.440048734619296 ], [ -3.670488605168429, 40.439863629588501 ], [ -3.670928109793233, 40.439685329034859 ], [ -3.671321027094721, 40.439543164959453 ], [ -3.671826530639644, 40.439393173226968 ], [ -3.67234778345482, 40.439267331854438 ], [ -3.673342494599199, 40.439088299804048 ], [ -3.674466778950452, 40.438888223098111 ], [ -3.674740828650491, 40.43883103102749 ], [ -3.674918665971598, 40.438776191953664 ], [ -3.675140863549045, 40.438697780007978 ], [ -3.675306785073869, 40.438627216218485 ], [ -3.675934438876594, 40.438251969274795 ], [ -3.677033178612287, 40.437576605687084 ], [ -3.677425083814903, 40.437412702446885 ], [ -3.677609492382018, 40.437401589241695 ], [ -3.677619028721676, 40.437401014424672 ], [ -3.678010455638646, 40.437393849109128 ], [ -3.6791271719993, 40.437444421304811 ], [ -3.67900887865822, 40.438934240022647 ], [ -3.678806033988444, 40.440735791851694 ], [ -3.678695941841795, 40.441712835024532 ], [ -3.678047921817585, 40.441680505307865 ], [ -3.677114976058743, 40.442089927846503 ], [ -3.677070784520382, 40.442116041646273 ], [ -3.675998679835245, 40.442748342263592 ], [ -3.675894830946026, 40.442834172937943 ], [ -3.674450187604485, 40.4439485448978 ], [ -3.67392169091111, 40.44436270462748 ], [ -3.673855003456087, 40.44440354293306 ], [ -3.67257069932886, 40.445190201565758 ], [ -3.671468637614375, 40.445878851433825 ], [ -3.670681068611404, 40.446379362996211 ], [ -3.670552501671821, 40.446471008827544 ], [ -3.669650765003833, 40.447113706136385 ], [ -3.668529334061863, 40.44798415262715 ], [ -3.668207165779093, 40.448186644104631 ], [ -3.667862696234547, 40.448352234718548 ], [ -3.666424206429204, 40.449135929071282 ], [ -3.666294084747085, 40.449250372790637 ], [ -3.6649211359361, 40.450418357717524 ], [ -3.665049491297506, 40.450578972360184 ], [ -3.665373528738627, 40.451329816010826 ], [ -3.665541593796591, 40.451714166146218 ], [ -3.665627349311711, 40.452098989999762 ], [ -3.665642971282508, 40.452475296932768 ], [ -3.663127745240485, 40.453161711177252 ], [ -3.662897362855458, 40.451726450264808 ], [ -3.662840452693465, 40.451371279621689 ], [ -3.662582063777866, 40.45014509789825 ], [ -3.66233732371064, 40.449107125326059 ], [ -3.662293002505721, 40.448952782934327 ], [ -3.66215514835856, 40.44847194851441 ], [ -3.661883689354072, 40.447678362801049 ], [ -3.661688218119849, 40.446984972923119 ], [ -3.661476432161474, 40.446383387699107 ], [ -3.66119505334381, 40.445670847818775 ], [ -3.66060152593175, 40.444606303859636 ], [ -3.662665880993965, 40.443893965707282 ], [ -3.664269473557374, 40.443311082585382 ], [ -3.66430342965947, 40.443298725291179 ], [ -3.665276452907984, 40.442842418614553 ], [ -3.666114568337079, 40.442373996493046 ], [ -3.66681829573309, 40.441957873311431 ] ] ] } },
{ "type": "Feature", "properties": { "barrio": "Ciudad Jardín", "distrito": "Chamartín", "area_km2": 0.762, "n_poi": 8, "diversidad_poi": 5, "n_restaurantes": 1151, "pct_terrazas": 3.9, "accesibilidad_media": 4.1, "densidad_oferta": 1521.0 }, "geometry": { "type": "Polygon", "coordinates": [ [ [ -3.667453802026331, 40.452347124687954 ], [ -3.66733398319314, 40.452295384100005 ], [ -3.666545979856198, 40.452320733290151 ], [ -3.666331245537102, 40.45234647397811 ], [ -3.666069726233612, 40.452387618075534 ], [ -3.665642971282508, 40.452475296932768 ], [ -3.665627349311711, 40.452098989999762 ], [ -3.665541593796591, 40.451714166146218 ], [ -3.665373528738627, 40.451329816010826 ], [ -3.665049491297506, 40.450578972360184 ], [ -3.6649211359361, 40.450418357717524 ], [ -3.666294084747085, 40.449250372790637 ], [ -3.666424206429204, 40.449135929071282 ], [ -3.667862696234547, 40.448352234718548 ], [ -3.668207165779093, 40.448186644104631 ], [ -3.668529334061863, 40.44798415262715 ], [ -3.669650765003833, 40.447113706136385 ], [ -3.670552501671821, 40.446471008827544 ], [ -3.670681068611404, 40.446379362996211 ], [ -3.671468637614375, 40.445878851433825 ], [ -3.67257069932886, 40.445190201565758 ], [ -3.673855003456087, 40.44440354293306 ], [ -3.67392169091111, 40.44436270462748 ], [ -3.674450187604485, 40.4439485448978 ], [ -3.675894830946026, 40.442834172937943 ], [ -3.675998679835245, 40.442748342263592 ], [ -3.677070784520382, 40.442116041646273 ], [ -3.677114976058743, 40.442089927846503 ], [ -3.678047921817585, 40.441680505307865 ], [ -3.678695941841795, 40.441712835024532 ], [ -3.678412693247142, 40.444245309581198 ], [ -3.678139004036844, 40.446663677728345 ], [ -3.677908178843713, 40.448725485119098 ], [ -3.677564271605646, 40.45168273056251 ], [ -3.674619652578561, 40.451657219831091 ], [ -3.673845377532175, 40.451639026088117 ], [ -3.671104820332402, 40.452246293867027 ], [ -3.670718640195396, 40.4523338468695 ], [ -3.670235756101076, 40.452433399855863 ], [ -3.669975423408122, 40.452463194568061 ], [ -3.669476892678307, 40.452471754104444 ], [ -3.668948359006854, 40.452463457215813 ], [ -3.668486524911533, 40.452426303768327 ], [ -3.668069267039543, 40.452388891758346 ], [ -3.667453802026331, 40.452347124687954 ] ] ] } },
{ "type": "Feature", "properties": { "barrio": "Hispanoamérica", "distrito": "Chamartín", "area_km2": 1.713, "n_poi": 9, "diversidad_poi": 4, "n_restaurantes": 1632, "pct_terrazas": 10.8, "accesibilidad_media": 3.9, "densidad_oferta": 958.0 }, "geometry": { "type": "Polygon", "coordinates": [ [ [ -3.664354653216355, 40.458535409634727 ], [ -3.663806177830862, 40.456816029805722 ], [ -3.663418700880662, 40.455083382381275 ], [ -3.663300524252316, 40.454302705822016 ], [ -3.663127745240485, 40.453161711177252 ], [ -3.665642971282508, 40.452475296932768 ], [ -3.666069726233612, 40.452387618075534 ], [ -3.666331245537102, 40.45234647397811 ], [ -3.666545979856198, 40.452320733290151 ], [ -3.66733398319314, 40.452295384100005 ], [ -3.667453802026331, 40.452347124687954 ], [ -3.668069267039543, 40.452388891758346 ], [ -3.668486524911533, 40.452426303768327 ], [ -3.668948359006854, 40.452463457215813 ], [ -3.669476892678307, 40.452471754104444 ], [ -3.669975423408122, 40.452463194568061 ], [ -3.670235756101076, 40.452433399855863 ], [ -3.670718640195396, 40.4523338468695 ], [ -3.671104820332402, 40.452246293867027 ], [ -3.673845377532175, 40.451639026088117 ], [ -3.674619652578561, 40.451657219831091 ], [ -3.677564271605646, 40.45168273056251 ], [ -3.67876856030766, 40.451681262570048 ], [ -3.681404198966496, 40.451682900228995 ], [ -3.685905678089968, 40.451842446405145 ], [ -3.689246440073769, 40.452042513285569 ], [ -3.690695071785322, 40.452128719511933 ], [ -3.690306637888773, 40.456137448966651 ], [ -3.690027373544117, 40.459046900141217 ], [ -3.688067082921536, 40.458932601409565 ], [ -3.686767796423146, 40.458859945670973 ], [ -3.685565789721244, 40.458796451517067 ], [ -3.685168625604542, 40.458767992995334 ], [ -3.682947961497448, 40.458623995616264 ], [ -3.682901831277729, 40.458622555553106 ], [ -3.681958582360104, 40.458592799252713 ], [ -3.680540151697779, 40.458634027386836 ], [ -3.677773200290487, 40.458655211786798 ], [ -3.676814289640328, 40.458604244124125 ], [ -3.675712975822016, 40.458549689343805 ], [ -3.671952292838764, 40.458457893564798 ], [ -3.671699569022886, 40.458453745323695 ], [ -3.671199317492089, 40.458440891796556 ], [ -3.670818251069728, 40.458465082236309 ], [ -3.67028283953121, 40.458543820466787 ], [ -3.669835752336867, 40.458654320922669 ], [ -3.668287226237753, 40.459073951650943 ], [ -3.664937273898464, 40.460030355279017 ], [ -3.664850561351589, 40.45982454734758 ], [ -3.664354653216355, 40.458535409634727 ] ] ] } },
{ "type": "Feature", "properties": { "barrio": "Nueva España", "distrito": "Chamartín", "area_km2": 1.79, "n_poi": 9, "diversidad_poi": 3, "n_restaurantes": 1054, "pct_terrazas": 9.6, "accesibilidad_media": 3.2, "densidad_oferta": 593.9 }, "geometry": { "type": "Polygon", "coordinates": [ [ [ -3.676274508586584, 40.467703659994875 ], [ -3.674771286465801, 40.467255221133151 ], [ -3.674182558082518, 40.467155275889247 ], [ -3.671629719219806, 40.466194796482057 ], [ -3.668406555454714, 40.466704258709406 ], [ -3.66822785822563, 40.466359523819214 ], [ -3.667721459129683, 40.465380643829697 ], [ -3.664937273898464, 40.460030355279017 ], [ -3.668287226237753, 40.459073951650943 ], [ -3.669835752336867, 40.458654320922669 ], [ -3.67028283953121, 40.458543820466787 ], [ -3.670818251069728, 40.458465082236309 ], [ -3.671199317492089, 40.458440891796556 ], [ -3.671699569022886, 40.458453745323695 ], [ -3.671952292838764, 40.458457893564798 ], [ -3.675712975822016, 40.458549689343805 ], [ -3.676814289640328, 40.458604244124125 ], [ -3.677773200290487, 40.458655211786798 ], [ -3.680540151697779, 40.458634027386836 ], [ -3.681958582360104, 40.458592799252713 ], [ -3.682901831277729, 40.458622555553106 ], [ -3.682947961497448, 40.458623995616264 ], [ -3.685168625604542, 40.458767992995334 ], [ -3.685565789721244, 40.458796451517067 ], [ -3.686767796423146, 40.458859945670973 ], [ -3.688067082921536, 40.458932601409565 ], [ -3.690027373544117, 40.459046900141217 ], [ -3.689885233089099, 40.460578176157824 ], [ -3.68974960542994, 40.461986732103767 ], [ -3.689588967300768, 40.463418050206698 ], [ -3.689344448398758, 40.466038064048497 ], [ -3.684502209472826, 40.467031304129996 ], [ -3.683953434208771, 40.467143826131149 ], [ -3.683569808757424, 40.467222488906138 ], [ -3.683015851422384, 40.467336117280951 ], [ -3.67921142511184, 40.467634984300147 ], [ -3.679049123683031, 40.467635936119692 ], [ -3.679032093589162, 40.467490900733011 ], [ -3.678296713612572, 40.467517927493653 ], [ -3.677274954938257, 40.467748119052374 ], [ -3.676958805194569, 40.467765610696802 ], [ -3.67660507064663, 40.467746018945633 ], [ -3.676464724060412, 40.467740689091229 ], [ -3.676274508586584, 40.467703659994875 ] ] ] } },
{ "type": "Feature", "properties": { "barrio": "Castilla", "distrito": "Chamartín", "area_km2": 2.161, "n_poi": 3, "diversidad_poi": 3, "n_restaurantes": 612, "pct_terrazas": 6.5, "accesibilidad_media": 7.7, "densidad_oferta": 284.6 }, "geometry": { "type": "Polygon", "coordinates": [ [ [ -3.673648187854043, 40.482455502994874 ], [ -3.673682054547033, 40.482190955955893 ], [ -3.673709806121942, 40.482051876167738 ], [ -3.673879802505315, 40.481199987824141 ], [ -3.674038835487029, 40.480427247251455 ], [ -3.674077720908558, 40.480238298205052 ], [ -3.674166851369316, 40.479760032602506 ], [ -3.674199601947167, 40.479566329218635 ], [ -3.674232470038091, 40.479372715223526 ], [ -3.67435915881924, 40.478733600618781 ], [ -3.67439055962079, 40.478357832215153 ], [ -3.674404985828378, 40.478185105798943 ], [ -3.674438393656582, 40.477785123073147 ], [ -3.674432591099482, 40.477204798069671 ], [ -3.674388608485425, 40.476605235537576 ], [ -3.674367383690865, 40.476417521676638 ], [ -3.67436725310498, 40.476416261184234 ], [ -3.674332949596916, 40.476112136867961 ], [ -3.674226300686749, 40.475580867324126 ], [ -3.674182262917354, 40.475447610505555 ], [ -3.674082633486422, 40.475146389601413 ], [ -3.673743249023655, 40.474132600736986 ], [ -3.673564799891668, 40.473746612140232 ], [ -3.673248421828626, 40.47306241740155 ], [ -3.671998961802906, 40.471421750434693 ], [ -3.671106101796094, 40.470249362247948 ], [ -3.668406555454714, 40.466704258709406 ], [ -3.671629719219806, 40.466194796482057 ], [ -3.674182558082518, 40.467155275889247 ], [ -3.674771286465801, 40.467255221133151 ], [ -3.676274508586584, 40.467703659994875 ], [ -3.676464724060412, 40.467740689091229 ], [ -3.67660507064663, 40.467746018945633 ], [ -3.676958805194569, 40.467765610696802 ], [ -3.677274954938257, 40.467748119052374 ], [ -3.678296713612572, 40.467517927493653 ], [ -3.679032093589162, 40.467490900733011 ], [ -3.679049123683031, 40.467635936119692 ], [ -3.67921142511184, 40.467634984300147 ], [ -3.683015851422384, 40.467336117280951 ], [ -3.683569808757424, 40.467222488906138 ], [ -3.683953434208771, 40.467143826131149 ], [ -3.684502209472826, 40.467031304129996 ], [ -3.689344448398758, 40.466038064048497 ], [ -3.689065768042914, 40.467139902093685 ], [ -3.688550458929411, 40.469028282451418 ], [ -3.688309054525587, 40.469912870127708 ], [ -3.687947736618752, 40.471243034500205 ], [ -3.687546223667112, 40.472658751448279 ], [ -3.687122484293102, 40.474152256062865 ], [ -3.687095613595186, 40.474247550413757 ], [ -3.686398955838752, 40.476688795619857 ], [ -3.685618459816999, 40.479593039151403 ], [ -3.685319647389655, 40.480523379218063 ], [ -3.685256788352382, 40.480759385513871 ], [ -3.685141404076839, 40.481236603349778 ], [ -3.68510824829396, 40.481431294989342 ], [ -3.685078736609956, 40.481696873543328 ], [ -3.68510001291047, 40.481944675474878 ], [ -3.685110583858052, 40.481986414330109 ], [ -3.68515177367839, 40.482150314082148 ], [ -3.685228382111197, 40.482293283249511 ], [ -3.685097465804824, 40.482286220674283 ], [ -3.684867273627847, 40.482273889558712 ], [ -3.684825646933563, 40.482276027197827 ], [ -3.684716685522504, 40.482281536713856 ], [ -3.684526595442576, 40.482291309520164 ], [ -3.684254120731865, 40.482332829942088 ], [ -3.683942729309479, 40.482399534811684 ], [ -3.683620914216916, 40.482485399467286 ], [ -3.683329382520129, 40.48257928232475 ], [ -3.682155756697953, 40.482983949563874 ], [ -3.681909396366229, 40.483053238060101 ], [ -3.681427147222827, 40.483188959865693 ], [ -3.681156075379849, 40.483264879795804 ], [ -3.680941125066147, 40.483325242426638 ], [ -3.68079816672092, 40.48336419156329 ], [ -3.680473180852268, 40.483452498551337 ], [ -3.680225176263228, 40.483511072493393 ], [ -3.680064861113661, 40.4835489508134 ], [ -3.679355821481076, 40.483706807107502 ], [ -3.678993792892609, 40.4837724440466 ], [ -3.678678996191688, 40.483818524260201 ], [ -3.678521832542863, 40.483841336993621 ], [ -3.678350835827647, 40.483861437932482 ], [ -3.678294150904988, 40.483868075986557 ], [ -3.678173914617112, 40.483879050877611 ], [ -3.678028219338997, 40.483892517330396 ], [ -3.678001573052851, 40.483894384449492 ], [ -3.677777087543888, 40.483910474018124 ], [ -3.677395130352902, 40.483930546558675 ], [ -3.677343126719486, 40.483933282861592 ], [ -3.677286404514563, 40.483936227872746 ], [ -3.676639410823826, 40.483964245325815 ], [ -3.676363182434392, 40.483973967548671 ], [ -3.675915820204565, 40.483990003561743 ], [ -3.674947592460782, 40.484010877229231 ], [ -3.674468460382029, 40.484023849949203 ], [ -3.673461406299199, 40.48405565749016 ], [ -3.673524884456439, 40.483417992765226 ], [ -3.673616278824798, 40.482704761225129 ], [ -3.673648187854043, 40.482455502994874 ] ] ] } },
{ "type": "Feature", "properties": { "barrio": "Bellas Vistas", "distrito": "Tetuán", "area_km2": 0.715, "n_poi": 2, "diversidad_poi": 2, "n_restaurantes": 1155, "pct_terrazas": 2.7, "accesibilidad_media": 6.3, "densidad_oferta": 1618.2 }, "geometry": { "type": "Polygon", "coordinates": [ [ [ -3.703920142939968, 40.447167875291612 ], [ -3.703945603196044, 40.446863238713348 ], [ -3.706074476590869, 40.446978394475089 ], [ -3.706778618878163, 40.447015168797058 ], [ -3.708307460111661, 40.447090499260433 ], [ -3.708889795628249, 40.447958827198285 ], [ -3.708969663482148, 40.448085546163782 ], [ -3.70987044412528, 40.449517595377387 ], [ -3.710187184011851, 40.450021058670799 ], [ -3.71029006098096, 40.450070157096022 ], [ -3.710338417835934, 40.450093284223051 ], [ -3.710989471315691, 40.451121270225045 ], [ -3.711729650119088, 40.452289966300562 ], [ -3.711941866850899, 40.452396228535598 ], [ -3.713271727659484, 40.453039032967808 ], [ -3.712677779378022, 40.453917467786589 ], [ -3.712788439708544, 40.454177957662715 ], [ -3.712899841358636, 40.454385650214782 ], [ -3.713021711754477, 40.454613097834176 ], [ -3.713126475416959, 40.454895784915017 ], [ -3.712866912648796, 40.455466394063976 ], [ -3.712196108199512, 40.456462776246227 ], [ -3.711502060746112, 40.457493621687519 ], [ -3.711047515288545, 40.4575267753427 ], [ -3.710935669347521, 40.457578993752811 ], [ -3.710834889955828, 40.457618262063484 ], [ -3.710705953293084, 40.457649143985101 ], [ -3.710615970135791, 40.457649696310071 ], [ -3.710581582234759, 40.457643330257589 ], [ -3.709828567480583, 40.457197951243103 ], [ -3.708725054592747, 40.456843000307316 ], [ -3.70815193097971, 40.456713625943031 ], [ -3.707574078478165, 40.456684366541893 ], [ -3.70498585675641, 40.456554303090314 ], [ -3.704904572569654, 40.456439033406113 ], [ -3.703793914871691, 40.455089844791431 ], [ -3.702912517331248, 40.454019254076904 ], [ -3.702989842570324, 40.45349454825682 ], [ -3.703158538842381, 40.452378838432068 ], [ -3.703243551110515, 40.451811293748293 ], [ -3.703358447217954, 40.451044738717727 ], [ -3.703442617880809, 40.450487379046237 ], [ -3.703520172584633, 40.449974114398024 ], [ -3.70359997533441, 40.44942786215983 ], [ -3.703722165695776, 40.448649100835759 ], [ -3.703855667317366, 40.44769109772465 ], [ -3.703920142939968, 40.447167875291612 ] ] ] } },
{ "type": "Feature", "properties": { "barrio": "Cuatro Caminos", "distrito": "Tetuán", "area_km2": 1.185, "n_poi": 7, "diversidad_poi": 4, "n_restaurantes": 2207, "pct_terrazas": 6.1, "accesibilidad_media": 6.0, "densidad_oferta": 1868.4 }, "geometry": { "type": "Polygon", "coordinates": [ [ [ -3.691142746643172, 40.447470475921868 ], [ -3.691258572745276, 40.446214945866821 ], [ -3.695010353497441, 40.44641200278614 ], [ -3.695573675001384, 40.446438457753288 ], [ -3.697134375885655, 40.446506354280352 ], [ -3.698660952697614, 40.44658535307746 ], [ -3.699332646241904, 40.44661991754694 ], [ -3.700334192352742, 40.446669574778603 ], [ -3.70093898161367, 40.446699655047972 ], [ -3.703945603196044, 40.446863238713348 ], [ -3.703920142939968, 40.447167875291612 ], [ -3.703855667317366, 40.44769109772465 ], [ -3.703722165695776, 40.448649100835759 ], [ -3.70359997533441, 40.44942786215983 ], [ -3.703520172584633, 40.449974114398024 ], [ -3.703442617880809, 40.450487379046237 ], [ -3.703358447217954, 40.451044738717727 ], [ -3.703243551110515, 40.451811293748293 ], [ -3.703158538842381, 40.452378838432068 ], [ -3.702989842570324, 40.45349454825682 ], [ -3.702912517331248, 40.454019254076904 ], [ -3.702835564321495, 40.454534406212254 ], [ -3.702698739823253, 40.455087489698236 ], [ -3.702293746197098, 40.456096074234701 ], [ -3.702207755519415, 40.45631010953155 ], [ -3.701477845386133, 40.457502194486842 ], [ -3.698886478839865, 40.456911022192955 ], [ -3.698041606505241, 40.45672125587717 ], [ -3.697620766491309, 40.456626585087371 ], [ -3.697175206600081, 40.456524855573008 ], [ -3.695935105922522, 40.4564582637909 ], [ -3.695223645890094, 40.456418305540168 ], [ -3.69464246419657, 40.456385668163357 ], [ -3.69228734207805, 40.456257434518292 ], [ -3.690306637888773, 40.456137448966651 ], [ -3.690695071785322, 40.452128719511933 ], [ -3.691142746643172, 40.447470475921868 ] ] ] } },
{ "type": "Feature", "properties": { "barrio": "Castillejos", "distrito": "Tetuán", "area_km2": 0.705, "n_poi": 3, "diversidad_poi": 3, "n_restaurantes": 1506, "pct_terrazas": 7.7, "accesibilidad_media": 4.6, "densidad_oferta": 2140.4 }, "geometry": { "type": "Polygon", "coordinates": [ [ [ -3.690027373544117, 40.459046900141217 ], [ -3.690306637888773, 40.456137448966651 ], [ -3.69228734207805, 40.456257434518292 ], [ -3.69464246419657, 40.456385668163357 ], [ -3.695223645890094, 40.456418305540168 ], [ -3.695935105922522, 40.4564582637909 ], [ -3.697175206600081, 40.456524855573008 ], [ -3.697620766491309, 40.456626585087371 ], [ -3.698041606505241, 40.45672125587717 ], [ -3.698886478839865, 40.456911022192955 ], [ -3.701477845386133, 40.457502194486842 ], [ -3.700702020030702, 40.458454821360007 ], [ -3.700266038764373, 40.458834667592704 ], [ -3.699226442855461, 40.459740231820945 ], [ -3.698391450691062, 40.460634011876984 ], [ -3.698096900789447, 40.461280113161379 ], [ -3.697806221331985, 40.46191312725734 ], [ -3.697624781335398, 40.462217554647687 ], [ -3.697339574712472, 40.462559273435609 ], [ -3.697065985882748, 40.462861190969932 ], [ -3.697036511379924, 40.462896683892879 ], [ -3.69637352930553, 40.463617790695935 ], [ -3.696024671899871, 40.463999168762868 ], [ -3.695907678570245, 40.464126359167544 ], [ -3.695799673282191, 40.464210161291327 ], [ -3.695672759542647, 40.464290383439923 ], [ -3.695519905465785, 40.464348778751166 ], [ -3.695441773701412, 40.46437852802692 ], [ -3.694443678067666, 40.464723709486044 ], [ -3.693155140874542, 40.465169270871627 ], [ -3.692693326106072, 40.465293116370489 ], [ -3.691633870202097, 40.46545458710284 ], [ -3.690807822335961, 40.46557970037432 ], [ -3.69072903460478, 40.465591701811931 ], [ -3.689344448398758, 40.466038064048497 ], [ -3.689588967300768, 40.463418050206698 ], [ -3.68974960542994, 40.461986732103767 ], [ -3.689885233089099, 40.460578176157824 ], [ -3.690027373544117, 40.459046900141217 ] ] ] } },
{ "type": "Feature", "properties": { "barrio": "Almenara", "distrito": "Tetuán", "area_km2": 0.999, "n_poi": 4, "diversidad_poi": 4, "n_restaurantes": 909, "pct_terrazas": 2.9, "accesibilidad_media": 7.3, "densidad_oferta": 913.9 }, "geometry": { "type": "Polygon", "coordinates": [ [ [ -3.697636472812832, 40.474538549858558 ], [ -3.697495463864334, 40.474535255878081 ], [ -3.697256987423593, 40.474540837095731 ], [ -3.697040471181368, 40.474571060013318 ], [ -3.696851214586922, 40.474613640623616 ], [ -3.696699824276497, 40.474655903488724 ], [ -3.696537742836053, 40.474702463894062 ], [ -3.696380924618409, 40.474744759052662 ], [ -3.696198165387899, 40.474776758968872 ], [ -3.696001395865987, 40.474788663805349 ], [ -3.695705968594942, 40.474774313707748 ], [ -3.695374945878292, 40.474717293486499 ], [ -3.69503662389854, 40.474638785705459 ], [ -3.694684486015456, 40.474581800386424 ], [ -3.694353796372068, 40.474556938107519 ], [ -3.694030295137419, 40.474542752375406 ], [ -3.693742215508149, 40.47456601057106 ], [ -3.693475589931105, 40.47461049145523 ], [ -3.693152742982546, 40.474671524128887 ], [ -3.692843939971027, 40.474721661868685 ], [ -3.692590965766502, 40.474728580719024 ], [ -3.692337706738465, 40.474719375590219 ], [ -3.692027683607372, 40.474662130792815 ], [ -3.691766860634927, 40.474593960131052 ], [ -3.691527207228114, 40.474530887415995 ], [ -3.691273453858208, 40.474473394898688 ], [ -3.690992074499778, 40.474448228064851 ], [ -3.690718086223203, 40.474476710664071 ], [ -3.690233848151319, 40.474560139084396 ], [ -3.689791721870162, 40.474643315058614 ], [ -3.689440804489609, 40.474693694144591 ], [ -3.689229831275154, 40.474689545243528 ], [ -3.689081319479869, 40.47460997986461 ], [ -3.68895364934603, 40.474503352375528 ], [ -3.688862524313651, 40.474429029277083 ], [ -3.687122484293102, 40.474152256062865 ], [ -3.687546223667112, 40.472658751448279 ], [ -3.687947736618752, 40.471243034500205 ], [ -3.688309054525587, 40.469912870127708 ], [ -3.688550458929411, 40.469028282451418 ], [ -3.689065768042914, 40.467139902093685 ], [ -3.689344448398758, 40.466038064048497 ], [ -3.69072903460478, 40.465591701811931 ], [ -3.690807822335961, 40.46557970037432 ], [ -3.691633870202097, 40.46545458710284 ], [ -3.692693326106072, 40.465293116370489 ], [ -3.693155140874542, 40.465169270871627 ], [ -3.694443678067666, 40.464723709486044 ], [ -3.695396674802752, 40.465370149229734 ], [ -3.695600138857692, 40.465495413593985 ], [ -3.695659647702865, 40.465547038108326 ], [ -3.695664289482329, 40.46555106420778 ], [ -3.695976137358546, 40.465926216772104 ], [ -3.696392030346874, 40.466438939219586 ], [ -3.697310513007887, 40.467371156882692 ], [ -3.697702149963488, 40.467772129423629 ], [ -3.697726113635953, 40.467796669335037 ], [ -3.698130583939213, 40.468103689497781 ], [ -3.698213095424523, 40.468166345743079 ], [ -3.698576968751376, 40.468425590861905 ], [ -3.699238364597161, 40.469278982733726 ], [ -3.699587479960792, 40.46972939577185 ], [ -3.700155135977487, 40.470038755088126 ], [ -3.702142271227298, 40.471121760524504 ], [ -3.702091411597836, 40.473772154251506 ], [ -3.701821217352116, 40.474017125304464 ], [ -3.701820750193058, 40.474017578588885 ], [ -3.701633411205783, 40.474187272633493 ], [ -3.701483015645306, 40.474324850459716 ], [ -3.70139637953392, 40.474399790207549 ], [ -3.701343179770783, 40.474445608258016 ], [ -3.701255840121015, 40.47450965043312 ], [ -3.701160421060852, 40.474579417196821 ], [ -3.701068879273196, 40.474636458638678 ], [ -3.700912637439462, 40.474733891243382 ], [ -3.70072377064336, 40.474813772895779 ], [ -3.700677220231567, 40.474829640597775 ], [ -3.700513112180892, 40.474885408891744 ], [ -3.700286120927558, 40.47494065617736 ], [ -3.699993679102347, 40.474975487845136 ], [ -3.699717173975761, 40.474977160333339 ], [ -3.699546165910621, 40.474970536075084 ], [ -3.699545457192065, 40.47497045027508 ], [ -3.699440774561658, 40.474966398262616 ], [ -3.699228806636116, 40.4749346161489 ], [ -3.699038777129082, 40.474902520782642 ], [ -3.698988701856472, 40.474885795808142 ], [ -3.698881093770582, 40.474849779191949 ], [ -3.698717736561851, 40.474784549238571 ], [ -3.698505404253557, 40.47469475032856 ], [ -3.69836939402669, 40.47465007520136 ], [ -3.698168257663449, 40.474593270883325 ], [ -3.697999817819444, 40.474561134377929 ], [ -3.697878764622114, 40.474548260044543 ], [ -3.69781534586585, 40.474541525879204 ], [ -3.697636472812832, 40.474538549858558 ] ] ] } },
{ "type": "Feature", "properties": { "barrio": "Valdeacederas", "distrito": "Tetuán", "area_km2": 1.163, "n_poi": 8, "diversidad_poi": 3, "n_restaurantes": 848, "pct_terrazas": 2.9, "accesibilidad_media": 2.4, "densidad_oferta": 736.0 }, "geometry": { "type": "Polygon", "coordinates": [ [ [ -3.695907678570245, 40.464126359167544 ], [ -3.696024671899871, 40.463999168762868 ], [ -3.69637352930553, 40.463617790695935 ], [ -3.697036511379924, 40.462896683892879 ], [ -3.697065985882748, 40.462861190969932 ], [ -3.697339574712472, 40.462559273435609 ], [ -3.697624781335398, 40.462217554647687 ], [ -3.697806221331985, 40.46191312725734 ], [ -3.698096900789447, 40.461280113161379 ], [ -3.698391450691062, 40.460634011876984 ], [ -3.699158324871661, 40.460963526875304 ], [ -3.699562515051264, 40.461167210311032 ], [ -3.69999632781338, 40.461406569552345 ], [ -3.700626114479381, 40.461754020095022 ], [ -3.701940918068569, 40.462483801372095 ], [ -3.7022407503267, 40.462643154276726 ], [ -3.702533347265303, 40.462798496334656 ], [ -3.703123325111551, 40.463115003134938 ], [ -3.703849494463205, 40.463483562113197 ], [ -3.704154834091864, 40.463638462072225 ], [ -3.704168103788049, 40.463644237062901 ], [ -3.704285523328355, 40.463695054779222 ], [ -3.704508772262788, 40.46377099303929 ], [ -3.704627259961383, 40.463799821108559 ], [ -3.704718785845383, 40.463822056715252 ], [ -3.705371690519194, 40.464018259783842 ], [ -3.705391998184709, 40.463929847954496 ], [ -3.705475276910485, 40.463806277174996 ], [ -3.705538350477925, 40.463735712319135 ], [ -3.70559373576983, 40.463674384411313 ], [ -3.705657119352948, 40.463622195895418 ], [ -3.70573293674143, 40.463597229507883 ], [ -3.705840586270231, 40.463593510036965 ], [ -3.705932378674867, 40.463596013411944 ], [ -3.706040456498241, 40.463610669437244 ], [ -3.706204694520175, 40.463649306468056 ], [ -3.706344775903156, 40.463678902639721 ], [ -3.706524735615954, 40.463686992822389 ], [ -3.706684238995182, 40.463667731338923 ], [ -3.706835679493767, 40.463633202793183 ], [ -3.706978973324629, 40.463586561769439 ], [ -3.707125423662236, 40.463526117534343 ], [ -3.70781038665295, 40.462752561779325 ], [ -3.70844940352696, 40.462030634653921 ], [ -3.708602548388209, 40.462057715612133 ], [ -3.708538873408707, 40.462171618987085 ], [ -3.708519532523792, 40.462216782398301 ], [ -3.708483621647191, 40.462301416574583 ], [ -3.708474471640163, 40.462407328065567 ], [ -3.708490832667327, 40.462505246283634 ], [ -3.708510743992151, 40.462559268148532 ], [ -3.708522640218317, 40.462591357252577 ], [ -3.709106922068887, 40.46348579735853 ], [ -3.709269006884325, 40.464037595882033 ], [ -3.709344573101566, 40.464157133415931 ], [ -3.709422183494004, 40.464280350225941 ], [ -3.70980077781291, 40.464826768429482 ], [ -3.710922179233571, 40.466004478938814 ], [ -3.711012718435932, 40.466066895590586 ], [ -3.71117084484223, 40.466140338624896 ], [ -3.711389430888556, 40.466264851431212 ], [ -3.712771584848754, 40.468013281337029 ], [ -3.713277613072681, 40.468514128139503 ], [ -3.713209244424906, 40.468607882853107 ], [ -3.713167502693728, 40.468665166227716 ], [ -3.713059744609947, 40.468837902189556 ], [ -3.713037441611206, 40.46887056212325 ], [ -3.712957755801492, 40.468987359345569 ], [ -3.712874459482763, 40.469164448715397 ], [ -3.712809301012832, 40.469327642457763 ], [ -3.712790279409221, 40.469369561332421 ], [ -3.712743824999849, 40.469472099484008 ], [ -3.712720511230592, 40.469565395877076 ], [ -3.712719711265622, 40.46956783322868 ], [ -3.712702962372598, 40.469635053246108 ], [ -3.712677162060624, 40.469738635172831 ], [ -3.712638666667129, 40.469891214908536 ], [ -3.712603497502196, 40.470012422046857 ], [ -3.712508275388534, 40.47022210698924 ], [ -3.712422568599054, 40.470349841776013 ], [ -3.712370424278442, 40.47042755011266 ], [ -3.712171952549761, 40.470656608811097 ], [ -3.712087044381835, 40.470726049570416 ], [ -3.711948571565422, 40.470839333481713 ], [ -3.711664392438097, 40.471017657335217 ], [ -3.711623644994104, 40.471035295505658 ], [ -3.711391606256207, 40.471135640448431 ], [ -3.711130694408996, 40.471216252780707 ], [ -3.71071170219072, 40.471307295172124 ], [ -3.708545772754836, 40.471499132687519 ], [ -3.707425556528341, 40.471597876835304 ], [ -3.707323728856109, 40.471606877463628 ], [ -3.705213324001305, 40.471808403683617 ], [ -3.704877930789786, 40.471840446704562 ], [ -3.704662411927735, 40.471874641746879 ], [ -3.704609942786719, 40.47188838496885 ], [ -3.704385712938929, 40.471946956784123 ], [ -3.703993001595885, 40.472104751222965 ], [ -3.703748109418832, 40.472252095790012 ], [ -3.703471299423659, 40.472483688573661 ], [ -3.703436332229083, 40.472512909332252 ], [ -3.703191816685846, 40.472741962560718 ], [ -3.703185624952074, 40.472747765963071 ], [ -3.702091411597836, 40.473772154251506 ], [ -3.702142271227298, 40.471121760524504 ], [ -3.700155135977487, 40.470038755088126 ], [ -3.699587479960792, 40.46972939577185 ], [ -3.699238364597161, 40.469278982733726 ], [ -3.698576968751376, 40.468425590861905 ], [ -3.698213095424523, 40.468166345743079 ], [ -3.698130583939213, 40.468103689497781 ], [ -3.697726113635953, 40.467796669335037 ], [ -3.697702149963488, 40.467772129423629 ], [ -3.697310513007887, 40.467371156882692 ], [ -3.696392030346874, 40.466438939219586 ], [ -3.695976137358546, 40.465926216772104 ], [ -3.695664289482329, 40.46555106420778 ], [ -3.695659647702865, 40.465547038108326 ], [ -3.695600138857692, 40.465495413593985 ], [ -3.695396674802752, 40.465370149229734 ], [ -3.694443678067666, 40.464723709486044 ], [ -3.695441773701412, 40.46437852802692 ], [ -3.695519905465785, 40.464348778751166 ], [ -3.695672759542647, 40.464290383439923 ], [ -3.695799673282191, 40.464210161291327 ], [ -3.695907678570245, 40.464126359167544 ] ] ] } },
{ "type": "Feature", "properties": { "barrio": "Berruguete", "distrito": "Tetuán", "area_km2": 0.607, "n_poi": 1, "diversidad_poi": 1, "n_restaurantes": 942, "pct_terrazas": 3.5, "accesibilidad_media": 2.6, "densidad_oferta": 1553.5 }, "geometry": { "type": "Polygon", "coordinates": [ [ [ -3.704154834091864, 40.463638462072225 ], [ -3.703849494463205, 40.463483562113197 ], [ -3.703123325111551, 40.463115003134938 ], [ -3.702533347265303, 40.462798496334656 ], [ -3.7022407503267, 40.462643154276726 ], [ -3.701940918068569, 40.462483801372095 ], [ -3.700626114479381, 40.461754020095022 ], [ -3.69999632781338, 40.461406569552345 ], [ -3.699562515051264, 40.461167210311032 ], [ -3.699158324871661, 40.460963526875304 ], [ -3.698391450691062, 40.460634011876984 ], [ -3.699226442855461, 40.459740231820945 ], [ -3.700266038764373, 40.458834667592704 ], [ -3.700702020030702, 40.458454821360007 ], [ -3.701477845386133, 40.457502194486842 ], [ -3.702207755519415, 40.45631010953155 ], [ -3.702293746197098, 40.456096074234701 ], [ -3.702698739823253, 40.455087489698236 ], [ -3.702835564321495, 40.454534406212254 ], [ -3.702912517331248, 40.454019254076904 ], [ -3.703793914871691, 40.455089844791431 ], [ -3.704904572569654, 40.456439033406113 ], [ -3.70498585675641, 40.456554303090314 ], [ -3.707574078478165, 40.456684366541893 ], [ -3.70815193097971, 40.456713625943031 ], [ -3.708725054592747, 40.456843000307316 ], [ -3.709828567480583, 40.457197951243103 ], [ -3.710581582234759, 40.457643330257589 ], [ -3.710615970135791, 40.457649696310071 ], [ -3.710705953293084, 40.457649143985101 ], [ -3.710834889955828, 40.457618262063484 ], [ -3.710935669347521, 40.457578993752811 ], [ -3.711047515288545, 40.4575267753427 ], [ -3.711502060746112, 40.457493621687519 ], [ -3.710513734113755, 40.459018071179003 ], [ -3.709817319557046, 40.460086758415414 ], [ -3.709032319789687, 40.461291479683645 ], [ -3.708602548388209, 40.462057715612133 ], [ -3.70844940352696, 40.462030634653921 ], [ -3.70781038665295, 40.462752561779325 ], [ -3.707125423662236, 40.463526117534343 ], [ -3.706978973324629, 40.463586561769439 ], [ -3.706835679493767, 40.463633202793183 ], [ -3.706684238995182, 40.463667731338923 ], [ -3.706524735615954, 40.463686992822389 ], [ -3.706344775903156, 40.463678902639721 ], [ -3.706204694520175, 40.463649306468056 ], [ -3.706040456498241, 40.463610669437244 ], [ -3.705932378674867, 40.463596013411944 ], [ -3.705840586270231, 40.463593510036965 ], [ -3.70573293674143, 40.463597229507883 ], [ -3.705657119352948, 40.463622195895418 ], [ -3.70559373576983, 40.463674384411313 ], [ -3.705538350477925, 40.463735712319135 ], [ -3.705475276910485, 40.463806277174996 ], [ -3.705391998184709, 40.463929847954496 ], [ -3.705371690519194, 40.464018259783842 ], [ -3.704718785845383, 40.463822056715252 ], [ -3.704627259961383, 40.463799821108559 ], [ -3.704508772262788, 40.46377099303929 ], [ -3.704285523328355, 40.463695054779222 ], [ -3.704168103788049, 40.463644237062901 ], [ -3.704154834091864, 40.463638462072225 ] ] ] } },
{ "type": "Feature", "properties": { "barrio": "Gaztambide", "distrito": "Chamberí", "area_km2": 0.506, "n_poi": 6, "diversidad_poi": 3, "n_restaurantes": 1558, "pct_terrazas": 6.7, "accesibilidad_media": 11.8, "densidad_oferta": 3090.9 }, "geometry": { "type": "Polygon", "coordinates": [ [ [ -3.711721742930904, 40.431742135698329 ], [ -3.71186151904821, 40.430194245610167 ], [ -3.713523082844121, 40.430360771138908 ], [ -3.714629542752751, 40.430476670290965 ], [ -3.716228339682088, 40.430647668298015 ], [ -3.716992875966616, 40.431680415603232 ], [ -3.717169691985083, 40.431922203703309 ], [ -3.717480363420107, 40.43234550420938 ], [ -3.717608727174519, 40.432520745416532 ], [ -3.71795876581045, 40.432997945276114 ], [ -3.717613032861223, 40.433092342393387 ], [ -3.7172699169257, 40.433100144724243 ], [ -3.717233377628084, 40.433101001154768 ], [ -3.718406256478945, 40.434777786527562 ], [ -3.718270897616302, 40.435541691628117 ], [ -3.718122903677263, 40.436370539823223 ], [ -3.718074947298418, 40.436639486321894 ], [ -3.717634437907511, 40.439233214414863 ], [ -3.716385847596551, 40.439171669537352 ], [ -3.715211342871685, 40.439113706885919 ], [ -3.714115999075831, 40.439059748718932 ], [ -3.712853847476389, 40.438997437732027 ], [ -3.711129025677401, 40.438912372630618 ], [ -3.711230106312697, 40.437561388011872 ], [ -3.711341307597678, 40.436320702002206 ], [ -3.711426927167084, 40.435248552394654 ], [ -3.711509192285019, 40.434149215058262 ], [ -3.711617973989098, 40.43295953400154 ], [ -3.711721742930904, 40.431742135698329 ] ] ] } },
{ "type": "Feature", "properties": { "barrio": "Arapiles", "distrito": "Chamberí", "area_km2": 0.578, "n_poi": 5, "diversidad_poi": 5, "n_restaurantes": 1330, "pct_terrazas": 9.2, "accesibilidad_media": 5.1, "densidad_oferta": 2309.7 }, "geometry": { "type": "Polygon", "coordinates": [ [ [ -3.705555291815112, 40.430313127233177 ], [ -3.705805963792365, 40.429605561891407 ], [ -3.70741332493008, 40.42975501521785 ], [ -3.707715768368801, 40.429782820946713 ], [ -3.708826198049883, 40.42988486399868 ], [ -3.71050358936373, 40.430055200800005 ], [ -3.71186151904821, 40.430194245610167 ], [ -3.711721742930904, 40.431742135698329 ], [ -3.711617973989098, 40.43295953400154 ], [ -3.711509192285019, 40.434149215058262 ], [ -3.711426927167084, 40.435248552394654 ], [ -3.711341307597678, 40.436320702002206 ], [ -3.711230106312697, 40.437561388011872 ], [ -3.711129025677401, 40.438912372630618 ], [ -3.709948037650668, 40.438864936893424 ], [ -3.70828926762881, 40.438804017423855 ], [ -3.707044468115255, 40.438765142060106 ], [ -3.706498260550665, 40.438748026522084 ], [ -3.704236535812759, 40.438677304307603 ], [ -3.704247765899939, 40.437176782619417 ], [ -3.704258713688124, 40.436756805912857 ], [ -3.70427762097907, 40.436037499491 ], [ -3.704321864716208, 40.434898850095479 ], [ -3.704383912864678, 40.433568288225999 ], [ -3.704552030446251, 40.433104562468166 ], [ -3.705158585618471, 40.43143104365133 ], [ -3.705555291815112, 40.430313127233177 ] ] ] } },
{ "type": "Feature", "properties": { "barrio": "Trafalgar", "distrito": "Chamberí", "area_km2": 0.612, "n_poi": 3, "diversidad_poi": 3, "n_restaurantes": 1884, "pct_terrazas": 8.9, "accesibilidad_media": 12.5, "densidad_oferta": 3083.3 }, "geometry": { "type": "Polygon", "coordinates": [ [ [ -3.695793865093085, 40.428099867889422 ], [ -3.695761797894772, 40.427642041004425 ], [ -3.69713054167271, 40.427944984449901 ], [ -3.699410644853255, 40.428425909257484 ], [ -3.701946605023671, 40.428974793534444 ], [ -3.702406307480055, 40.429058852917279 ], [ -3.703644873577472, 40.429240879949319 ], [ -3.705805963792365, 40.429605561891407 ], [ -3.705555291815112, 40.430313127233177 ], [ -3.705158585618471, 40.43143104365133 ], [ -3.704552030446251, 40.433104562468166 ], [ -3.704383912864678, 40.433568288225999 ], [ -3.704321864716208, 40.434898850095479 ], [ -3.70427762097907, 40.436037499491 ], [ -3.704258713688124, 40.436756805912857 ], [ -3.704247765899939, 40.437176782619417 ], [ -3.704236535812759, 40.438677304307603 ], [ -3.701079165979556, 40.438535749567748 ], [ -3.700264520348433, 40.43848761779428 ], [ -3.699505001624608, 40.436715811060239 ], [ -3.699101575138813, 40.435774551830775 ], [ -3.698738611841453, 40.434936922213296 ], [ -3.698137441650292, 40.433500546604044 ], [ -3.69771251470735, 40.43250571889952 ], [ -3.697612235122229, 40.432282358921576 ], [ -3.697357857546688, 40.431715601901679 ], [ -3.6969740051649, 40.430860163208784 ], [ -3.696483162854988, 40.429712033866544 ], [ -3.695793865093085, 40.428099867889422 ] ] ] } },
{ "type": "Feature", "properties": { "barrio": "Almagro", "distrito": "Chamberí", "area_km2": 0.938, "n_poi": 21, "diversidad_poi": 5, "n_restaurantes": 1431, "pct_terrazas": 7.3, "accesibilidad_media": 6.8, "densidad_oferta": 1548.0 }, "geometry": { "type": "Polygon", "coordinates": [ [ [ -3.690064744616392, 40.426626141784929 ], [ -3.690455035012091, 40.425262368344541 ], [ -3.69139272890882, 40.425485781254892 ], [ -3.693848991422839, 40.426707576129694 ], [ -3.695121546339196, 40.427343905252265 ], [ -3.695761797894772, 40.427642041004425 ], [ -3.695793865093085, 40.428099867889422 ], [ -3.696483162854988, 40.429712033866544 ], [ -3.6969740051649, 40.430860163208784 ], [ -3.697357857546688, 40.431715601901679 ], [ -3.697612235122229, 40.432282358921576 ], [ -3.69771251470735, 40.43250571889952 ], [ -3.698137441650292, 40.433500546604044 ], [ -3.698738611841453, 40.434936922213296 ], [ -3.699101575138813, 40.435774551830775 ], [ -3.699505001624608, 40.436715811060239 ], [ -3.700264520348433, 40.43848761779428 ], [ -3.699324535195106, 40.438438886318593 ], [ -3.698534609365106, 40.438397980193301 ], [ -3.697786929858016, 40.438360417277195 ], [ -3.696294285511562, 40.438285440758882 ], [ -3.692899871160826, 40.438123827848493 ], [ -3.690717509452981, 40.437984558061849 ], [ -3.689386824702336, 40.436099845668693 ], [ -3.688778388823647, 40.435204186792056 ], [ -3.688757681422558, 40.435173769592303 ], [ -3.688413135162265, 40.433053651567803 ], [ -3.688454996644933, 40.432904123685738 ], [ -3.689036616019667, 40.430619666517821 ], [ -3.689350475373186, 40.429386712876031 ], [ -3.689709659043185, 40.427998532452797 ], [ -3.690064744616392, 40.426626141784929 ] ] ] } },
{ "type": "Feature", "properties": { "barrio": "Ríos Rosas", "distrito": "Chamberí", "area_km2": 0.975, "n_poi": 14, "diversidad_poi": 3, "n_restaurantes": 1523, "pct_terrazas": 7.6, "accesibilidad_media": 6.7, "densidad_oferta": 1576.4 }, "geometry": { "type": "Polygon", "coordinates": [ [ [ -3.691115909503245, 40.43921395405976 ], [ -3.690717509452981, 40.437984558061849 ], [ -3.692899871160826, 40.438123827848493 ], [ -3.696294285511562, 40.438285440758882 ], [ -3.697786929858016, 40.438360417277195 ], [ -3.698534609365106, 40.438397980193301 ], [ -3.699324535195106, 40.438438886318593 ], [ -3.700264520348433, 40.43848761779428 ], [ -3.701079165979556, 40.438535749567748 ], [ -3.704236535812759, 40.438677304307603 ], [ -3.704091618873933, 40.442124585875725 ], [ -3.704054415116298, 40.443271841363746 ], [ -3.703981555809035, 40.445444452266059 ], [ -3.703945603196044, 40.446863238713348 ], [ -3.70093898161367, 40.446699655047972 ], [ -3.700334192352742, 40.446669574778603 ], [ -3.699332646241904, 40.44661991754694 ], [ -3.698660952697614, 40.44658535307746 ], [ -3.697134375885655, 40.446506354280352 ], [ -3.695573675001384, 40.446438457753288 ], [ -3.695010353497441, 40.44641200278614 ], [ -3.691258572745276, 40.446214945866821 ], [ -3.691785834694516, 40.441259234659483 ], [ -3.691115909503245, 40.43921395405976 ] ] ] } },
{ "type": "Feature", "properties": { "barrio": "Vallehermoso", "distrito": "Chamberí", "area_km2": 1.069, "n_poi": 7, "diversidad_poi": 5, "n_restaurantes": 913, "pct_terrazas": 9.2, "accesibilidad_media": 6.3, "densidad_oferta": 860.6 }, "geometry": { "type": "Polygon", "coordinates": [ [ [ -3.703945603196044, 40.446863238713348 ], [ -3.703981555809035, 40.445444452266059 ], [ -3.704054415116298, 40.443271841363746 ], [ -3.704091618873933, 40.442124585875725 ], [ -3.704236535812759, 40.438677304307603 ], [ -3.706498260550665, 40.438748026522084 ], [ -3.707044468115255, 40.438765142060106 ], [ -3.70828926762881, 40.438804017423855 ], [ -3.709948037650668, 40.438864936893424 ], [ -3.711129025677401, 40.438912372630618 ], [ -3.712853847476389, 40.438997437732027 ], [ -3.714115999075831, 40.439059748718932 ], [ -3.715211342871685, 40.439113706885919 ], [ -3.716385847596551, 40.439171669537352 ], [ -3.717634437907511, 40.439233214414863 ], [ -3.717608480016972, 40.439431123178082 ], [ -3.717599538174996, 40.439499466929234 ], [ -3.717596277869423, 40.439636515004594 ], [ -3.717617481122701, 40.439856473320653 ], [ -3.717640149415693, 40.43993687398406 ], [ -3.717651915395358, 40.439978872982842 ], [ -3.717882983389456, 40.440430413605249 ], [ -3.718158124998567, 40.44096780687719 ], [ -3.719165330966152, 40.442850474738293 ], [ -3.719589185130739, 40.44346549931867 ], [ -3.719789078280091, 40.443755608474106 ], [ -3.719925791400033, 40.444943410232092 ], [ -3.719920541441067, 40.444992902304797 ], [ -3.71991638312065, 40.445034189394001 ], [ -3.719886003745073, 40.445093657764794 ], [ -3.719855498633563, 40.445141235038392 ], [ -3.719781239332499, 40.445210345075495 ], [ -3.719583098031723, 40.445394730588937 ], [ -3.718987869277468, 40.445939691894367 ], [ -3.718190943727607, 40.44666896521727 ], [ -3.718000439064982, 40.446696363908913 ], [ -3.717668224726799, 40.446726712424919 ], [ -3.717437082986814, 40.446714001285891 ], [ -3.717270449904441, 40.446679718299819 ], [ -3.717122062207473, 40.44663126875956 ], [ -3.715710039731903, 40.446093700044315 ], [ -3.715519864370715, 40.446018659450814 ], [ -3.714751360727765, 40.445771695237113 ], [ -3.712288953763257, 40.446396154591632 ], [ -3.710446409270416, 40.446863335820517 ], [ -3.709208597806785, 40.447133539812874 ], [ -3.708307460111661, 40.447090499260433 ], [ -3.706778618878163, 40.447015168797058 ], [ -3.706074476590869, 40.446978394475089 ], [ -3.703945603196044, 40.446863238713348 ] ] ] } },
{ "type": "Feature", "properties": { "barrio": "El Pardo", "distrito": "Fuencarral - El Pardo", "area_km2": 187.583, "n_poi": 8, "diversidad_poi": 5, "n_restaurantes": 131, "pct_terrazas": 6.9, "accesibilidad_media": 0.0, "densidad_oferta": 0.7 }, "geometry": { "type": "Polygon", "coordinates": [ [ [ -3.701589375152869, 40.578532991916006 ], [ -3.701593608234261, 40.578532958998956 ], [ -3.703665339053603, 40.578558924180811 ], [ -3.710251182513451, 40.578504349431668 ], [ -3.710479078908562, 40.578502499333609 ], [ -3.710491479433598, 40.578434857127831 ], [ -3.710536608542021, 40.578244403956418 ], [ -3.710569986979783, 40.578104741642107 ], [ -3.710592043642676, 40.578011725317459 ], [ -3.710631072715524, 40.577858966372567 ], [ -3.710700690137374, 40.577581968148614 ], [ -3.71074455271474, 40.577338820323185 ], [ -3.710866058334623, 40.5767398878737 ], [ -3.710922900045169, 40.576484047764154 ], [ -3.710952637176013, 40.576301797013443 ], [ -3.710989245501979, 40.576154907621309 ], [ -3.71107450150084, 40.575748355555213 ], [ -3.711129888933587, 40.575511533715954 ], [ -3.711249706431186, 40.574909998532178 ], [ -3.711309744258806, 40.574621436547041 ], [ -3.711441662973047, 40.574091987035963 ], [ -3.711589243693907, 40.573457308173822 ], [ -3.711728714280579, 40.572838084076224 ], [ -3.712060364443472, 40.572371817688072 ], [ -3.712169890476278, 40.572071509810975 ], [ -3.712216415206016, 40.571913117623097 ], [ -3.712303802837342, 40.571708979909523 ], [ -3.71251597674831, 40.571385067148988 ], [ -3.712549492394773, 40.571325852770585 ], [ -3.712720484191177, 40.571084804346881 ], [ -3.71312144969105, 40.570594684246188 ], [ -3.713279930769757, 40.570388396094408 ], [ -3.713690263300016, 40.56988001925999 ], [ -3.71403485190755, 40.569411054542734 ], [ -3.714480077795475, 40.568818857452996 ], [ -3.714870470878656, 40.568292401865222 ], [ -3.715114646022905, 40.567958195396251 ], [ -3.715921607112764, 40.56675863214587 ], [ -3.716022524590928, 40.566606389354106 ], [ -3.716057223448858, 40.566570139048729 ], [ -3.716037423767517, 40.566552333345292 ], [ -3.716099119201339, 40.566288983812548 ], [ -3.716212653526342, 40.565824055166225 ], [ -3.716296127482938, 40.565487148677462 ], [ -3.716369587184512, 40.565163906612987 ], [ -3.716370904737013, 40.56514344844382 ], [ -3.71636183920922, 40.565046478873356 ], [ -3.716354847876405, 40.56498904601689 ], [ -3.716322283125347, 40.564781954314483 ], [ -3.716307402923248, 40.564704659995755 ], [ -3.716293032689087, 40.564586553499318 ], [ -3.716271605261679, 40.564437949984146 ], [ -3.716257537646028, 40.56432605678031 ], [ -3.716178931957534, 40.563788806336937 ], [ -3.716075231447531, 40.563113424255974 ], [ -3.716066507360956, 40.563081677220616 ], [ -3.71600869025539, 40.562899064775493 ], [ -3.715973811669226, 40.562796220114755 ], [ -3.715937620513458, 40.562681040599706 ], [ -3.715912063610747, 40.56261047888858 ], [ -3.715834454965978, 40.562377360350482 ], [ -3.715807311118508, 40.562279782001319 ], [ -3.715741360856458, 40.562087580355865 ], [ -3.715726495759917, 40.562056051511703 ], [ -3.71565169261791, 40.561831023378346 ], [ -3.715532345678671, 40.561471767664379 ], [ -3.715454760217236, 40.561229368694384 ], [ -3.715436714170515, 40.561187499368337 ], [ -3.715414629592492, 40.561132321099201 ], [ -3.715349480308807, 40.560893089103544 ], [ -3.715291479117943, 40.560759396140526 ], [ -3.715239169212712, 40.560583416555545 ], [ -3.715152520112818, 40.560332695254338 ], [ -3.715096042669389, 40.560153407225123 ], [ -3.71498623830343, 40.559835623317554 ], [ -3.714653774857946, 40.558794542909382 ], [ -3.714842576874909, 40.558476894952896 ], [ -3.715031317270073, 40.558175824188041 ], [ -3.715183618017231, 40.557924796574355 ], [ -3.715220458620178, 40.557857092429565 ], [ -3.714989789747053, 40.557669242198003 ], [ -3.714600614077533, 40.557348318972473 ], [ -3.714096561275105, 40.556920268022729 ], [ -3.713918339676482, 40.556765694323808 ], [ -3.713622638709608, 40.555891407669158 ], [ -3.71360372617951, 40.555834317549341 ], [ -3.713537128465295, 40.555635542862092 ], [ -3.713315638614943, 40.554953226303965 ], [ -3.713104822234055, 40.554319220755353 ], [ -3.712910692769135, 40.553721508343358 ], [ -3.712574638137746, 40.552681252774185 ], [ -3.711979771731572, 40.550865844301903 ], [ -3.711647816053698, 40.549853127238194 ], [ -3.711362482548438, 40.548981921958671 ], [ -3.711267385041336, 40.548700168709317 ], [ -3.711196079474925, 40.548456916823852 ], [ -3.711063883506031, 40.548084041223774 ], [ -3.710803693479301, 40.547288715021047 ], [ -3.710763099129283, 40.54716869585652 ], [ -3.710703708858469, 40.547013296569169 ], [ -3.710668893607799, 40.546926034893339 ], [ -3.710583411558434, 40.546737913761234 ], [ -3.710453109428116, 40.546443132338759 ], [ -3.710282038599889, 40.546123466728524 ], [ -3.710254350333716, 40.546073547788623 ], [ -3.710144793184333, 40.545864403521115 ], [ -3.709983984400763, 40.545565664956811 ], [ -3.709868127905444, 40.545341244082891 ], [ -3.709798718887565, 40.545209689174683 ], [ -3.709662730367715, 40.544957464344641 ], [ -3.709539315859957, 40.544721647404295 ], [ -3.70949676956823, 40.544640108384762 ], [ -3.709381762654891, 40.544428744587009 ], [ -3.709319474402761, 40.544311649884314 ], [ -3.709305712385917, 40.544283266425495 ], [ -3.709186595848248, 40.54406282871453 ], [ -3.709113335763441, 40.54392418091166 ], [ -3.709066734775553, 40.543838791901926 ], [ -3.708939465037897, 40.543595340407592 ], [ -3.708610322689137, 40.542976374407708 ], [ -3.708554697835536, 40.5428750047721 ], [ -3.708525469698371, 40.542813293238275 ], [ -3.708459784764215, 40.542698562063919 ], [ -3.7083535098323, 40.54249714343424 ], [ -3.70830834013929, 40.542412916468258 ], [ -3.708240094660048, 40.54229045324788 ], [ -3.708133751346665, 40.542093629330715 ], [ -3.708028598958384, 40.541897698894338 ], [ -3.707977656923236, 40.541803507340092 ], [ -3.707934613150026, 40.541730438161359 ], [ -3.707907511049309, 40.541679883501438 ], [ -3.707897435797985, 40.541665080632164 ], [ -3.707808832934773, 40.541537967175302 ], [ -3.707679256537822, 40.541366329738409 ], [ -3.707343086842946, 40.540919201658696 ], [ -3.707306173228188, 40.5408787076408 ], [ -3.707191815293668, 40.540761570100194 ], [ -3.707146190916126, 40.540712570938524 ], [ -3.707087214118313, 40.540651400537214 ], [ -3.707047367535763, 40.540612815341383 ], [ -3.707002073519249, 40.54057264277322 ], [ -3.706884166995476, 40.540466066989666 ], [ -3.706845071954489, 40.540431441018711 ], [ -3.706785025446198, 40.540380908348574 ], [ -3.706674656037281, 40.540283565355963 ], [ -3.706531821878975, 40.540164439187848 ], [ -3.706421733098693, 40.540082500269669 ], [ -3.706280360221556, 40.539978860075422 ], [ -3.706089978742101, 40.539841014416098 ], [ -3.705669972916954, 40.539538896525315 ], [ -3.705468424790234, 40.539394451475502 ], [ -3.705580827275255, 40.539246831610399 ], [ -3.705749230124137, 40.539034365287847 ], [ -3.705869218627222, 40.53887823047544 ], [ -3.706026118386427, 40.538683761635092 ], [ -3.706274524403649, 40.538364952493787 ], [ -3.706491078218834, 40.538094174596104 ], [ -3.706883661030563, 40.537595746749105 ], [ -3.706990867250683, 40.537459868783877 ], [ -3.707085626028958, 40.537341723350075 ], [ -3.707158468820023, 40.537250649354476 ], [ -3.707377572370834, 40.536975979445153 ], [ -3.70751142304751, 40.53680255110379 ], [ -3.707611666989561, 40.536689776954994 ], [ -3.707789499808444, 40.536521844584151 ], [ -3.708746271591621, 40.535634016940691 ], [ -3.709133309155715, 40.535273541848547 ], [ -3.709435214233733, 40.534991875180005 ], [ -3.709758652201857, 40.534692147813708 ], [ -3.709967762525435, 40.534501768037053 ], [ -3.710131431612549, 40.534346621547336 ], [ -3.710349000803511, 40.53414123437809 ], [ -3.710849338990042, 40.533676905414232 ], [ -3.711269439995669, 40.533285320185826 ], [ -3.711363005705628, 40.533200871673891 ], [ -3.711541917822664, 40.533036260102939 ], [ -3.711620127812371, 40.532962447212299 ], [ -3.711718884513407, 40.532866525184772 ], [ -3.711740784439411, 40.532849543713731 ], [ -3.711760399310863, 40.532839783403759 ], [ -3.711872042633635, 40.532801259296434 ], [ -3.711964870767933, 40.532769968020432 ], [ -3.712039816846412, 40.532744822807246 ], [ -3.712068757813231, 40.53273491488347 ], [ -3.712125687572902, 40.532714384173801 ], [ -3.712245073873859, 40.532671307553031 ], [ -3.712414107036792, 40.532611169126739 ], [ -3.712581963057158, 40.532551397166493 ], [ -3.712741230619089, 40.532494560777238 ], [ -3.712898736491961, 40.532438635924244 ], [ -3.713072939200142, 40.532376302511487 ], [ -3.713203856587265, 40.532329460102602 ], [ -3.713299376940831, 40.532296079098515 ], [ -3.713524405004345, 40.532216583755194 ], [ -3.713710642363058, 40.532153544441755 ], [ -3.713888958801516, 40.532089471803829 ], [ -3.714058004305294, 40.532030772314712 ], [ -3.714230214035019, 40.531969980079701 ], [ -3.714387279606135, 40.531917299109921 ], [ -3.714452932210179, 40.531895543070412 ], [ -3.714650203739186, 40.531826487264013 ], [ -3.714814782567498, 40.531769796244376 ], [ -3.714997228898246, 40.531705786435268 ], [ -3.715160268484823, 40.531648744094156 ], [ -3.715308842580296, 40.531597105404622 ], [ -3.716158601889825, 40.531309510160064 ], [ -3.717386049368531, 40.53088821779864 ], [ -3.718719718626702, 40.530431477510142 ], [ -3.719513857140629, 40.530156545702567 ], [ -3.720563547479324, 40.529931547540791 ], [ -3.720988398078553, 40.529836559152542 ], [ -3.722168627939594, 40.529344340607359 ], [ -3.72259813200797, 40.529166525763642 ], [ -3.723312375930717, 40.528864858904662 ], [ -3.723918296056494, 40.528613144838594 ], [ -3.724563515958762, 40.528338568911174 ], [ -3.725034473376163, 40.528141206987684 ], [ -3.725561535514364, 40.527913401245151 ], [ -3.726409155248935, 40.527556194732 ], [ -3.72714000391749, 40.527242869369317 ], [ -3.727733837553088, 40.526989859119652 ], [ -3.727831142075471, 40.526817087719479 ], [ -3.727887794547301, 40.526717272974082 ], [ -3.727970721831317, 40.526568824967136 ], [ -3.728075324071071, 40.526383213883534 ], [ -3.728099313635772, 40.526341712024198 ], [ -3.728287317196, 40.526008009940647 ], [ -3.728432928968036, 40.525750160085799 ], [ -3.728534038829492, 40.525569345283124 ], [ -3.728634220325556, 40.525390067749328 ], [ -3.728729550262014, 40.525220820565245 ], [ -3.728927849193441, 40.524868133836399 ], [ -3.729023155422915, 40.524696724419577 ], [ -3.729444130809937, 40.523943089196877 ], [ -3.729643124590552, 40.523578955529764 ], [ -3.72967203702203, 40.523534359226794 ], [ -3.72996737613955, 40.523138897188865 ], [ -3.730035694404642, 40.52313558363781 ], [ -3.730109544076816, 40.52313079367633 ], [ -3.730380950266683, 40.523108810287944 ], [ -3.730651402118295, 40.52308593231075 ], [ -3.731223462878182, 40.523039345770535 ], [ -3.731402289293666, 40.523026053799143 ], [ -3.731574591883838, 40.523009829027508 ], [ -3.731787836017399, 40.522991543844519 ], [ -3.731898249857735, 40.522983638329919 ], [ -3.731946059251945, 40.522972615836061 ], [ -3.732094218627151, 40.522940056990549 ], [ -3.732234385945045, 40.522910791794423 ], [ -3.732388098942662, 40.522878828900673 ], [ -3.73244111224352, 40.52286858311534 ], [ -3.732564792891911, 40.522843115659867 ], [ -3.732663863234233, 40.522823569798668 ], [ -3.732685141346752, 40.522793525429215 ], [ -3.732691767024247, 40.522784024102563 ], [ -3.732700012004755, 40.522771449491586 ], [ -3.732718373048461, 40.522744666806325 ], [ -3.732746730123175, 40.522703496625539 ], [ -3.732764164414538, 40.522678341406362 ], [ -3.732780792967856, 40.522655083157019 ], [ -3.732794399387932, 40.522636168328958 ], [ -3.732853013846115, 40.522554897834759 ], [ -3.732920542285209, 40.522457353901643 ], [ -3.732955892596578, 40.522407941237958 ], [ -3.733040697244802, 40.522292450080386 ], [ -3.733228827625031, 40.52202792803697 ], [ -3.733350397652786, 40.52185229434874 ], [ -3.733384347484336, 40.521804421946818 ], [ -3.733437293342157, 40.521733816693647 ], [ -3.73352088623098, 40.521615721193861 ], [ -3.733575190196408, 40.52153988210884 ], [ -3.733625332043134, 40.521471997230265 ], [ -3.733674421013069, 40.521405109990475 ], [ -3.73389822398368, 40.521088829573365 ], [ -3.733948712228752, 40.521020401818362 ], [ -3.73396372272868, 40.521000396865738 ], [ -3.733993848187338, 40.520959034960072 ], [ -3.734048620323517, 40.520882922406486 ], [ -3.734106681836729, 40.520805348409674 ], [ -3.734163345361762, 40.520729494050222 ], [ -3.734228593764513, 40.520639711448268 ], [ -3.734328710077212, 40.520499888157879 ], [ -3.734343362289213, 40.520479525076716 ], [ -3.734374288033576, 40.520435816577162 ], [ -3.734498091111684, 40.520259807100459 ], [ -3.734543441501799, 40.520196546795411 ], [ -3.73462001785502, 40.520084890481129 ], [ -3.734712631967074, 40.519950070325642 ], [ -3.734917003780678, 40.519660486706243 ], [ -3.73496630263443, 40.519591435438286 ], [ -3.735056771000828, 40.519465637521449 ], [ -3.735165615095405, 40.51931449687217 ], [ -3.73525981670265, 40.519184710234455 ], [ -3.735350758307272, 40.519058999158794 ], [ -3.735417389297708, 40.51896650440635 ], [ -3.735486223680662, 40.518870301950955 ], [ -3.735539806148368, 40.518793655711079 ], [ -3.735659790626944, 40.518625237618188 ], [ -3.735714573974603, 40.518550385424717 ], [ -3.735836290891542, 40.518389342490622 ], [ -3.735912126648166, 40.518285798900969 ], [ -3.736036522838488, 40.518110774929184 ], [ -3.736130051498319, 40.517984415222848 ], [ -3.736224367458373, 40.517854627950463 ], [ -3.736289714604464, 40.517763582281731 ], [ -3.73642815706429, 40.517577837899864 ], [ -3.736502363129889, 40.517476556518289 ], [ -3.736753185255112, 40.517129106765232 ], [ -3.736989993708967, 40.516806521148141 ], [ -3.737227941782204, 40.516480414299984 ], [ -3.737399710588551, 40.516244637900463 ], [ -3.737493778900459, 40.516114129534095 ], [ -3.737841710793177, 40.515634799066063 ], [ -3.738051784887631, 40.515351030013626 ], [ -3.738267282248767, 40.515056054008383 ], [ -3.738713030285442, 40.514444837378434 ], [ -3.738836491675311, 40.51427197841906 ], [ -3.738834476235922, 40.514271180506135 ], [ -3.738872223658311, 40.514214994896875 ], [ -3.738916554232372, 40.514145703399777 ], [ -3.738964552932367, 40.514066478657895 ], [ -3.739079898370825, 40.513874752679378 ], [ -3.739153182274882, 40.513754826161964 ], [ -3.739290783841912, 40.51352611127168 ], [ -3.739382211040341, 40.513370754607379 ], [ -3.739417522489396, 40.513307916926244 ], [ -3.739682910363759, 40.51287072904681 ], [ -3.740647928740764, 40.511255652991927 ], [ -3.740739494566233, 40.511102725818006 ], [ -3.74076569364631, 40.511059405311258 ], [ -3.740800004820874, 40.511002429376745 ], [ -3.740837680196501, 40.510940116620951 ], [ -3.740861328189153, 40.510900956534257 ], [ -3.740878826072342, 40.510871295203792 ], [ -3.740923219878284, 40.510797407970209 ], [ -3.740949416740583, 40.510753907256628 ], [ -3.740958342094093, 40.5107390754536 ], [ -3.740965532757263, 40.510727497971992 ], [ -3.74098825722212, 40.510690235646138 ], [ -3.741011099687422, 40.510652972558987 ], [ -3.74103520886203, 40.510612728411559 ], [ -3.741063023225806, 40.510566064188353 ], [ -3.741072990922724, 40.510549423914306 ], [ -3.741091312627039, 40.510519667178229 ], [ -3.741119949122531, 40.510472637312759 ], [ -3.741149164793534, 40.510424612747727 ], [ -3.741172930640778, 40.51038536174994 ], [ -3.741199474325907, 40.510341229031702 ], [ -3.741256249088695, 40.510244830123042 ], [ -3.741273046230534, 40.510215984025201 ], [ -3.741294249120992, 40.510179812463754 ], [ -3.741337827757578, 40.510107011360063 ], [ -3.741346288780285, 40.51009290321565 ], [ -3.741358574166967, 40.510072374225572 ], [ -3.741376997768748, 40.510041175366716 ], [ -3.741398430457076, 40.510004551866679 ], [ -3.741414538184689, 40.509977421859098 ], [ -3.741485807549687, 40.509857416638965 ], [ -3.741507828256477, 40.509820609166923 ], [ -3.741530657245238, 40.509782174904032 ], [ -3.741551861660115, 40.509746273550135 ], [ -3.741627884159529, 40.509618490093622 ], [ -3.741652448629455, 40.509576891556932 ], [ -3.741677841217951, 40.509535467877463 ], [ -3.74170009993589, 40.509498748928507 ], [ -3.741726762931136, 40.509454794595214 ], [ -3.741745883417756, 40.509422600224291 ], [ -3.741757241251124, 40.509403608654857 ], [ -3.741770337662289, 40.509381723080047 ], [ -3.741797333790408, 40.509335874724925 ], [ -3.741814494473592, 40.509307927100117 ], [ -3.741833507773732, 40.50927672437988 ], [ -3.741854490903273, 40.509242085633012 ], [ -3.741874311464736, 40.50920916603458 ], [ -3.741900510084858, 40.509165935351902 ], [ -3.741922878454571, 40.509128585032137 ], [ -3.741940728306318, 40.509098921274322 ], [ -3.741959970585408, 40.509067086440098 ], [ -3.741981991959808, 40.50903027886968 ], [ -3.742027003273997, 40.508959090797077 ], [ -3.741371870119899, 40.508760048894786 ], [ -3.741280561680384, 40.508732165667155 ], [ -3.741134891015913, 40.508687242977693 ], [ -3.740931902850897, 40.508624850024965 ], [ -3.739935814403558, 40.50832059690967 ], [ -3.73972822639157, 40.5082584105634 ], [ -3.739502507518766, 40.508189494014857 ], [ -3.739214489490303, 40.508100884835216 ], [ -3.739074624146927, 40.50805781426763 ], [ -3.738965893572427, 40.508023103782257 ], [ -3.738807272338127, 40.507980873538756 ], [ -3.738679227557402, 40.507939259328872 ], [ -3.738561972209323, 40.507902079563664 ], [ -3.738406353852286, 40.507853794519107 ], [ -3.738301409479914, 40.507819869111394 ], [ -3.738218527466049, 40.507795984518694 ], [ -3.738101070154278, 40.507761868596951 ], [ -3.737972007481568, 40.5077242240136 ], [ -3.737839707057223, 40.507681914433959 ], [ -3.737781205648813, 40.50766408998895 ], [ -3.737607971797523, 40.507613032582718 ], [ -3.737430237656905, 40.507560562211403 ], [ -3.737296076203753, 40.50752069628345 ], [ -3.73714272665062, 40.507474647277014 ], [ -3.737089693163883, 40.507460210078818 ], [ -3.736988835515408, 40.507433014976584 ], [ -3.736846613734562, 40.507389956728773 ], [ -3.736773205074653, 40.507368712455758 ], [ -3.736621297092651, 40.507324905786447 ], [ -3.736484663092191, 40.507285505118197 ], [ -3.736371819956172, 40.507252349903013 ], [ -3.73612292970297, 40.507179339295575 ], [ -3.735880317660661, 40.507108361116551 ], [ -3.735700221843455, 40.507055542756532 ], [ -3.735504421881192, 40.507002102456475 ], [ -3.735334427133971, 40.506955526359107 ], [ -3.735239599932867, 40.506929102150927 ], [ -3.73510096415235, 40.506889982842935 ], [ -3.734965522907008, 40.506851563761948 ], [ -3.734827567811678, 40.507069645517795 ], [ -3.734798439517363, 40.507115145473378 ], [ -3.734772090363104, 40.507155853036821 ], [ -3.734745283059962, 40.507197734663208 ], [ -3.73471870684749, 40.50723916436921 ], [ -3.734696075439623, 40.507274352852328 ], [ -3.734653714880388, 40.507340296996247 ], [ -3.734622379166169, 40.507389144229862 ], [ -3.734580945913984, 40.507453550939296 ], [ -3.734557500990828, 40.50748991482088 ], [ -3.734520944851667, 40.507546993302725 ], [ -3.734487521143559, 40.507599096971802 ], [ -3.734447590254625, 40.507660701325904 ], [ -3.734406852018747, 40.507723932397369 ], [ -3.734093784056572, 40.507621145481977 ], [ -3.734021055624741, 40.507597282559573 ], [ -3.733914199959842, 40.507561023888414 ], [ -3.733873920903547, 40.507547315008985 ], [ -3.733697880542778, 40.507487530928088 ], [ -3.733595291608924, 40.507452866471148 ], [ -3.73346865150854, 40.507409796132784 ], [ -3.73342766156842, 40.507395821342278 ], [ -3.733273581364859, 40.507379950723077 ], [ -3.732992994985301, 40.50726821606866 ], [ -3.732921413304476, 40.50714362574076 ], [ -3.732889276128074, 40.50709716259049 ], [ -3.732989994917578, 40.50697076051069 ], [ -3.733091735927517, 40.506363454340551 ], [ -3.732798733129964, 40.50629260824838 ], [ -3.732733229849414, 40.505869332531141 ], [ -3.732730163129971, 40.505847820714379 ], [ -3.732723882269587, 40.505802095346233 ], [ -3.732716845479307, 40.505751870322229 ], [ -3.732715441405957, 40.505742148715868 ], [ -3.732545941280234, 40.505295478446939 ], [ -3.732543318866443, 40.505282251991829 ], [ -3.732534829198525, 40.505239602734513 ], [ -3.732525098627268, 40.505191376726778 ], [ -3.732518236505497, 40.505157186415076 ], [ -3.732515862875466, 40.50514512953864 ], [ -3.73250700155523, 40.505100861032496 ], [ -3.732499009488464, 40.505060551831193 ], [ -3.73249139911931, 40.505022672611958 ], [ -3.732484667588661, 40.504989742715082 ], [ -3.732477923315107, 40.504955640840805 ], [ -3.732471189838262, 40.504922530777129 ], [ -3.732463075100507, 40.504881681815682 ], [ -3.732453584586728, 40.504833814633074 ], [ -3.732451600304972, 40.504824998490044 ], [ -3.732442234873209, 40.504777670146197 ], [ -3.732431375668202, 40.504723325229257 ], [ -3.732420893064531, 40.504671049970419 ], [ -3.73241644229848, 40.504641528092364 ], [ -3.732410848859885, 40.504604717149427 ], [ -3.732406523766607, 40.504576006175874 ], [ -3.732402324531114, 40.504548015116214 ], [ -3.732398133338538, 40.504520654628152 ], [ -3.732392659885671, 40.504484022200181 ], [ -3.732388715308988, 40.504457741216321 ], [ -3.732384142447944, 40.504427950743612 ], [ -3.732380535264739, 40.504400136108138 ], [ -3.73237577698856, 40.504364040580853 ], [ -3.732370247711627, 40.504322273432301 ], [ -3.732364201322384, 40.504276366367833 ], [ -3.732357638013685, 40.504226228396135 ], [ -3.732310295057093, 40.503866440918543 ], [ -3.732698261039906, 40.503434979723828 ], [ -3.733059540783306, 40.503176387113058 ], [ -3.733651003785119, 40.502748768510926 ], [ -3.733973715600582, 40.502514741906303 ], [ -3.734516433249412, 40.502120310031188 ], [ -3.734859457109146, 40.501206157196918 ], [ -3.735409032064282, 40.499732857619925 ], [ -3.735880249584819, 40.498467258955422 ], [ -3.736169122783251, 40.497698489969139 ], [ -3.736182769265917, 40.497662187228613 ], [ -3.736221524679209, 40.497558608165647 ], [ -3.736328010401803, 40.497270725744976 ], [ -3.736441104119734, 40.497026043866349 ], [ -3.736462818551813, 40.496982932994278 ], [ -3.736527285199767, 40.496856487515394 ], [ -3.736576363860016, 40.496758157784647 ], [ -3.736663654511806, 40.496582107839174 ], [ -3.736766505048966, 40.496372265303819 ], [ -3.736863160544022, 40.496178588120173 ], [ -3.736940556822162, 40.496026024205243 ], [ -3.737126097489064, 40.495662232261715 ], [ -3.737172254030171, 40.495566623573609 ], [ -3.737232836882499, 40.495441373609253 ], [ -3.737357569677991, 40.495193283225461 ], [ -3.73741251887389, 40.495081672561398 ], [ -3.737466895847653, 40.494971597036006 ], [ -3.737519767086546, 40.494864233766172 ], [ -3.737586154840994, 40.494730388092655 ], [ -3.7376593524387, 40.494582535098118 ], [ -3.737725386640831, 40.494448781685335 ], [ -3.737776760603972, 40.494344851234892 ], [ -3.737828012466856, 40.494240561183204 ], [ -3.737879959516242, 40.49413500542083 ], [ -3.737926592862397, 40.494040023991111 ], [ -3.737926937969251, 40.49403921098537 ], [ -3.738000698212788, 40.49388910193985 ], [ -3.73802437513769, 40.493842194480294 ], [ -3.738030842753454, 40.493829360520678 ], [ -3.73803811857151, 40.493814899794941 ], [ -3.738045050269297, 40.493801342157703 ], [ -3.738060524334461, 40.493770342762851 ], [ -3.738206494068625, 40.49347950361598 ], [ -3.738218848069427, 40.493454650189712 ], [ -3.73835719438253, 40.493168093726112 ], [ -3.738417393780977, 40.49305131392903 ], [ -3.73859516545448, 40.492690722240397 ], [ -3.738742470652541, 40.492392847786249 ], [ -3.739046480183591, 40.491783072551243 ], [ -3.739384897385114, 40.491104788749126 ], [ -3.739981105780119, 40.490553053161435 ], [ -3.740388038892204, 40.490173425478531 ], [ -3.741082436519682, 40.489528083036973 ], [ -3.741085989052575, 40.489529231415972 ], [ -3.741146359718325, 40.489471638542895 ], [ -3.741154066614293, 40.489475012507562 ], [ -3.741181041419165, 40.489449344273673 ], [ -3.741296853600425, 40.489336621519769 ], [ -3.741474917343878, 40.489165751198755 ], [ -3.741645057215305, 40.489004031359897 ], [ -3.741924196911667, 40.488743415252394 ], [ -3.742406712624718, 40.488510952254039 ], [ -3.742556213031648, 40.487879095302503 ], [ -3.743708147016986, 40.486143599583976 ], [ -3.744186333011577, 40.485681608704319 ], [ -3.744394543318625, 40.485485585878727 ], [ -3.745491156770673, 40.483588626074798 ], [ -3.745048474196748, 40.482862652189539 ], [ -3.745019296125501, 40.482816624483903 ], [ -3.744917104361452, 40.482686922206227 ], [ -3.74445922446957, 40.482442663010644 ], [ -3.744303629940439, 40.482359519958536 ], [ -3.743671765131179, 40.482022141855253 ], [ -3.742803551187057, 40.481574386816284 ], [ -3.74190990425963, 40.481162373735323 ], [ -3.74158518378662, 40.481008870807756 ], [ -3.741730152935427, 40.480920463798519 ], [ -3.741782882940906, 40.480887604036731 ], [ -3.741894899682289, 40.480817336084598 ], [ -3.742005860394305, 40.480747616240244 ], [ -3.742203414252577, 40.480624007358585 ], [ -3.742505477464525, 40.480434142647503 ], [ -3.742613734468682, 40.480365430570259 ], [ -3.742741789354897, 40.480284068746641 ], [ -3.742835166693659, 40.48022482047287 ], [ -3.742923509816982, 40.480169118868211 ], [ -3.743371936749347, 40.479900384597819 ], [ -3.743505295743928, 40.479818627453113 ], [ -3.743580722564441, 40.479768593072876 ], [ -3.743783341070749, 40.479634048090091 ], [ -3.743888035474358, 40.479563465866939 ], [ -3.744141084865782, 40.479401749932954 ], [ -3.744237153169485, 40.479340681410783 ], [ -3.744360984074623, 40.47926177739987 ], [ -3.744472870486749, 40.47919087805731 ], [ -3.744505676223352, 40.479170216458549 ], [ -3.744643502310176, 40.479087258059934 ], [ -3.744661668208707, 40.479076330297488 ], [ -3.744666355154067, 40.479073417240478 ], [ -3.744675961001811, 40.479067229274023 ], [ -3.744698570924358, 40.479052759387997 ], [ -3.744738752878607, 40.479027005192243 ], [ -3.744768272232417, 40.479007897114784 ], [ -3.74510869703247, 40.478789129965733 ], [ -3.745149627325544, 40.478767064465146 ], [ -3.745284827577716, 40.478681509638378 ], [ -3.745489080616757, 40.478556680764783 ], [ -3.745600145860158, 40.478486416250085 ], [ -3.745746227350998, 40.478392772733827 ], [ -3.745848615207036, 40.47832733780362 ], [ -3.745911051613243, 40.478287206367362 ], [ -3.746044769194602, 40.478206434953321 ], [ -3.746170612503365, 40.478128416901676 ], [ -3.746320008486663, 40.478035921520181 ], [ -3.746349529948923, 40.478017083292137 ], [ -3.746400272718222, 40.477986395494362 ], [ -3.746450178872463, 40.477954632005336 ], [ -3.74647737581657, 40.477938960983622 ], [ -3.746526830992323, 40.477909093151361 ], [ -3.746607209067824, 40.4778591148985 ], [ -3.746681809611868, 40.477809445084283 ], [ -3.746771521051414, 40.477750037126221 ], [ -3.746918179570868, 40.477868639802324 ], [ -3.746926561112767, 40.477879756715097 ], [ -3.747022743952056, 40.477946523716852 ], [ -3.747125040156285, 40.478011448430983 ], [ -3.747233917802644, 40.478074078269223 ], [ -3.747276898953178, 40.478098756025574 ], [ -3.747311769204669, 40.478115557447651 ], [ -3.747386856663985, 40.478152369800696 ], [ -3.747651303726445, 40.478253814424271 ], [ -3.747733466665879, 40.478279679969859 ], [ -3.747786389302193, 40.478296634722732 ], [ -3.747965959205715, 40.478340068780348 ], [ -3.748097227129346, 40.478368409037209 ], [ -3.748246303568598, 40.47838546367641 ], [ -3.748570430320775, 40.47841084476395 ], [ -3.749092312569407, 40.478428008310466 ], [ -3.749784979376176, 40.478430369009381 ], [ -3.751511795126897, 40.478419168065749 ], [ -3.751510353634223, 40.478459177098202 ], [ -3.753559396336243, 40.478239817429092 ], [ -3.753553637407891, 40.478210125501704 ], [ -3.753541126468508, 40.47814633374356 ], [ -3.754084582039853, 40.478098740048466 ], [ -3.754368569942079, 40.478068960921085 ], [ -3.754449171267497, 40.47806050784898 ], [ -3.754499440879058, 40.478188107425879 ], [ -3.754488186808796, 40.478310432095519 ], [ -3.754487031354197, 40.478323142231822 ], [ -3.754484518025017, 40.478520274957887 ], [ -3.754413969896982, 40.478657491050306 ], [ -3.75433951423339, 40.47885680413394 ], [ -3.754328048038089, 40.478907510062086 ], [ -3.754286219064837, 40.479091565241696 ], [ -3.754248558333342, 40.479257935695969 ], [ -3.754245288158477, 40.479376965003212 ], [ -3.75425879726636, 40.479382283101124 ], [ -3.754311885893546, 40.479403198602952 ], [ -3.754347572403635, 40.479408280956072 ], [ -3.754365415156447, 40.479410777087111 ], [ -3.754391062936953, 40.479415024056323 ], [ -3.754416594948549, 40.479419362765711 ], [ -3.754447260184373, 40.479429072418256 ], [ -3.754465731120754, 40.479434987826494 ], [ -3.754470624379924, 40.479440000884438 ], [ -3.754485661098474, 40.479455307994705 ], [ -3.754506523736366, 40.479464091541587 ], [ -3.754531179576193, 40.479474471027437 ], [ -3.754590846288326, 40.47949291104446 ], [ -3.754632757104084, 40.479505970618135 ], [ -3.754800658438012, 40.47954974048281 ], [ -3.754889637661766, 40.479594024713428 ], [ -3.754948200716356, 40.479619137460496 ], [ -3.755047898313005, 40.479661820937501 ], [ -3.755081273037016, 40.479671152362812 ], [ -3.755117014250241, 40.47968109894196 ], [ -3.755168871040493, 40.479686797005719 ], [ -3.755314318534944, 40.479674496213015 ], [ -3.755353615905893, 40.479675410549362 ], [ -3.755411136317197, 40.479691792114814 ], [ -3.75547069575407, 40.479711043180572 ], [ -3.755490431207878, 40.479713977212086 ], [ -3.755518555717309, 40.479718027561958 ], [ -3.755529410038684, 40.479718046695972 ], [ -3.755548642305069, 40.479718191238923 ], [ -3.755590291889285, 40.479718550482779 ], [ -3.755600086493739, 40.479718756716721 ], [ -3.755613635962145, 40.479717136615456 ], [ -3.755668073821092, 40.47971101588341 ], [ -3.755763600610313, 40.479697238224553 ], [ -3.755776793127188, 40.479695350170445 ], [ -3.755833172634059, 40.479683631127791 ], [ -3.755853707378007, 40.47967367710168 ], [ -3.755878230889943, 40.479661715020619 ], [ -3.755908429618727, 40.479629806083274 ], [ -3.75591211929903, 40.479601133556905 ], [ -3.755910544688944, 40.47952375715424 ], [ -3.755910275153159, 40.479510245523301 ], [ -3.755966216338654, 40.479469879986745 ], [ -3.756043021395578, 40.479449018309793 ], [ -3.756054548122853, 40.479445879870759 ], [ -3.756104119899097, 40.47944771772255 ], [ -3.756133628652682, 40.47944896700011 ], [ -3.756195653311361, 40.479467119592336 ], [ -3.756227646658772, 40.479479613750939 ], [ -3.756240564056614, 40.479484754408816 ], [ -3.756373609703088, 40.479597398088842 ], [ -3.756511897059496, 40.47971451086584 ], [ -3.756563715907014, 40.479727325605296 ], [ -3.756658681201421, 40.47972670481925 ], [ -3.756750332981696, 40.479714574222392 ], [ -3.756768711126892, 40.47971220165477 ], [ -3.756839179952731, 40.479715433876336 ], [ -3.756871404184762, 40.479716845361523 ], [ -3.756943498470266, 40.479717634464023 ], [ -3.757033939206767, 40.479734340145178 ], [ -3.757055009281119, 40.479751049728812 ], [ -3.757058818753779, 40.479754087811216 ], [ -3.757083199674982, 40.479760955069551 ], [ -3.757120480915066, 40.479771431475712 ], [ -3.757137735018262, 40.47977402112349 ], [ -3.757184651431802, 40.479781011896378 ], [ -3.757343865874939, 40.479765465230884 ], [ -3.757349168487182, 40.479764889948072 ], [ -3.757420712504901, 40.479748205938485 ], [ -3.757574742164186, 40.479712242666004 ], [ -3.757452907127972, 40.479306015104761 ], [ -3.757473240358241, 40.479131108618972 ], [ -3.757500137005288, 40.479036427768136 ], [ -3.75751080289207, 40.478998700536948 ], [ -3.757596916968846, 40.478861380543449 ], [ -3.757697286847584, 40.478701265423396 ], [ -3.75773363422913, 40.478618235064623 ], [ -3.757762614859891, 40.478551559156422 ], [ -3.757765977678743, 40.47853586157008 ], [ -3.757802433432411, 40.478368055542397 ], [ -3.758154566471303, 40.474651441434332 ], [ -3.758185371443056, 40.474558356329716 ], [ -3.758203625323311, 40.47450301180627 ], [ -3.758257979892549, 40.474405989338905 ], [ -3.758274863777626, 40.474375788723293 ], [ -3.758304204936742, 40.474341363164726 ], [ -3.75836719697777, 40.474267617119366 ], [ -3.758398902949796, 40.474244166021307 ], [ -3.75845635152462, 40.474201987579185 ], [ -3.758562045254706, 40.474149043012858 ], [ -3.758572251084181, 40.47414393102558 ], [ -3.758691770208879, 40.47410341802231 ], [ -3.758850572374072, 40.474083908074221 ], [ -3.75898562519856, 40.474082032105713 ], [ -3.759174021120587, 40.474102957676592 ], [ -3.759189022451079, 40.474104661828449 ], [ -3.759104239283468, 40.474065938837569 ], [ -3.758595421825219, 40.473833690442412 ], [ -3.758452448048234, 40.473750033029845 ], [ -3.758371795753613, 40.473669571009609 ], [ -3.758290755480914, 40.47353352633214 ], [ -3.758262301843772, 40.473353082903699 ], [ -3.758288172039924, 40.472569402194807 ], [ -3.758391164129236, 40.472559538229667 ], [ -3.758424748760459, 40.472556344905605 ], [ -3.758613018605014, 40.472566462408942 ], [ -3.75871448240538, 40.472609580747616 ], [ -3.758773431468059, 40.4726274828135 ], [ -3.75879958931848, 40.472635329041864 ], [ -3.758860213805093, 40.472634391381796 ], [ -3.758894889484943, 40.472633803349872 ], [ -3.759010457595261, 40.472609441956351 ], [ -3.75904631414719, 40.472598485844664 ], [ -3.759098631079646, 40.472582647778964 ], [ -3.75917473622862, 40.472552688685674 ], [ -3.759230052025674, 40.472530794873734 ], [ -3.759331551860433, 40.47248283206202 ], [ -3.759433605061082, 40.47247342378359 ], [ -3.759474233805344, 40.472456760551339 ], [ -3.759498776386297, 40.472446779536575 ], [ -3.759505205203857, 40.472441512106855 ], [ -3.759601079887149, 40.472365478133099 ], [ -3.759662924874543, 40.472336783598365 ], [ -3.759727703522111, 40.47230671840628 ], [ -3.759838370520209, 40.4722870730496 ], [ -3.7598708627039, 40.472281274796089 ], [ -3.759902811961201, 40.472279533224679 ], [ -3.75996152236585, 40.472276264347073 ], [ -3.760096013978365, 40.472298174378253 ], [ -3.760211211783315, 40.472303723897383 ], [ -3.760240601531056, 40.472305152195943 ], [ -3.760251354819426, 40.47230688325233 ], [ -3.760390083061521, 40.472327774090139 ], [ -3.760480693737712, 40.472328980624717 ], [ -3.760807630690687, 40.47231277777891 ], [ -3.761064985538015, 40.472308742928703 ], [ -3.761561415057685, 40.472300882048678 ], [ -3.761971853334268, 40.472293585973041 ], [ -3.7622693034029, 40.472288384110151 ], [ -3.762411460644625, 40.472289068982839 ], [ -3.762513095589413, 40.472305426308388 ], [ -3.762589675825306, 40.472317624566124 ], [ -3.762772514214919, 40.472358581697549 ], [ -3.763031395296952, 40.472416424699226 ], [ -3.763135036535609, 40.472422407953147 ], [ -3.763210583583516, 40.472426683854295 ], [ -3.763362961462214, 40.472423697391129 ], [ -3.763413676172679, 40.472422731802588 ], [ -3.76347578257484, 40.472438088110636 ], [ -3.763594877217512, 40.472516941265269 ], [ -3.763549562051014, 40.473390750747804 ], [ -3.763632742288274, 40.473402274081366 ], [ -3.76586794414201, 40.473927680950133 ], [ -3.765915612008441, 40.473938896512074 ], [ -3.766431097439404, 40.474060168413203 ], [ -3.766450969966774, 40.474075261730647 ], [ -3.76646032573051, 40.474078442904634 ], [ -3.766473114645152, 40.474082682382715 ], [ -3.76686445602577, 40.474117206911863 ], [ -3.767620256148819, 40.474187420617532 ], [ -3.768093576244621, 40.474231397304294 ], [ -3.768108575747749, 40.474232919230182 ], [ -3.768328014837805, 40.47425506588965 ], [ -3.768555012807327, 40.474277972672482 ], [ -3.768737983567699, 40.474288379166588 ], [ -3.768917971661914, 40.474306192538798 ], [ -3.769050836882335, 40.474319363377617 ], [ -3.769344613277998, 40.474332545951029 ], [ -3.769446576959737, 40.474346282382363 ], [ -3.76958339590046, 40.474364651467894 ], [ -3.770329336455848, 40.474428426657028 ], [ -3.770855336457891, 40.474477806615361 ], [ -3.771062359293421, 40.474497238118467 ], [ -3.771467827360329, 40.474508139487867 ], [ -3.771551012566444, 40.474509657165555 ], [ -3.771711602004116, 40.474512550762043 ], [ -3.772025918650691, 40.474516489445591 ], [ -3.772248203906247, 40.474519151251961 ], [ -3.772351422918912, 40.474518821896162 ], [ -3.772471629543626, 40.47451838071413 ], [ -3.772746315247207, 40.474523032752131 ], [ -3.775685333410355, 40.474567784479021 ], [ -3.776735329948818, 40.474583803801806 ], [ -3.776789717341481, 40.474584069808927 ], [ -3.776869352584612, 40.474584526445021 ], [ -3.77699747181702, 40.474584927361576 ], [ -3.777338652737574, 40.474586059301295 ], [ -3.7777467675482, 40.474591065030509 ], [ -3.777881508203581, 40.474592771749464 ], [ -3.77812880256415, 40.474595343109009 ], [ -3.778216933100442, 40.474595921800287 ], [ -3.778399799861255, 40.474597124582544 ], [ -3.778737464862818, 40.474600258035629 ], [ -3.778842234174657, 40.474601264676735 ], [ -3.778955020545271, 40.474601946923265 ], [ -3.779117710739752, 40.47460283320283 ], [ -3.779903630899807, 40.474613575715665 ], [ -3.780262929939744, 40.474620522654611 ], [ -3.780966533289102, 40.474633524420128 ], [ -3.781943836973195, 40.474311700522165 ], [ -3.782676736858694, 40.474023414386188 ], [ -3.782865337296155, 40.473949616091382 ], [ -3.783228211931166, 40.47380770209918 ], [ -3.784008667114591, 40.47361304837623 ], [ -3.785480877267315, 40.473245950307948 ], [ -3.78587321314446, 40.473150669719324 ], [ -3.786041875345592, 40.473109708727961 ], [ -3.786753267739668, 40.472911902583661 ], [ -3.787245635271611, 40.47277837454866 ], [ -3.787456656877589, 40.472716038466672 ], [ -3.787469588018012, 40.472712166614322 ], [ -3.787546021437695, 40.472691285650676 ], [ -3.78766314299677, 40.47265931754383 ], [ -3.788112834727244, 40.472528509052061 ], [ -3.788248741451059, 40.472488934847448 ], [ -3.788499485282545, 40.472413893629628 ], [ -3.788819185576954, 40.472314237337862 ], [ -3.789299247142465, 40.472158082046022 ], [ -3.789905517590288, 40.471960613091142 ], [ -3.790941923176984, 40.471565427886809 ], [ -3.790996699750872, 40.471538746950316 ], [ -3.791005613628632, 40.471534361659764 ], [ -3.7910798909085, 40.471490791515322 ], [ -3.791499549073974, 40.471244589944718 ], [ -3.79171634367184, 40.471122116093298 ], [ -3.791898685435062, 40.471019066914351 ], [ -3.792128079729775, 40.470914885080575 ], [ -3.79217266737708, 40.470894579666556 ], [ -3.792187913573744, 40.470886997758164 ], [ -3.792264729931439, 40.470848814806459 ], [ -3.792300896786475, 40.470834693136865 ], [ -3.792343051770951, 40.470818188984502 ], [ -3.792400993519484, 40.470799954078053 ], [ -3.792443303463719, 40.470786601051429 ], [ -3.792499614870497, 40.470770270049762 ], [ -3.793323406760438, 40.470504356042603 ], [ -3.793379429975773, 40.470483522125505 ], [ -3.793394471830197, 40.470478643238863 ], [ -3.794359000575279, 40.470164011064561 ], [ -3.794457396933916, 40.47013540708403 ], [ -3.794592118666586, 40.470096103838394 ], [ -3.795001470407909, 40.469998158212206 ], [ -3.795146636064934, 40.469964368020712 ], [ -3.795273217261331, 40.469935029808489 ], [ -3.795429076989898, 40.469897832375501 ], [ -3.795506575947554, 40.469877660433646 ], [ -3.795524098772807, 40.469873125452445 ], [ -3.795626380316717, 40.469853954014418 ], [ -3.795634502021186, 40.469852456677785 ], [ -3.796099775197235, 40.469765293274563 ], [ -3.796261444687855, 40.469730577203997 ], [ -3.796814071632374, 40.469628755165488 ], [ -3.797644718076286, 40.469475915294716 ], [ -3.798337863087489, 40.469436540824269 ], [ -3.798888371396886, 40.469405263432598 ], [ -3.7991600830621, 40.469389332934981 ], [ -3.799234222222524, 40.469384406818229 ], [ -3.799364130936516, 40.469377383266497 ], [ -3.799385808367863, 40.469375071199387 ], [ -3.799407474047547, 40.469371768227191 ], [ -3.800004435620956, 40.469259084754178 ], [ -3.800137331683676, 40.469215463401262 ], [ -3.800179397811461, 40.469201658786666 ], [ -3.801039662381226, 40.469447957134236 ], [ -3.801821929498264, 40.469671907491453 ], [ -3.802092851716705, 40.469748227002725 ], [ -3.802358797937484, 40.469822779534788 ], [ -3.802628426022284, 40.469899286947687 ], [ -3.802866582816792, 40.469967904309208 ], [ -3.803069579317286, 40.47002604485732 ], [ -3.803800845956368, 40.470235470477533 ], [ -3.805056012998036, 40.470595030375549 ], [ -3.805545340654513, 40.470734687255934 ], [ -3.806057043300263, 40.470880852619246 ], [ -3.81025393426057, 40.472077027091778 ], [ -3.810727297292651, 40.47221163786827 ], [ -3.811942499465692, 40.47255743915138 ], [ -3.812333906442842, 40.472664690476435 ], [ -3.812387644501547, 40.472679718926571 ], [ -3.812488492290578, 40.472707929573005 ], [ -3.812545917475513, 40.472725453626467 ], [ -3.812582266003777, 40.472736460133461 ], [ -3.812652338697575, 40.47275605735512 ], [ -3.812758156109636, 40.472785494071786 ], [ -3.812917232379616, 40.472829421729031 ], [ -3.813087567024252, 40.472877503256612 ], [ -3.813249971612255, 40.472923389001814 ], [ -3.813522935520572, 40.473000659121197 ], [ -3.813640370055682, 40.473034697894882 ], [ -3.813740049096955, 40.47306372647494 ], [ -3.814140875099838, 40.473178743098728 ], [ -3.8144500787976, 40.473267467333052 ], [ -3.814563834617548, 40.473299730204261 ], [ -3.814732989833296, 40.473347637430251 ], [ -3.815634916033749, 40.473606236459275 ], [ -3.81587544259832, 40.473673639015161 ], [ -3.815978898192759, 40.473702638996741 ], [ -3.816148284779446, 40.473750002874723 ], [ -3.816458349827348, 40.47384132731549 ], [ -3.816812424250251, 40.473942792051609 ], [ -3.817316132989789, 40.474087252150035 ], [ -3.817490820782462, 40.474133945038965 ], [ -3.817604319595421, 40.474164133770792 ], [ -3.817655343646695, 40.474178908692679 ], [ -3.817841324492564, 40.474232549011916 ], [ -3.818302080377077, 40.47436595659056 ], [ -3.818711796033619, 40.474483147482395 ], [ -3.81887977858654, 40.474531147909595 ], [ -3.818901428938401, 40.474537305257627 ], [ -3.81916566444098, 40.474612456290281 ], [ -3.819247226790681, 40.474635662617878 ], [ -3.819328317439851, 40.474658782142384 ], [ -3.819708551726132, 40.474766808302363 ], [ -3.820100364803325, 40.474876283463459 ], [ -3.820215074104447, 40.47490880334918 ], [ -3.820217323027871, 40.474909418013254 ], [ -3.820567240366897, 40.475007747577486 ], [ -3.82086758506941, 40.475094174245285 ], [ -3.821247840598827, 40.47520363749527 ], [ -3.821737706118702, 40.475343221700491 ], [ -3.821932213999303, 40.475399046108691 ], [ -3.822501889621945, 40.475562744781037 ], [ -3.822696156240793, 40.475618029980971 ], [ -3.82295671817034, 40.475692302070748 ], [ -3.82332419543571, 40.475798065702051 ], [ -3.823383271959678, 40.475815122137142 ], [ -3.823506857887213, 40.475849827730805 ], [ -3.82382730984533, 40.475939888947906 ], [ -3.824567697054325, 40.476151459905864 ], [ -3.82468986974083, 40.476186264400738 ], [ -3.825186143643938, 40.476327679169017 ], [ -3.825678264339814, 40.476467050319258 ], [ -3.826126355611292, 40.476594571162316 ], [ -3.826504362287328, 40.476702051155783 ], [ -3.826592916054901, 40.476727274328859 ], [ -3.826700530527386, 40.476757946620197 ], [ -3.827111689356046, 40.47687500719158 ], [ -3.827516218244892, 40.476989951625974 ], [ -3.82774351107199, 40.477053730475561 ], [ -3.82782341564646, 40.477075861528199 ], [ -3.828201275428833, 40.477180453248074 ], [ -3.828472273348097, 40.477258152440051 ], [ -3.828482217792007, 40.477260964006071 ], [ -3.828526382407289, 40.477273980595285 ], [ -3.828705290137797, 40.477326663080156 ], [ -3.828731097229451, 40.477333865338288 ], [ -3.828863328830582, 40.477370845501412 ], [ -3.829245594222524, 40.477478466126179 ], [ -3.829271639574622, 40.477485846731732 ], [ -3.829574817293365, 40.477570699731473 ], [ -3.82978461528943, 40.477631266826627 ], [ -3.8299648192117, 40.477683667779672 ], [ -3.830251418060067, 40.477763322796264 ], [ -3.830574890267358, 40.477857666900647 ], [ -3.830689144276321, 40.477890810240567 ], [ -3.830880345911883, 40.47794520276225 ], [ -3.831254697237393, 40.478051611459662 ], [ -3.831728618199584, 40.478186312911596 ], [ -3.831838721158171, 40.47821759311266 ], [ -3.832233610488747, 40.478334030865845 ], [ -3.83266969474955, 40.478452154239079 ], [ -3.832718359236059, 40.478466398045953 ], [ -3.832727710858932, 40.478468943249254 ], [ -3.832759670866987, 40.478477541696087 ], [ -3.833081487108733, 40.478561530445859 ], [ -3.833368966992033, 40.478644955087113 ], [ -3.83360008811442, 40.478712028058588 ], [ -3.834123186349352, 40.478863571944821 ], [ -3.834212932084328, 40.478889321185214 ], [ -3.834667695891146, 40.479019554265612 ], [ -3.834890039682515, 40.47908272411739 ], [ -3.835191709091965, 40.479168384015374 ], [ -3.835741055695729, 40.479323965044934 ], [ -3.836650021175115, 40.479581303417767 ], [ -3.836650188114207, 40.479581350857345 ], [ -3.836650174785609, 40.479581417619706 ], [ -3.836649759653392, 40.479583520599689 ], [ -3.836556089293637, 40.480087046653864 ], [ -3.836483024901667, 40.480549863587953 ], [ -3.83646582699134, 40.480590077662484 ], [ -3.836481779763817, 40.480630141894508 ], [ -3.836519952139917, 40.480674980375881 ], [ -3.836667354573308, 40.480855976029162 ], [ -3.836667740591224, 40.480863785751929 ], [ -3.836542182197793, 40.480991945334218 ], [ -3.836464527068921, 40.481074268553769 ], [ -3.8363470995196, 40.481195609697444 ], [ -3.836340651341855, 40.481209639972072 ], [ -3.836337586176274, 40.481284833303476 ], [ -3.836325715081722, 40.481321261103808 ], [ -3.836311920751677, 40.481366045059623 ], [ -3.836249566448227, 40.481712604605796 ], [ -3.836190319577524, 40.481790887277207 ], [ -3.836013213716368, 40.482058894967814 ], [ -3.835871802236551, 40.482134286252695 ], [ -3.835650269416945, 40.48225061386912 ], [ -3.835485595323388, 40.482337125897089 ], [ -3.835294130609723, 40.482440895974349 ], [ -3.835091517716049, 40.482550626395231 ], [ -3.835083057634055, 40.482559048682333 ], [ -3.835010475749954, 40.482700111901778 ], [ -3.834765779930988, 40.483126967961688 ], [ -3.834574513416005, 40.48346476941115 ], [ -3.834421875694009, 40.483723749385071 ], [ -3.83440452251612, 40.48375025361976 ], [ -3.834234066563616, 40.484041174189898 ], [ -3.834205491525103, 40.484112755223364 ], [ -3.834003038874282, 40.484619073924314 ], [ -3.833940207053454, 40.484782858575755 ], [ -3.833880173902283, 40.484940374427303 ], [ -3.833831367074704, 40.48506423490322 ], [ -3.833794619265947, 40.485159267283336 ], [ -3.833770055518138, 40.485217357268752 ], [ -3.833610242853662, 40.485485861627197 ], [ -3.833427059181446, 40.485784258237139 ], [ -3.833311863413857, 40.485976382829904 ], [ -3.833336973403311, 40.486165020047146 ], [ -3.833281922189472, 40.48672850965869 ], [ -3.833238368016003, 40.487128344577798 ], [ -3.833196980832049, 40.487554793209995 ], [ -3.833173455503957, 40.487779107597625 ], [ -3.833173589251979, 40.487839344574191 ], [ -3.833411601109356, 40.489668875929091 ], [ -3.833434202397782, 40.489839713318077 ], [ -3.833512959526787, 40.490082720381814 ], [ -3.833579813417817, 40.490271546413219 ], [ -3.833638958030111, 40.490450767781745 ], [ -3.83373081492485, 40.490717647410222 ], [ -3.833785632384866, 40.490880108244795 ], [ -3.833838128308828, 40.49101552941567 ], [ -3.833905392993687, 40.491192873139575 ], [ -3.834024988824725, 40.49150138688664 ], [ -3.834191205879219, 40.49193867658483 ], [ -3.834198339598223, 40.491993512611572 ], [ -3.834268338948472, 40.492651407965049 ], [ -3.834381561604727, 40.493635357653311 ], [ -3.834428249653905, 40.494066190956858 ], [ -3.834532827638199, 40.494211173357094 ], [ -3.834713887055255, 40.49442717160219 ], [ -3.834964195609273, 40.494649179058349 ], [ -3.835228779700803, 40.494882218659804 ], [ -3.835694612505785, 40.495290396319966 ], [ -3.835945070269094, 40.49558674988161 ], [ -3.836406224656713, 40.496113578309306 ], [ -3.836864190250704, 40.496645788202144 ], [ -3.837200722638992, 40.497045350977359 ], [ -3.837496233885955, 40.497401818787417 ], [ -3.837704632966227, 40.497648054123786 ], [ -3.838620595932833, 40.498586085569904 ], [ -3.839255731121654, 40.49923797363855 ], [ -3.8394017854543, 40.499385102443114 ], [ -3.839232754374068, 40.50015373080511 ], [ -3.839142392220473, 40.500568973317868 ], [ -3.838641082236021, 40.502818683236434 ], [ -3.838477476222987, 40.5030575918599 ], [ -3.838260672739522, 40.503386384708946 ], [ -3.837980567555232, 40.503800985262735 ], [ -3.8378688636096, 40.503969680808702 ], [ -3.837733849418402, 40.504243638122119 ], [ -3.837642536418609, 40.504437030256994 ], [ -3.837550045735315, 40.504674312117835 ], [ -3.837369917849883, 40.505183790302766 ], [ -3.837108901995426, 40.505892175216623 ], [ -3.838595685106148, 40.50628293096176 ], [ -3.839069325386053, 40.506406522218683 ], [ -3.839186109829539, 40.506437980849007 ], [ -3.840224302632977, 40.506710032970844 ], [ -3.842218884524339, 40.507229000394382 ], [ -3.845100739875303, 40.50797376358188 ], [ -3.849166247458401, 40.50903123171031 ], [ -3.849713219971787, 40.508825395568344 ], [ -3.849733546675215, 40.508831253200611 ], [ -3.852233856265077, 40.509591194035636 ], [ -3.852542929698287, 40.509787483612065 ], [ -3.85258036381508, 40.509935693071739 ], [ -3.852933497242438, 40.51048416280711 ], [ -3.853259914132654, 40.510884147568035 ], [ -3.853510005901981, 40.51119031216966 ], [ -3.853685156102658, 40.511447511860645 ], [ -3.853892165047422, 40.511800716447929 ], [ -3.854012504648131, 40.511997234347142 ], [ -3.85335072070008, 40.514535257038112 ], [ -3.852224312357087, 40.515471141068154 ], [ -3.851879140927793, 40.516731548211553 ], [ -3.851739045465985, 40.516909713642193 ], [ -3.851549463997756, 40.517133885074266 ], [ -3.851536754446331, 40.517166935768977 ], [ -3.85128822121173, 40.517646724623425 ], [ -3.851739736211241, 40.518277004110494 ], [ -3.853331286637143, 40.519512995025231 ], [ -3.853671272613738, 40.520139154330792 ], [ -3.853916860656605, 40.520559331387666 ], [ -3.854213505597311, 40.521061820705029 ], [ -3.854259903293876, 40.521144856222868 ], [ -3.854370388130643, 40.521342369650732 ], [ -3.854376362820479, 40.52135399821492 ], [ -3.854380152564136, 40.5213656420338 ], [ -3.854381302807483, 40.521379714330834 ], [ -3.854368410114553, 40.521571880627583 ], [ -3.854369256414058, 40.522572203082994 ], [ -3.854305006445831, 40.522740670269371 ], [ -3.854207713603631, 40.523025080276852 ], [ -3.85409459449868, 40.523350680223388 ], [ -3.853823065487581, 40.524090454078163 ], [ -3.853779247027916, 40.5241502361202 ], [ -3.85375246848748, 40.524272885558474 ], [ -3.853696409017644, 40.524417751785052 ], [ -3.854461303530408, 40.525206148388627 ], [ -3.854653839457431, 40.525398895214416 ], [ -3.854767850356394, 40.525518778204045 ], [ -3.855052016874247, 40.525630922876907 ], [ -3.856131787267056, 40.526929974148672 ], [ -3.856712592845696, 40.527278645586193 ], [ -3.856965102958796, 40.527429039229361 ], [ -3.857244924126547, 40.527598026592877 ], [ -3.85745928239553, 40.527721390153602 ], [ -3.857728932786268, 40.527880306075019 ], [ -3.857750522903937, 40.52801104484471 ], [ -3.857776045199242, 40.528162939553987 ], [ -3.857811051851642, 40.528322623133818 ], [ -3.857842528639487, 40.528396762643517 ], [ -3.857911595105296, 40.528540264814225 ], [ -3.857986602754004, 40.528686440782486 ], [ -3.85808081273162, 40.528854175433871 ], [ -3.858147371691057, 40.528978086578746 ], [ -3.858239695929233, 40.529162581585865 ], [ -3.858250342555035, 40.529215011294944 ], [ -3.858276341221968, 40.529343039765592 ], [ -3.858302087590977, 40.529509583693653 ], [ -3.858322616340134, 40.529637417649738 ], [ -3.858348266089972, 40.529780362781416 ], [ -3.858181958341744, 40.530023383051613 ], [ -3.858121987621669, 40.530122625445365 ], [ -3.85824586165958, 40.530190656149003 ], [ -3.858467264669796, 40.530321521121969 ], [ -3.858587975903674, 40.530393028933553 ], [ -3.858692355945494, 40.53049263126136 ], [ -3.85887390731215, 40.530657927809372 ], [ -3.85904892251714, 40.530821221354287 ], [ -3.859147569537961, 40.530913260643594 ], [ -3.859216884891179, 40.530977932083708 ], [ -3.859452054972544, 40.531200963733134 ], [ -3.859536484020594, 40.531280529434319 ], [ -3.859611156294007, 40.531401693786464 ], [ -3.859764532413964, 40.53164502654834 ], [ -3.859963748959356, 40.531965076593337 ], [ -3.860414542643348, 40.53262913558995 ], [ -3.860610817101429, 40.53290886580546 ], [ -3.860920840992121, 40.533064530147392 ], [ -3.861093764315719, 40.533154107081877 ], [ -3.861358631309836, 40.533329978403735 ], [ -3.861422674244321, 40.533401073231282 ], [ -3.861618894986679, 40.533588078912267 ], [ -3.861701568545158, 40.533668241647248 ], [ -3.861775435335391, 40.533733394667912 ], [ -3.861955940128519, 40.533910733413769 ], [ -3.862155112954138, 40.534102681791218 ], [ -3.862327780755954, 40.534219972553338 ], [ -3.86247173586266, 40.534310384301392 ], [ -3.862738145221477, 40.534484351742726 ], [ -3.863009398281895, 40.534665040788241 ], [ -3.863024134638622, 40.534715511563029 ], [ -3.863083212681365, 40.534907652425169 ], [ -3.863136705286009, 40.535084550635418 ], [ -3.863327249489435, 40.53570584359511 ], [ -3.863465734964368, 40.536191902188065 ], [ -3.863534971714921, 40.536434910729675 ], [ -3.863659451184586, 40.53684206379436 ], [ -3.863847170981082, 40.537477008916454 ], [ -3.863867420514951, 40.537546776630194 ], [ -3.863876020045251, 40.537632521172682 ], [ -3.863876685606892, 40.537748496414842 ], [ -3.863867263026691, 40.53811906194489 ], [ -3.863851364432752, 40.538719964239519 ], [ -3.863866051288804, 40.539128632338553 ], [ -3.86387618394122, 40.539238564832075 ], [ -3.863984103761865, 40.539343888720957 ], [ -3.86405562108574, 40.539415944092916 ], [ -3.864097859581343, 40.539456469589723 ], [ -3.864163269664312, 40.539520699581232 ], [ -3.864213720162911, 40.539573102973257 ], [ -3.864267878373929, 40.539627052444267 ], [ -3.864305137449381, 40.539735926130398 ], [ -3.864323757507937, 40.539790908071303 ], [ -3.864352965096932, 40.539879977570614 ], [ -3.86438347891636, 40.539977692941868 ], [ -3.864417680581405, 40.540083581420475 ], [ -3.864462126115253, 40.540225101413107 ], [ -3.864510227910986, 40.540360846413343 ], [ -3.864557018477377, 40.540501222715015 ], [ -3.864610437207525, 40.540659217445317 ], [ -3.864645797780801, 40.54076380170445 ], [ -3.864707996363506, 40.540947761592534 ], [ -3.864766898090007, 40.541121970672023 ], [ -3.864836430848073, 40.541327621915244 ], [ -3.8648708234729, 40.541423181118411 ], [ -3.86495311937193, 40.541651843395989 ], [ -3.865014812312218, 40.54183510238424 ], [ -3.865143328189676, 40.542001384785216 ], [ -3.865504353568394, 40.542386915702842 ], [ -3.865544487299463, 40.542663324654939 ], [ -3.865556520223818, 40.542774570585941 ], [ -3.865560670089692, 40.542812931370918 ], [ -3.865587783735559, 40.542963576880396 ], [ -3.86562169571799, 40.543151995762592 ], [ -3.865645057093413, 40.543285883278834 ], [ -3.865670360006984, 40.543402896284114 ], [ -3.865729034575766, 40.543476641337044 ], [ -3.865797913567529, 40.543565523036072 ], [ -3.865905664793074, 40.543704564395313 ], [ -3.866118175259397, 40.543983494434016 ], [ -3.86623268044755, 40.544127311752419 ], [ -3.866377428463797, 40.544309446279406 ], [ -3.86644003747411, 40.544388902753646 ], [ -3.866678783839815, 40.544691889323303 ], [ -3.866803429257951, 40.544853163791771 ], [ -3.866879733841648, 40.544951889765137 ], [ -3.866896141479475, 40.544973119285757 ], [ -3.866981374612195, 40.545079111348507 ], [ -3.867017016440355, 40.545123435585801 ], [ -3.867068239493603, 40.545187622569316 ], [ -3.867225011620892, 40.545385039246021 ], [ -3.867323274162217, 40.545502214948591 ], [ -3.867359014999542, 40.545544017673549 ], [ -3.867502085464225, 40.545670621441147 ], [ -3.867668101092697, 40.545814427056186 ], [ -3.867817445761499, 40.545948062409082 ], [ -3.867932801778291, 40.546047649246518 ], [ -3.868112228047449, 40.546195678579657 ], [ -3.868355834939431, 40.546401089594724 ], [ -3.868561218096865, 40.546577900780498 ], [ -3.868716404644767, 40.5467055722523 ], [ -3.868953050453986, 40.546912030693782 ], [ -3.86915124892106, 40.547114201424741 ], [ -3.869288717625071, 40.547255138408239 ], [ -3.869444629071922, 40.547414981003172 ], [ -3.869344696604138, 40.547626080937022 ], [ -3.869203807226011, 40.547946076311298 ], [ -3.869072609195445, 40.5482072604254 ], [ -3.869150236123412, 40.548345226146687 ], [ -3.869281245997723, 40.548574559030747 ], [ -3.869520087575165, 40.548980074882714 ], [ -3.8697370111606, 40.54938649032745 ], [ -3.869915762878669, 40.549694122292664 ], [ -3.870034298247298, 40.549908582798331 ], [ -3.870152760169232, 40.550123787850929 ], [ -3.870272025980101, 40.550310167628076 ], [ -3.870397436667839, 40.550508351128251 ], [ -3.870455987958727, 40.550603699444068 ], [ -3.870526565063102, 40.550719138581023 ], [ -3.870605342374177, 40.550851540668383 ], [ -3.870662126592118, 40.550949285911791 ], [ -3.870764285005702, 40.551125137587427 ], [ -3.870842438311553, 40.551192070202241 ], [ -3.87100099741642, 40.551321542723777 ], [ -3.871157772302231, 40.551450356422372 ], [ -3.871342286594659, 40.551594619748158 ], [ -3.871604867172207, 40.551803483145257 ], [ -3.871866412517086, 40.552022278715953 ], [ -3.872160909080354, 40.552271132252898 ], [ -3.872231544686736, 40.552410010697031 ], [ -3.872416322840402, 40.552727456789484 ], [ -3.872627906499512, 40.553104248999844 ], [ -3.872801034493585, 40.553408850330889 ], [ -3.872852722237896, 40.5536522336564 ], [ -3.872945475466302, 40.554065016638944 ], [ -3.873016930475797, 40.554382548548709 ], [ -3.873076561517702, 40.554692030327828 ], [ -3.873026015530684, 40.5549028428225 ], [ -3.872966031452855, 40.555193258748552 ], [ -3.872961647913412, 40.555219414608203 ], [ -3.872959602912712, 40.555229379348653 ], [ -3.872962919206945, 40.55523908826742 ], [ -3.87299937061141, 40.555319824200289 ], [ -3.873061234381282, 40.555479978588892 ], [ -3.87308128369134, 40.555531881552071 ], [ -3.873119080134487, 40.555625211449005 ], [ -3.873176685587858, 40.55576592909437 ], [ -3.873186001608498, 40.555829240789507 ], [ -3.873191160206331, 40.555861107261613 ], [ -3.873207545088396, 40.555962311367317 ], [ -3.8732126299819, 40.55599513963061 ], [ -3.873287821352069, 40.556162546996795 ], [ -3.873340529270259, 40.556274162700106 ], [ -3.873423751968947, 40.556450397305547 ], [ -3.873471249197979, 40.556552109358442 ], [ -3.873557568938852, 40.556738111171384 ], [ -3.873616445445708, 40.556900045416057 ], [ -3.87366203009963, 40.557043026600262 ], [ -3.873707155976106, 40.557189043583648 ], [ -3.873743443538351, 40.557302721050355 ], [ -3.873813668258793, 40.5575117041219 ], [ -3.873832836987071, 40.557569461185281 ], [ -3.873968947806394, 40.557684208639508 ], [ -3.8740002164777, 40.55773115640276 ], [ -3.874033819682375, 40.557748991778766 ], [ -3.874285565674132, 40.55783160710709 ], [ -3.874434110628629, 40.557884712005183 ], [ -3.875120006879134, 40.558118829835529 ], [ -3.875205495788693, 40.558304738447212 ], [ -3.875301515633502, 40.55851125673027 ], [ -3.875424912979577, 40.558798353569983 ], [ -3.875537701642971, 40.558818247806627 ], [ -3.876166663739137, 40.558952222382288 ], [ -3.876459089326071, 40.55900855123366 ], [ -3.876665294546509, 40.559048991774112 ], [ -3.877138482475891, 40.559154232146142 ], [ -3.877288076200388, 40.559199783246981 ], [ -3.877556441217701, 40.559290521725217 ], [ -3.877788093049301, 40.559366951551546 ], [ -3.878566810588092, 40.559506039720532 ], [ -3.878939065813211, 40.559574324162071 ], [ -3.879373212575263, 40.559577253383281 ], [ -3.879725327794052, 40.559582684909856 ], [ -3.880186138207522, 40.559591790733315 ], [ -3.880599686936283, 40.559601254988955 ], [ -3.881328988295632, 40.559621821557641 ], [ -3.882093668189134, 40.559636739661684 ], [ -3.882249515681328, 40.55970241889721 ], [ -3.882377080719285, 40.559752154932944 ], [ -3.882539086035755, 40.559814934566937 ], [ -3.882691768289598, 40.559874102426839 ], [ -3.882947057250069, 40.559975754080476 ], [ -3.883229578706082, 40.560085073322917 ], [ -3.883576263161614, 40.560218682435227 ], [ -3.88379822409374, 40.560305822641766 ], [ -3.884051217828565, 40.560405146219097 ], [ -3.884210917296684, 40.560468125817593 ], [ -3.884313818252902, 40.560534297575224 ], [ -3.884401837755995, 40.560588202430132 ], [ -3.884540116818479, 40.560673528723186 ], [ -3.884638986909061, 40.560733686173378 ], [ -3.884816146553483, 40.560842636247358 ], [ -3.884987570851829, 40.561028631445588 ], [ -3.884965406809255, 40.561329469443287 ], [ -3.884931825494449, 40.561744980871779 ], [ -3.884877158524793, 40.561821151561439 ], [ -3.884682557917385, 40.562089474182571 ], [ -3.884578499214632, 40.562226553704605 ], [ -3.884449583813306, 40.562404683556274 ], [ -3.884334338743426, 40.562558797571889 ], [ -3.884277796087888, 40.562634809361668 ], [ -3.884174447782901, 40.562776179349662 ], [ -3.884137396345084, 40.562826862412827 ], [ -3.884107843008516, 40.562866921709713 ], [ -3.884010983567058, 40.562998219646275 ], [ -3.883902400101382, 40.563146778795058 ], [ -3.883882988346119, 40.563275706580697 ], [ -3.883859280732884, 40.563476236383252 ], [ -3.88384891704803, 40.563575424594127 ], [ -3.883835734664729, 40.563684925969561 ], [ -3.88381972271635, 40.563837321653239 ], [ -3.883913922702042, 40.563924423658882 ], [ -3.884071900078846, 40.564079973407026 ], [ -3.884188982989615, 40.56418887781502 ], [ -3.884228801002766, 40.564223505386906 ], [ -3.884320301785114, 40.56430307657552 ], [ -3.884448017666894, 40.564407458002115 ], [ -3.884668915226528, 40.564589519895478 ], [ -3.884874189519793, 40.564751874568117 ], [ -3.885060388327833, 40.564899079056758 ], [ -3.885245384388191, 40.565042709675332 ], [ -3.885410192479186, 40.565173928417607 ], [ -3.885733559338191, 40.565422845918853 ], [ -3.885871734059547, 40.565519794405638 ], [ -3.885933761876549, 40.565568829919386 ], [ -3.885998038785537, 40.565611939309569 ], [ -3.886072898117614, 40.565662146566915 ], [ -3.886099163363915, 40.565677843744538 ], [ -3.886150093606315, 40.565708281015588 ], [ -3.886438678666839, 40.565892722827208 ], [ -3.886558799038186, 40.565965579983526 ], [ -3.886737511349364, 40.566076851018714 ], [ -3.886801317464816, 40.566117330311521 ], [ -3.88691578806628, 40.566246800907059 ], [ -3.887083203223661, 40.566456001260107 ], [ -3.887201230804529, 40.566752845722348 ], [ -3.887293746526424, 40.566961593062558 ], [ -3.887370035335137, 40.567144250413406 ], [ -3.887546523519024, 40.567537492133042 ], [ -3.887575939936932, 40.567602238105856 ], [ -3.887690087545676, 40.567853486110515 ], [ -3.88779116390956, 40.568074564157001 ], [ -3.887893908779329, 40.568287223219279 ], [ -3.887915062960485, 40.568496984225284 ], [ -3.887935825870372, 40.568651213814576 ], [ -3.888025319121295, 40.569010567599157 ], [ -3.888105679073231, 40.569134465084289 ], [ -3.888237553799044, 40.569334492095095 ], [ -3.888333811682068, 40.56952928580219 ], [ -3.888475234114307, 40.56981547530097 ], [ -3.88865767689484, 40.570184671817742 ], [ -3.888757076202727, 40.570402950185361 ], [ -3.888851940124384, 40.570611264552454 ], [ -3.888963415890921, 40.570858839017838 ], [ -3.888883324592837, 40.571087182817166 ], [ -3.888652176258521, 40.571732658326006 ], [ -3.888546403358836, 40.571941317137302 ], [ -3.888449138418829, 40.57214185479495 ], [ -3.88840927911785, 40.572224052601982 ], [ -3.888221710119903, 40.57235816492252 ], [ -3.888059338528263, 40.572474117097713 ], [ -3.887870912764283, 40.572608674159063 ], [ -3.88769973991838, 40.572730910406079 ], [ -3.887495180398008, 40.572875213970185 ], [ -3.887227226178956, 40.573064080256742 ], [ -3.887079699592683, 40.573168062430746 ], [ -3.886843601582432, 40.57333447394074 ], [ -3.886647204103539, 40.573475259385205 ], [ -3.886437979830398, 40.573626853415178 ], [ -3.886180290951592, 40.573813559273908 ], [ -3.88603977683186, 40.573918192603657 ], [ -3.88585838080077, 40.574050057394643 ], [ -3.885750898803793, 40.574128075679965 ], [ -3.885688586497249, 40.574249164254056 ], [ -3.885657054542909, 40.574307467332481 ], [ -3.885576674129087, 40.574455806167997 ], [ -3.885492711248514, 40.57461902421155 ], [ -3.885324474848584, 40.574954879319144 ], [ -3.885270305292104, 40.5750642596525 ], [ -3.885190907198725, 40.575270318661758 ], [ -3.885044693249013, 40.575657318332276 ], [ -3.884877912053021, 40.576096357561077 ], [ -3.88474384429895, 40.576443933425914 ], [ -3.884621159258488, 40.576771357694327 ], [ -3.88454272432713, 40.576964366888944 ], [ -3.884433074482102, 40.577264548701471 ], [ -3.884355760720127, 40.577467593909709 ], [ -3.884321849915345, 40.577552886959687 ], [ -3.884260399570105, 40.577719587434672 ], [ -3.884118805302423, 40.578092749059536 ], [ -3.883933375026089, 40.578579009148342 ], [ -3.88383950261023, 40.578824954143776 ], [ -3.883731578949897, 40.579095604896892 ], [ -3.883741515584289, 40.579391605327338 ], [ -3.883746387266332, 40.579521351434515 ], [ -3.883753865126349, 40.579720470948807 ], [ -3.883762308583953, 40.579945283173167 ], [ -3.883768325969475, 40.580105515051713 ], [ -3.883773597684525, 40.580245895588995 ], [ -3.883776335136949, 40.58031877688731 ], [ -3.883970125019843, 40.58058935855226 ], [ -3.884134584436633, 40.581007937253268 ], [ -3.88415000113253, 40.581100156011509 ], [ -3.884163326415183, 40.581186087367733 ], [ -3.884179189004251, 40.581281473778191 ], [ -3.884096503563838, 40.581414537670561 ], [ -3.884079286128603, 40.581443110002219 ], [ -3.883987643303532, 40.581597665124875 ], [ -3.883913367101457, 40.581727461022147 ], [ -3.883819721292582, 40.581890406747185 ], [ -3.883695790438682, 40.582096402568631 ], [ -3.883581645210139, 40.582283756412593 ], [ -3.883471384589188, 40.58246735081562 ], [ -3.883433494414962, 40.582531377350136 ], [ -3.883487317801119, 40.582658132864985 ], [ -3.883541036646261, 40.582780519919105 ], [ -3.883612496319125, 40.58293200454839 ], [ -3.883731716407703, 40.583207354054522 ], [ -3.883811049546207, 40.583380614557093 ], [ -3.883804918599183, 40.583464218290111 ], [ -3.883790363566196, 40.583648422940925 ], [ -3.883769148844168, 40.583919162289249 ], [ -3.883752241700613, 40.58419938187663 ], [ -3.883739748070063, 40.584400173804113 ], [ -3.883725921213776, 40.584622668928581 ], [ -3.883713652156327, 40.58481539631439 ], [ -3.883695538302705, 40.585103615820898 ], [ -3.883690993324544, 40.585188332580131 ], [ -3.883685930465186, 40.585276706336778 ], [ -3.883484494767564, 40.58527041415298 ], [ -3.883172238690878, 40.58543154477875 ], [ -3.882810546312105, 40.585615365208987 ], [ -3.882448739011951, 40.585797515167215 ], [ -3.882091590081004, 40.585977587942011 ], [ -3.881858906803742, 40.586094155566286 ], [ -3.881599775475587, 40.586223818770463 ], [ -3.881421472698654, 40.586314812689942 ], [ -3.881212742640941, 40.586421365908656 ], [ -3.880947170236327, 40.586555555923816 ], [ -3.88064308577842, 40.58670664473221 ], [ -3.880342300767228, 40.586859206644093 ], [ -3.880080494124672, 40.587013294155767 ], [ -3.880010514525463, 40.587054146760842 ], [ -3.879821216653712, 40.587167141995621 ], [ -3.879691872333406, 40.587241949108055 ], [ -3.879455745944545, 40.58738120044864 ], [ -3.879262238543089, 40.587496202429399 ], [ -3.879185773763943, 40.587540010113891 ], [ -3.879054548028837, 40.587615634410128 ], [ -3.878932552162317, 40.587687650599406 ], [ -3.878609593603197, 40.587877201665734 ], [ -3.878314283395023, 40.588052285292605 ], [ -3.878131184245301, 40.588125298567626 ], [ -3.877909074242316, 40.588214275127605 ], [ -3.877623872703826, 40.588329264967875 ], [ -3.877216557137712, 40.588489744104074 ], [ -3.876846911212108, 40.588625354654795 ], [ -3.876683716535759, 40.588770084292953 ], [ -3.876428379397563, 40.588993693257187 ], [ -3.876110445060336, 40.589269254091668 ], [ -3.876164193035946, 40.589522500380234 ], [ -3.876192931258041, 40.589653326800374 ], [ -3.876183337166058, 40.589827175945153 ], [ -3.876174003109504, 40.589980390445817 ], [ -3.875902974704904, 40.590176110045533 ], [ -3.875705159790008, 40.590261928850943 ], [ -3.875581547821245, 40.590313516567988 ], [ -3.875288438772784, 40.590434618039531 ], [ -3.875001107935052, 40.590549418441078 ], [ -3.874844846939502, 40.590614958559392 ], [ -3.874597299852674, 40.590753590074868 ], [ -3.8744383072622, 40.590849540332343 ], [ -3.874286642531941, 40.590937985596184 ], [ -3.874072841101944, 40.591056995412877 ], [ -3.873899670055964, 40.59115170631965 ], [ -3.873582509682747, 40.591176768734776 ], [ -3.873317866858318, 40.591193913634378 ], [ -3.872981722228677, 40.591214867624807 ], [ -3.872841105757002, 40.591233191021715 ], [ -3.872701774493692, 40.591249843329663 ], [ -3.872451435379682, 40.591284927135483 ], [ -3.871838449288429, 40.591367412588546 ], [ -3.871698105210798, 40.591394930439002 ], [ -3.871477376374569, 40.591444504404947 ], [ -3.871184135210816, 40.591508212741388 ], [ -3.870958772553107, 40.591562112420334 ], [ -3.870761867398532, 40.59160435605726 ], [ -3.870066446683636, 40.591758331427201 ], [ -3.869738626305899, 40.591833208829087 ], [ -3.869506275974218, 40.591885554741786 ], [ -3.869229191893564, 40.591944634833055 ], [ -3.868922934676317, 40.59200109057933 ], [ -3.868653859008189, 40.592046246430982 ], [ -3.868367866732056, 40.592071176344248 ], [ -3.868075073752739, 40.592097702556906 ], [ -3.867826601037474, 40.592122283380434 ], [ -3.867608022578745, 40.592145078812479 ], [ -3.867376866611093, 40.59216313060157 ], [ -3.867301370841996, 40.592135785804125 ], [ -3.866888863691551, 40.591963965657818 ], [ -3.866541184040964, 40.5919000776167 ], [ -3.866255071760308, 40.591844116619782 ], [ -3.865966945864725, 40.591787760112155 ], [ -3.865862744823621, 40.591681887971177 ], [ -3.865799322457042, 40.59161931857615 ], [ -3.865670026455584, 40.59149055402326 ], [ -3.865540714188441, 40.591361772326763 ], [ -3.865466130227698, 40.591285409351926 ], [ -3.865375475711985, 40.591146978638434 ], [ -3.865181316569722, 40.590844826665197 ], [ -3.865020948313366, 40.590596485324518 ], [ -3.864902084865663, 40.59041170299723 ], [ -3.86457399581567, 40.590192250137328 ], [ -3.864252194978876, 40.589979349971252 ], [ -3.863933947823332, 40.589767319583842 ], [ -3.863602606388151, 40.589548177429371 ], [ -3.863534326619998, 40.58950242091948 ], [ -3.863180862092112, 40.589408958770548 ], [ -3.862770546800667, 40.589297606363274 ], [ -3.862372109075253, 40.589190669977945 ], [ -3.861911969183886, 40.589064369858399 ], [ -3.861305295337367, 40.588898430421573 ], [ -3.861077470750808, 40.58878088865896 ], [ -3.860788432051677, 40.588631708161607 ], [ -3.860546977991755, 40.58851008055786 ], [ -3.860105567664279, 40.588280008990218 ], [ -3.859926774167538, 40.588185406294244 ], [ -3.859753649388156, 40.588151764616654 ], [ -3.859286182720324, 40.588057551655261 ], [ -3.858816581686005, 40.587967744420489 ], [ -3.858500397073476, 40.587904649191707 ], [ -3.858259760935969, 40.5879131111313 ], [ -3.858034007112752, 40.587924083557738 ], [ -3.857718333932284, 40.587957176677371 ], [ -3.857135868946903, 40.588019421142569 ], [ -3.856192900452557, 40.58811770560191 ], [ -3.855995223342656, 40.588138095351965 ], [ -3.855409556097586, 40.588214976013724 ], [ -3.85496857849796, 40.58799851715311 ], [ -3.854842267522776, 40.58802050722656 ], [ -3.854783606417254, 40.588048288247769 ], [ -3.85455788810344, 40.588198314151441 ], [ -3.854238025743662, 40.588426005574547 ], [ -3.854166706350517, 40.588466934444838 ], [ -3.854081694046452, 40.588541170691755 ], [ -3.853705172145713, 40.588837478346939 ], [ -3.853454546728257, 40.588917148738211 ], [ -3.852967382259832, 40.589073870434049 ], [ -3.852922012161741, 40.589089346434534 ], [ -3.852757974448698, 40.589173269440124 ], [ -3.85259585338792, 40.589250146753322 ], [ -3.852397486857494, 40.589349766298149 ], [ -3.85214037537551, 40.589480473803555 ], [ -3.851674289461236, 40.589719927441273 ], [ -3.851401808347779, 40.589860722892226 ], [ -3.851186462326571, 40.589961240263065 ], [ -3.850952147839846, 40.590084696264157 ], [ -3.850526803453756, 40.590291809177586 ], [ -3.85045933369715, 40.590329026444174 ], [ -3.85023774844437, 40.590439688568885 ], [ -3.849370344943031, 40.590754320997391 ], [ -3.84875835788175, 40.590959217864608 ], [ -3.848251379851724, 40.590954953215657 ], [ -3.848100763874795, 40.59097577571891 ], [ -3.847608474848833, 40.59104862769972 ], [ -3.847411555986984, 40.591082421116255 ], [ -3.846726528170864, 40.591190102899283 ], [ -3.846289353509663, 40.591259635405407 ], [ -3.845657886865775, 40.59136090688348 ], [ -3.845247122752482, 40.591591904581257 ], [ -3.844637546761713, 40.591934703608388 ], [ -3.844267019543236, 40.592066868830123 ], [ -3.843652930788589, 40.59228755443695 ], [ -3.843408244232619, 40.592376481897212 ], [ -3.843082726208644, 40.592432564785511 ], [ -3.842757915141419, 40.592488523584649 ], [ -3.842438190381007, 40.59254141564017 ], [ -3.841691584076355, 40.592671298902239 ], [ -3.841404562836225, 40.592614522584554 ], [ -3.840550600414976, 40.592411597240428 ], [ -3.839710838379526, 40.592103145798944 ], [ -3.838472538048019, 40.591645476802533 ], [ -3.837696346881722, 40.591357349385419 ], [ -3.836810680478507, 40.59154496635378 ], [ -3.836686679793273, 40.591570910719867 ], [ -3.836141072926641, 40.591800568181739 ], [ -3.835796513258293, 40.591945284559053 ], [ -3.835448742973423, 40.592098874207714 ], [ -3.835401694182705, 40.592115458143923 ], [ -3.834738736842975, 40.592565453555409 ], [ -3.834390475211464, 40.592796424941511 ], [ -3.833829371498099, 40.593172096898151 ], [ -3.833388553405197, 40.593476661745314 ], [ -3.833332296105539, 40.593505261357301 ], [ -3.833270902843474, 40.593528065743754 ], [ -3.833232632407985, 40.593539825255007 ], [ -3.832747104107618, 40.593658161948888 ], [ -3.83255979421424, 40.593704410846357 ], [ -3.832263202098097, 40.593774742597368 ], [ -3.831946209700385, 40.59385150141312 ], [ -3.83148777647724, 40.593901521763151 ], [ -3.830912985965433, 40.593962485202397 ], [ -3.830180692585802, 40.594036248750434 ], [ -3.830076849579171, 40.594067148189914 ], [ -3.829565497908662, 40.594200411595956 ], [ -3.828965152654972, 40.594359847621213 ], [ -3.828642706374147, 40.594447966798263 ], [ -3.828072716923577, 40.594600758083935 ], [ -3.827550417562777, 40.594693894118777 ], [ -3.827378357932409, 40.594699461755965 ], [ -3.827140248388614, 40.594712150594084 ], [ -3.826399097392067, 40.594741433382119 ], [ -3.824947725861197, 40.594602581627633 ], [ -3.823999997146298, 40.59451384598281 ], [ -3.82274817676473, 40.59439501328945 ], [ -3.822166242149408, 40.594543612928518 ], [ -3.821679818192367, 40.594665515712251 ], [ -3.821094968547795, 40.594813576658886 ], [ -3.820287453032737, 40.595011446245223 ], [ -3.818887330301943, 40.595018667830487 ], [ -3.817386421626895, 40.595015775246011 ], [ -3.816134812901516, 40.595010203719013 ], [ -3.814436710763692, 40.595416597573468 ], [ -3.813925769063629, 40.596137295108328 ], [ -3.812629973505918, 40.596849626181239 ], [ -3.812526886026913, 40.596904913695269 ], [ -3.811345784341407, 40.597364652876173 ], [ -3.807941777808415, 40.598956669241346 ], [ -3.807129347215742, 40.599336180129534 ], [ -3.806305375432906, 40.599727378120605 ], [ -3.806148500141366, 40.599802002392984 ], [ -3.806007975140874, 40.599867197330013 ], [ -3.806309654409302, 40.600335293195805 ], [ -3.806931210147814, 40.601288724108251 ], [ -3.807715877040643, 40.602504243995163 ], [ -3.80874069501545, 40.604058096625067 ], [ -3.808868225098511, 40.60426640405521 ], [ -3.809123732970522, 40.60463790867157 ], [ -3.809234127333752, 40.604812474644 ], [ -3.80937733379286, 40.605025399414799 ], [ -3.809405648155545, 40.605117570983872 ], [ -3.80952832017716, 40.605390577160541 ], [ -3.809678269987149, 40.605685592148689 ], [ -3.809682128086553, 40.605695780987261 ], [ -3.809699117844088, 40.60575500230118 ], [ -3.809699965601199, 40.605797724703713 ], [ -3.809700111684944, 40.605815705079067 ], [ -3.809699623080025, 40.605835942083196 ], [ -3.809697647413448, 40.60588281027146 ], [ -3.809745647657124, 40.605853339560667 ], [ -3.80979206892211, 40.605815465758965 ], [ -3.809851838732818, 40.605937511172655 ], [ -3.809766742144515, 40.606027294129177 ], [ -3.809815056558013, 40.606104142062669 ], [ -3.810035623216861, 40.606486990043003 ], [ -3.81005376412542, 40.606521095930468 ], [ -3.810095754086501, 40.606580311193682 ], [ -3.810117590317005, 40.606618844159371 ], [ -3.810141609458893, 40.606650206185805 ], [ -3.810165223827502, 40.606676433375817 ], [ -3.810219254258359, 40.606731259767258 ], [ -3.810241831454956, 40.60675773114621 ], [ -3.810263638836925, 40.606777226166699 ], [ -3.810295944280314, 40.60680371036409 ], [ -3.810321677301499, 40.606820376121341 ], [ -3.810345543792432, 40.606835172147271 ], [ -3.810384819197655, 40.606859364246169 ], [ -3.810493895202723, 40.606916984338611 ], [ -3.810548875986472, 40.606947705590315 ], [ -3.810584679458265, 40.606966283431611 ], [ -3.810676305995738, 40.607014845032786 ], [ -3.810732602952227, 40.607040122900884 ], [ -3.81079485017634, 40.607066858920852 ], [ -3.810854729708772, 40.607091823299854 ], [ -3.810909362560851, 40.607109674268422 ], [ -3.81096776220785, 40.607128570799077 ], [ -3.811067658037812, 40.607155956694918 ], [ -3.811155041987373, 40.60717247758361 ], [ -3.81130785387979, 40.60719673044504 ], [ -3.811373362373909, 40.60721249314998 ], [ -3.811469274424481, 40.60726738506434 ], [ -3.811771183059398, 40.60744467200756 ], [ -3.812307633305518, 40.607760573566921 ], [ -3.812517226995708, 40.607882087103121 ], [ -3.812795123470282, 40.608161933288699 ], [ -3.812824461488244, 40.608282674188118 ], [ -3.812761861376638, 40.608309315674013 ], [ -3.812612408735598, 40.608359563884747 ], [ -3.812466415740117, 40.608426111351385 ], [ -3.812402412936855, 40.608471451984215 ], [ -3.812347475724274, 40.608492333225321 ], [ -3.812283464772992, 40.608516512384625 ], [ -3.812094297531978, 40.608589488944695 ], [ -3.812003224022003, 40.608618128363823 ], [ -3.811939945993012, 40.60863451865265 ], [ -3.811896894543095, 40.60864713621023 ], [ -3.811784266370494, 40.6087212227824 ], [ -3.811627613980251, 40.608701180300891 ], [ -3.811547074194203, 40.608693827600312 ], [ -3.811449281049358, 40.60871715361602 ], [ -3.811367827959056, 40.608815092025196 ], [ -3.811300410596727, 40.608897797145787 ], [ -3.811191565486622, 40.609015999252719 ], [ -3.811059751126649, 40.609162442713561 ], [ -3.810947845034732, 40.609288584740703 ], [ -3.810817361797385, 40.609384858069909 ], [ -3.810801419400982, 40.60938907796335 ], [ -3.810721492377929, 40.609406079943369 ], [ -3.810500819357503, 40.609430484766399 ], [ -3.810368831554369, 40.609445049226181 ], [ -3.810286550203861, 40.609455049638463 ], [ -3.810283431089894, 40.609457135417344 ], [ -3.810243767817839, 40.609481204785588 ], [ -3.810176910274188, 40.609483196274027 ], [ -3.810143232229415, 40.609478233588838 ], [ -3.81007953800902, 40.609465159184275 ], [ -3.80994821343999, 40.609439018054005 ], [ -3.809939340959806, 40.609499141354831 ], [ -3.809934150016519, 40.609522501311702 ], [ -3.809846061689787, 40.609648782436359 ], [ -3.809799430176362, 40.609718413422854 ], [ -3.809734826548345, 40.609811177741904 ], [ -3.80968387179573, 40.609837020620596 ], [ -3.8096077675207, 40.609869165699997 ], [ -3.809419255854989, 40.609874085083476 ], [ -3.809388691582587, 40.609693689038266 ], [ -3.809347725033404, 40.609501028444825 ], [ -3.809265851386946, 40.609405804421087 ], [ -3.809176074734248, 40.609312741944279 ], [ -3.809103127332817, 40.609301701133553 ], [ -3.809016342509539, 40.609288687003996 ], [ -3.80874620133482, 40.609247734441631 ], [ -3.80865146476156, 40.609233533417573 ], [ -3.808414583939086, 40.609194649822726 ], [ -3.808225133990608, 40.60916804783092 ], [ -3.808101103481262, 40.609175220922204 ], [ -3.807977072943212, 40.609182393880516 ], [ -3.807771486659662, 40.609190136236748 ], [ -3.807379150717835, 40.609199183875951 ], [ -3.807260292362526, 40.609243255630119 ], [ -3.80695884891677, 40.609356083790928 ], [ -3.806942774923078, 40.609364320155855 ], [ -3.806704437343408, 40.609421586915524 ], [ -3.806508368316527, 40.609456081287874 ], [ -3.806212134168999, 40.609507319995451 ], [ -3.806201026072517, 40.609510846971482 ], [ -3.806083689969628, 40.609290195771258 ], [ -3.806078530993215, 40.609277961910564 ], [ -3.806077283190725, 40.609267966443511 ], [ -3.806079294737557, 40.60925692123498 ], [ -3.806164336913686, 40.609123503194752 ], [ -3.806193803750632, 40.60908123582675 ], [ -3.806420310042004, 40.608741824147266 ], [ -3.806450658277161, 40.608641438046796 ], [ -3.806269960195844, 40.60839049798561 ], [ -3.806255642193101, 40.608031433096635 ], [ -3.806125413858895, 40.607916050427463 ], [ -3.805931066456452, 40.607844677595303 ], [ -3.805871461574248, 40.607819357407116 ], [ -3.805742677202902, 40.607735730757099 ], [ -3.805582263698029, 40.607634742268829 ], [ -3.804973549781534, 40.607249037860996 ], [ -3.804896241774696, 40.607201687213994 ], [ -3.80485547398998, 40.607186948383777 ], [ -3.803983458721925, 40.60691017521156 ], [ -3.803341452719109, 40.6066956568067 ], [ -3.80304725951918, 40.606597238390329 ], [ -3.802186701202868, 40.606310870427009 ], [ -3.801704924285488, 40.606348039769514 ], [ -3.800529950065068, 40.605900972827271 ], [ -3.800316896477241, 40.604845093955127 ], [ -3.80031733160749, 40.60483400931119 ], [ -3.80062648756543, 40.604299582702993 ], [ -3.801012394929712, 40.603631520876228 ], [ -3.801119995015076, 40.60344290576505 ], [ -3.801425484867642, 40.602896996409562 ], [ -3.801550530062676, 40.602675980667826 ], [ -3.801804364909026, 40.602256214856027 ], [ -3.802078684855311, 40.601770543409714 ], [ -3.802248981702985, 40.601481981399722 ], [ -3.802414129702853, 40.601158322666343 ], [ -3.8025330914045, 40.600925971855013 ], [ -3.802612677382029, 40.600761460900763 ], [ -3.80291778421894, 40.600182782625026 ], [ -3.802937315658701, 40.600135800560004 ], [ -3.802982446850501, 40.600055310026107 ], [ -3.803108215197616, 40.599799488572771 ], [ -3.803187927850158, 40.599645786791349 ], [ -3.803319733047984, 40.599400733588517 ], [ -3.803498751556903, 40.599051752300817 ], [ -3.803527519686016, 40.598986689313342 ], [ -3.803355244670851, 40.598881673858834 ], [ -3.802998570754129, 40.59887673813337 ], [ -3.80259529852928, 40.598886412064381 ], [ -3.80111175445233, 40.598888142320568 ], [ -3.800534056145195, 40.598771932570124 ], [ -3.799911853893378, 40.598617067184499 ], [ -3.799771990323185, 40.598589709581255 ], [ -3.799118805568841, 40.598490268958024 ], [ -3.79850463204564, 40.598810505093766 ], [ -3.797872176991707, 40.599250711006604 ], [ -3.797658746993936, 40.599408069553981 ], [ -3.797240115659876, 40.599702269834737 ], [ -3.79674353274864, 40.599885868337097 ], [ -3.796037934061634, 40.599901584552853 ], [ -3.795735797767324, 40.599901145862859 ], [ -3.795319562010602, 40.599906515380383 ], [ -3.794555760644674, 40.599820182314311 ], [ -3.794134212201414, 40.599772384842225 ], [ -3.792926953039703, 40.599466176199343 ], [ -3.79228356942111, 40.59932914970652 ], [ -3.79199463786475, 40.599282482325172 ], [ -3.791164715990091, 40.599162041581295 ], [ -3.790856057791175, 40.599120887385915 ], [ -3.790315603442243, 40.599042624347788 ], [ -3.78991201633509, 40.598990059847608 ], [ -3.789055943160207, 40.599100004588308 ], [ -3.788085840486867, 40.599558242928708 ], [ -3.787242624867333, 40.599951725601208 ], [ -3.786321792818693, 40.600383747406418 ], [ -3.78565468779865, 40.600401148877488 ], [ -3.785024461444127, 40.600479453438062 ], [ -3.784463332763658, 40.601075358618843 ], [ -3.783992128039309, 40.601413547765148 ], [ -3.78348351492048, 40.601768126086853 ], [ -3.782802725417211, 40.601713728670461 ], [ -3.782263175976356, 40.601460430842167 ], [ -3.781633585020683, 40.60080995559877 ], [ -3.781010526543847, 40.600916478989475 ], [ -3.780483215934863, 40.601020856601529 ], [ -3.779787315313732, 40.601168993176763 ], [ -3.778934604323791, 40.601744484610578 ], [ -3.77826276867778, 40.601731700563867 ], [ -3.777171705665539, 40.601352396855688 ], [ -3.776532188465303, 40.601173877676672 ], [ -3.775774930657031, 40.600951022869239 ], [ -3.775435995264013, 40.600856605417086 ], [ -3.775391523396515, 40.600842616124432 ], [ -3.775024180227977, 40.600740706416872 ], [ -3.774714374354158, 40.600648868764686 ], [ -3.774318710741273, 40.60054724135118 ], [ -3.773803236696929, 40.600443782063898 ], [ -3.7732512086472, 40.600334250972686 ], [ -3.772786239497544, 40.600243294563498 ], [ -3.772472412444371, 40.600179198569379 ], [ -3.771900323584677, 40.600113343413497 ], [ -3.771399531847276, 40.600050970409463 ], [ -3.7710019963023, 40.600004579385505 ], [ -3.770601675094841, 40.599954031827941 ], [ -3.770322149555419, 40.599919418248909 ], [ -3.769957337172286, 40.599873804444599 ], [ -3.769462230167067, 40.599815018357013 ], [ -3.769053913571497, 40.599762947567321 ], [ -3.768169212458712, 40.599660815588905 ], [ -3.767625393278796, 40.599452959033286 ], [ -3.76730754983013, 40.599300329649353 ], [ -3.766285322546251, 40.598791807914196 ], [ -3.765978944811585, 40.598642595065655 ], [ -3.765335701538008, 40.59843054116488 ], [ -3.765240796628521, 40.598397888081067 ], [ -3.764208028520307, 40.598322598607218 ], [ -3.763934129517016, 40.598248447879982 ], [ -3.763575038017888, 40.598147596570207 ], [ -3.763117386083356, 40.598019991665673 ], [ -3.762215987134511, 40.597770797068804 ], [ -3.76216162038601, 40.597753030234117 ], [ -3.761556343404702, 40.59751678464513 ], [ -3.760885633828928, 40.597255442444911 ], [ -3.760672314004789, 40.597203694107186 ], [ -3.760230126921473, 40.597099994984184 ], [ -3.759851598665408, 40.597009489410823 ], [ -3.759457358576071, 40.596784666378262 ], [ -3.759243217029388, 40.596659949934427 ], [ -3.759046588687688, 40.596516199627963 ], [ -3.758992981732281, 40.596478715158675 ], [ -3.758829131439171, 40.59636264376914 ], [ -3.758467747270208, 40.596095944098906 ], [ -3.758461820398847, 40.596091869623422 ], [ -3.758452942122355, 40.596091005427056 ], [ -3.757844146304111, 40.596052027943969 ], [ -3.757673934868397, 40.596049540213833 ], [ -3.757371586555431, 40.596061885913215 ], [ -3.75709738862848, 40.595961427924941 ], [ -3.754322232359043, 40.594994908707946 ], [ -3.75364156884309, 40.594759168654043 ], [ -3.752953721415248, 40.594765638395835 ], [ -3.752294637057243, 40.594407527042144 ], [ -3.752219597747743, 40.594361833282072 ], [ -3.75219556555384, 40.594343156087554 ], [ -3.750523762244388, 40.592786805013205 ], [ -3.750148108390821, 40.592438777617396 ], [ -3.749257884512974, 40.592711422139807 ], [ -3.745810020017975, 40.592203940069737 ], [ -3.745804254803339, 40.592199530571428 ], [ -3.745394587120633, 40.59188622339218 ], [ -3.744372509826765, 40.591579301658349 ], [ -3.74373008948319, 40.591406863683339 ], [ -3.742261694294376, 40.591026218939234 ], [ -3.740816840483927, 40.590646307156611 ], [ -3.739686139521877, 40.589301443331721 ], [ -3.739168879660804, 40.588058953854393 ], [ -3.738983140655011, 40.587807658060392 ], [ -3.738565218581652, 40.586942776657303 ], [ -3.73817350514718, 40.586470514815758 ], [ -3.737738968724462, 40.58627329082212 ], [ -3.737268801244038, 40.586069987370919 ], [ -3.73655961351899, 40.585903775706569 ], [ -3.735838139302974, 40.585716578137102 ], [ -3.735524276065035, 40.585687559019988 ], [ -3.735324738461535, 40.585671617265604 ], [ -3.735161420093886, 40.585639078418176 ], [ -3.734979862208058, 40.585604519416911 ], [ -3.734560969267943, 40.585524153773839 ], [ -3.734456830021053, 40.585502531875321 ], [ -3.734337267252545, 40.585480092644794 ], [ -3.73424735793933, 40.585459907078715 ], [ -3.733982197643021, 40.585377646727352 ], [ -3.733700208934292, 40.585343718423786 ], [ -3.733555534298357, 40.585322469389801 ], [ -3.733157291793611, 40.585266456050277 ], [ -3.73277843862187, 40.585318511007934 ], [ -3.732294858241405, 40.585387202161719 ], [ -3.731032472513042, 40.585235022330103 ], [ -3.730636832944974, 40.585188739421717 ], [ -3.730460054534313, 40.585167189580581 ], [ -3.730223904167973, 40.585140835671062 ], [ -3.730020764728698, 40.58511418256785 ], [ -3.729809020689203, 40.585090136558868 ], [ -3.72915017572941, 40.584861557420446 ], [ -3.728194077734275, 40.584528919105473 ], [ -3.72776002085887, 40.58439409961936 ], [ -3.727290505967688, 40.584256425256385 ], [ -3.726671352321099, 40.584071543025871 ], [ -3.726457543676983, 40.584012982209096 ], [ -3.726004049723337, 40.5838860060652 ], [ -3.725048443221116, 40.583620009768097 ], [ -3.72469802006136, 40.583523805894004 ], [ -3.723583176812632, 40.583206507581842 ], [ -3.723437443498071, 40.58316721419888 ], [ -3.721992119834629, 40.582758102770626 ], [ -3.721431436246299, 40.582600356799901 ], [ -3.720662487890264, 40.582219016876842 ], [ -3.719420165730564, 40.582124814736595 ], [ -3.718658239816365, 40.58239704273069 ], [ -3.71828897957696, 40.582529134424547 ], [ -3.717251926729557, 40.582897723418924 ], [ -3.716485598971809, 40.582836708830108 ], [ -3.716040617995254, 40.582796935782397 ], [ -3.714538487969124, 40.582657144795533 ], [ -3.713710269912084, 40.583005142942241 ], [ -3.713000000587721, 40.583294185204323 ], [ -3.711651573387628, 40.583076371045131 ], [ -3.711493612332034, 40.583049848399867 ], [ -3.711358799929739, 40.58306477924274 ], [ -3.711205094395073, 40.583080685692359 ], [ -3.711026295625603, 40.583099894969813 ], [ -3.71084159523513, 40.583119275420117 ], [ -3.70858799089154, 40.583518679680679 ], [ -3.707885432335563, 40.583756940888961 ], [ -3.707631607416242, 40.583149768036655 ], [ -3.705863826019762, 40.583005437394995 ], [ -3.705396827290975, 40.58298017913593 ], [ -3.705395606435148, 40.583544436557538 ], [ -3.705395155675395, 40.583797334820567 ], [ -3.705385303118612, 40.584696878827671 ], [ -3.705195628594963, 40.584781915924879 ], [ -3.705017339523427, 40.58484913771931 ], [ -3.704782545053515, 40.584944159183301 ], [ -3.704698494924029, 40.585000917414717 ], [ -3.704394668797217, 40.585220386728651 ], [ -3.704167258548464, 40.585384688097058 ], [ -3.703710912803014, 40.5857157761914 ], [ -3.703302357897265, 40.586008230126623 ], [ -3.702948662939234, 40.586263313666606 ], [ -3.702491803868023, 40.586592786572247 ], [ -3.702227215662, 40.586783724847336 ], [ -3.702040147648136, 40.586900417583884 ], [ -3.701958577518237, 40.586951381409058 ], [ -3.701864775179934, 40.586999922268781 ], [ -3.701771661764138, 40.58704768501245 ], [ -3.701562322692757, 40.587155827812715 ], [ -3.701395806078895, 40.587241242316658 ], [ -3.70112024318376, 40.587382109923176 ], [ -3.700790299592548, 40.587551450238543 ], [ -3.700419585442569, 40.587734107678514 ], [ -3.700347262326301, 40.587781572937551 ], [ -3.699828429264995, 40.588048098210024 ], [ -3.699439060700126, 40.588248956048396 ], [ -3.699020161537035, 40.588467762904074 ], [ -3.698751732400645, 40.588602872817589 ], [ -3.69833818415142, 40.588816665674578 ], [ -3.69790116533224, 40.589040778779996 ], [ -3.697494433117106, 40.589250302312031 ], [ -3.697105529240803, 40.589449455816649 ], [ -3.696900792427181, 40.5895550038884 ], [ -3.69674520182432, 40.589635390929764 ], [ -3.696472778276603, 40.589790282190911 ], [ -3.696331564883648, 40.589879455630282 ], [ -3.696304904070145, 40.589919236955346 ], [ -3.696222505325944, 40.590028947055586 ], [ -3.696092052527898, 40.590237376600491 ], [ -3.695988532356118, 40.590419627266066 ], [ -3.695757089194346, 40.590822280624401 ], [ -3.695589573478957, 40.591118498128488 ], [ -3.695404582099972, 40.591442478433287 ], [ -3.69524686677653, 40.591722222423606 ], [ -3.695078480201498, 40.592016939026166 ], [ -3.694933753899747, 40.592276523844482 ], [ -3.694814290829853, 40.592484534423164 ], [ -3.694682601278146, 40.592714788999231 ], [ -3.69457504596009, 40.592906511908708 ], [ -3.694421299198309, 40.593174132069677 ], [ -3.694288959313343, 40.593408038638636 ], [ -3.694179530389711, 40.593600502134493 ], [ -3.694041818110537, 40.593841890949321 ], [ -3.692891040842534, 40.595852216436448 ], [ -3.692838539729021, 40.595943419946579 ], [ -3.692077907730225, 40.597273890598615 ], [ -3.692009939301033, 40.597393131588682 ], [ -3.691967678712135, 40.597483959825134 ], [ -3.691891354027774, 40.597650196390866 ], [ -3.691863671634119, 40.597718684702471 ], [ -3.691781860488413, 40.597960392567813 ], [ -3.691696599493893, 40.598210302787926 ], [ -3.690805611693592, 40.600830898414699 ], [ -3.690694708084858, 40.601157795084553 ], [ -3.690674794704895, 40.601215417093783 ], [ -3.690643049228664, 40.601282595175618 ], [ -3.690575288474717, 40.601431376445305 ], [ -3.690479425025535, 40.601593646932635 ], [ -3.690379521491828, 40.601764212429472 ], [ -3.69030127428077, 40.601899514238333 ], [ -3.689544624494901, 40.603185989569738 ], [ -3.689282862217467, 40.603630846029482 ], [ -3.689039550930949, 40.604043835924408 ], [ -3.688850703823927, 40.604364836355913 ], [ -3.688424714291709, 40.605088103838952 ], [ -3.688350654904306, 40.605212983199635 ], [ -3.68830559525593, 40.60528885322347 ], [ -3.688200363928559, 40.605469997755549 ], [ -3.688061841173486, 40.605732437341914 ], [ -3.687904708004291, 40.606019806718884 ], [ -3.687778060800729, 40.606262500092555 ], [ -3.687609938370191, 40.606574673428746 ], [ -3.68741737733086, 40.606809117585939 ], [ -3.687251281177042, 40.606939760927744 ], [ -3.687053928330456, 40.607097805414369 ], [ -3.686484729248381, 40.607549256563267 ], [ -3.686080742112957, 40.607860935658444 ], [ -3.685581560274637, 40.608255758974067 ], [ -3.685327367061319, 40.608462473438891 ], [ -3.685083234374984, 40.608661006275284 ], [ -3.684774043145699, 40.608819727286345 ], [ -3.684600847853683, 40.608891625874861 ], [ -3.684079367742314, 40.609096820789908 ], [ -3.683711892736797, 40.609238989138134 ], [ -3.683320375049522, 40.609391825291318 ], [ -3.682684917386037, 40.609644098572453 ], [ -3.682432334618994, 40.609747904574128 ], [ -3.682387986989566, 40.609764572439452 ], [ -3.682232494490425, 40.609827191070416 ], [ -3.681892827662585, 40.609966030895961 ], [ -3.68131698983764, 40.610200277573647 ], [ -3.681038568576585, 40.610311683182907 ], [ -3.680645685333543, 40.610472120803806 ], [ -3.680281217206151, 40.610620841405961 ], [ -3.680026336524735, 40.610723753001913 ], [ -3.679799568829194, 40.610815337626484 ], [ -3.67966796115241, 40.610867280987371 ], [ -3.679475341401296, 40.611004294238256 ], [ -3.679322734297135, 40.611108423214723 ], [ -3.679224014573927, 40.61117475869117 ], [ -3.679143186775872, 40.611269789849203 ], [ -3.678978600352823, 40.611464670885944 ], [ -3.678784952535783, 40.611689523429575 ], [ -3.678618900744538, 40.611883484655159 ], [ -3.678386130880975, 40.612155943394448 ], [ -3.67816987534795, 40.612408710658968 ], [ -3.677786915417126, 40.612858170999793 ], [ -3.677310539022749, 40.613411985717356 ], [ -3.676839630303949, 40.613964837589691 ], [ -3.676687537672864, 40.614141064243704 ], [ -3.676503631793639, 40.614356858777782 ], [ -3.676310576000861, 40.614564686107876 ], [ -3.676288369870177, 40.614598185436407 ], [ -3.676265992816969, 40.614666322586814 ], [ -3.676234478642787, 40.614711118420573 ], [ -3.67615890686035, 40.614810043587603 ], [ -3.675915584502205, 40.615075533112815 ], [ -3.675823275261413, 40.615099676221398 ], [ -3.675596127926442, 40.615350421293982 ], [ -3.675335320725221, 40.615633902325918 ], [ -3.67531672750984, 40.615655289701117 ], [ -3.675304686740328, 40.615666422844136 ], [ -3.675298574235212, 40.615675755608947 ], [ -3.675297919387176, 40.61568116468456 ], [ -3.675299617012262, 40.615687740150484 ], [ -3.67530918277434, 40.615720800362212 ], [ -3.675310792362947, 40.615728024972285 ], [ -3.675311132015715, 40.61573475341914 ], [ -3.675309960805325, 40.615738191698142 ], [ -3.674979381144986, 40.616099519028936 ], [ -3.67477289416439, 40.616317566088277 ], [ -3.674655915390789, 40.616410372896965 ], [ -3.674596471130416, 40.616442013801006 ], [ -3.674526337049883, 40.616473741431768 ], [ -3.674360452630229, 40.616541887449245 ], [ -3.673700252115282, 40.616781364158904 ], [ -3.673576108944787, 40.6168290598429 ], [ -3.673125903092373, 40.616952347772035 ], [ -3.672215360440268, 40.617199481824315 ], [ -3.671898285385649, 40.617285072183442 ], [ -3.671587803280965, 40.617369181935608 ], [ -3.671483310895398, 40.617396707637525 ], [ -3.671385660273246, 40.617422734055779 ], [ -3.671262764328611, 40.617456538431398 ], [ -3.671212866300517, 40.617472231586902 ], [ -3.671138404283175, 40.617507078617955 ], [ -3.670930586075174, 40.617609102930587 ], [ -3.668584537297762, 40.618736485946485 ], [ -3.666840006718072, 40.619577735557442 ], [ -3.666835407398835, 40.619581267414752 ], [ -3.666711266125533, 40.619746105369515 ], [ -3.666643661794935, 40.619832637197192 ], [ -3.666552007065889, 40.620063970143953 ], [ -3.66661218878, 40.620430719927882 ], [ -3.666651414338517, 40.620663585631526 ], [ -3.666756933737591, 40.621267742120139 ], [ -3.666809271585754, 40.621565250804615 ], [ -3.666845386365226, 40.621812938413221 ], [ -3.666865890167108, 40.621920093360913 ], [ -3.666935647744109, 40.622328012437578 ], [ -3.666974240843162, 40.622535097699817 ], [ -3.667043341428772, 40.62275324243447 ], [ -3.667062946068893, 40.622812856216875 ], [ -3.667109889393101, 40.622914419809916 ], [ -3.667358390820311, 40.623444481446583 ], [ -3.667421830508644, 40.62357831795601 ], [ -3.667700153948666, 40.624168781160691 ], [ -3.668232097881778, 40.62530396681683 ], [ -3.668389494318533, 40.6256397212764 ], [ -3.668520587889191, 40.625916511571646 ], [ -3.668518603448688, 40.626143183615142 ], [ -3.668523147209098, 40.627020967913346 ], [ -3.668558995581521, 40.627363461431564 ], [ -3.66854709878382, 40.627448635758022 ], [ -3.668431999560364, 40.628314165975482 ], [ -3.668382765619551, 40.628640099282336 ], [ -3.668349159034324, 40.628891766063987 ], [ -3.668016194916529, 40.629602207197202 ], [ -3.667996293468848, 40.629662848334021 ], [ -3.66755173049569, 40.630626744431872 ], [ -3.667387836947256, 40.630982437203713 ], [ -3.667302706004811, 40.631165950364057 ], [ -3.667218845346587, 40.631308439403959 ], [ -3.665758248845651, 40.633769655394374 ], [ -3.6654930141282, 40.63417827917776 ], [ -3.664450415310369, 40.635522464689245 ], [ -3.664307829275884, 40.635707810552546 ], [ -3.664095786856014, 40.635952337553597 ], [ -3.663272386079071, 40.636882427021888 ], [ -3.663101025442888, 40.637074080574621 ], [ -3.663030114908445, 40.637156151729471 ], [ -3.662829897623775, 40.637382419875181 ], [ -3.662447395489575, 40.637814052020005 ], [ -3.662447206051173, 40.637814268414985 ], [ -3.662393867434099, 40.637874841773503 ], [ -3.662346558184434, 40.63795319165277 ], [ -3.662293988076097, 40.638034828333808 ], [ -3.662240812295011, 40.638136323667773 ], [ -3.662206555860616, 40.638219202084564 ], [ -3.662168300231425, 40.638343769621137 ], [ -3.662138615993229, 40.638429810882137 ], [ -3.661987069451476, 40.638901457031608 ], [ -3.661978960812877, 40.638918619166837 ], [ -3.661884263809275, 40.639216332360355 ], [ -3.661796408230269, 40.639327568267269 ], [ -3.661732043768762, 40.639411991097674 ], [ -3.661674290254162, 40.639491537432853 ], [ -3.66166298980797, 40.639499257785097 ], [ -3.661337495272252, 40.639764106430803 ], [ -3.661087164138833, 40.639964469246351 ], [ -3.660773845103838, 40.640215547943384 ], [ -3.66043292125397, 40.640488221690759 ], [ -3.6602433195108, 40.640641868398212 ], [ -3.659735229697037, 40.641054099227162 ], [ -3.659388897338541, 40.641324477423488 ], [ -3.659313174209455, 40.641380134074367 ], [ -3.659230902829163, 40.641450351898655 ], [ -3.659016644198565, 40.641626323983459 ], [ -3.658479507841084, 40.642054334309066 ], [ -3.658021973667438, 40.642225421440443 ], [ -3.657662331752944, 40.642354825433841 ], [ -3.657385489909467, 40.642461799148265 ], [ -3.657047743264811, 40.642590198230934 ], [ -3.656751333516718, 40.642700795157864 ], [ -3.65646116956579, 40.64281355844696 ], [ -3.65620236372766, 40.642909845163601 ], [ -3.656138827828063, 40.642934899060293 ], [ -3.655945239517473, 40.643228718801609 ], [ -3.655880538875119, 40.643243563297681 ], [ -3.655861411418285, 40.643246816875532 ], [ -3.655693516197993, 40.643279509810995 ], [ -3.655413674261818, 40.643226188585857 ], [ -3.654934246962725, 40.643137127979365 ], [ -3.653636103550171, 40.642897491452587 ], [ -3.652799564291333, 40.642744201750148 ], [ -3.652614065798061, 40.642717737641966 ], [ -3.652213798991338, 40.642657586708559 ], [ -3.65192954325603, 40.642575870283892 ], [ -3.651527596853031, 40.642440625341258 ], [ -3.651320418536252, 40.642366035321686 ], [ -3.650933488415947, 40.642225675843122 ], [ -3.650282245565526, 40.641985664784329 ], [ -3.649617173406127, 40.641746938601273 ], [ -3.64912579058565, 40.64154867242555 ], [ -3.648863691494332, 40.641443472388453 ], [ -3.648863565635198, 40.641443420845121 ], [ -3.648755835363055, 40.641400801425071 ], [ -3.648725267522932, 40.641377945982732 ], [ -3.648640336367058, 40.641317489045434 ], [ -3.648527876284992, 40.641235320704908 ], [ -3.648479368170684, 40.64120148613295 ], [ -3.648362754213362, 40.641120207593801 ], [ -3.648345253663589, 40.641107017099174 ], [ -3.648223292526898, 40.641009639239101 ], [ -3.64788427772255, 40.640701064574394 ], [ -3.647613566810421, 40.640467452938303 ], [ -3.647219864838053, 40.640111108856658 ], [ -3.647088020195577, 40.639994105629974 ], [ -3.647022421935427, 40.639935466111631 ], [ -3.646984864038621, 40.639902597441015 ], [ -3.646928773932976, 40.639858632945192 ], [ -3.646860938043776, 40.639804117446296 ], [ -3.645928319175823, 40.639114753198321 ], [ -3.645225180377819, 40.638593250622073 ], [ -3.645022297793606, 40.638447580663382 ], [ -3.644865499110337, 40.63834172738926 ], [ -3.644479259592957, 40.638090434121587 ], [ -3.642451349874737, 40.638045238371724 ], [ -3.642025158203089, 40.638113766858503 ], [ -3.641367747030452, 40.638227300200818 ], [ -3.640883918183613, 40.638306795585621 ], [ -3.640433638564371, 40.638387813645615 ], [ -3.640174039792477, 40.638431449892245 ], [ -3.640109711398703, 40.6384435520539 ], [ -3.640008397917171, 40.638440466866307 ], [ -3.639947534483769, 40.638438452890597 ], [ -3.63882401682008, 40.638402575822319 ], [ -3.638549451476637, 40.638243315750351 ], [ -3.638387800325317, 40.6381461144436 ], [ -3.637804006510479, 40.637801981118294 ], [ -3.637690310502312, 40.637735800340458 ], [ -3.63762837492915, 40.637695976054594 ], [ -3.637579126500166, 40.637650227821709 ], [ -3.637555874329719, 40.637623835423732 ], [ -3.637265153961064, 40.637285968959397 ], [ -3.637024603845521, 40.637013110302938 ], [ -3.636889634350574, 40.636860931696248 ], [ -3.636829958380268, 40.636794560220501 ], [ -3.636701844037915, 40.636778448265382 ], [ -3.636605925667645, 40.636435122229429 ], [ -3.636552890893697, 40.636222511423114 ], [ -3.636466570944337, 40.63592929380264 ], [ -3.636372140516744, 40.635613761141379 ], [ -3.636320772807744, 40.635450788091013 ], [ -3.636220790966358, 40.635127071710713 ], [ -3.636184133665171, 40.635069886278686 ], [ -3.635970701485108, 40.634820916589113 ], [ -3.635898077584092, 40.63473501111875 ], [ -3.63576747723182, 40.634598249826325 ], [ -3.635532146019814, 40.63437427205244 ], [ -3.635276832813354, 40.634136041998929 ], [ -3.635116677250545, 40.633989337443772 ], [ -3.635022460013819, 40.633901271853794 ], [ -3.634887295230354, 40.633771019120744 ], [ -3.634686241808348, 40.633570833260656 ], [ -3.634608464493299, 40.633494218051815 ], [ -3.634582488614034, 40.633464631990407 ], [ -3.634573686972876, 40.633449239395333 ], [ -3.634555018143154, 40.63341831591832 ], [ -3.634450022260251, 40.633241997410835 ], [ -3.633885114169945, 40.632301146882718 ], [ -3.633275345653585, 40.631274982588231 ], [ -3.633079321164748, 40.630943645043679 ], [ -3.632929497513255, 40.63069251003585 ], [ -3.632777223116097, 40.630556169420551 ], [ -3.632376262925749, 40.630191087757034 ], [ -3.631996135309854, 40.629849161126501 ], [ -3.631907001293991, 40.629764293824437 ], [ -3.631640479897149, 40.629521441276154 ], [ -3.631113764178987, 40.629038250088875 ], [ -3.630703398922852, 40.628714200030664 ], [ -3.630146039142366, 40.628284877277011 ], [ -3.62989165127416, 40.627742056211567 ], [ -3.629703319235115, 40.627352028338592 ], [ -3.629674425622518, 40.62702628933431 ], [ -3.629653957764021, 40.626809677680981 ], [ -3.629863593969293, 40.626433330404353 ], [ -3.630054131758287, 40.626090867899158 ], [ -3.630211872510106, 40.625811691173922 ], [ -3.63005333166897, 40.625429496420516 ], [ -3.629610286171197, 40.624326187662149 ], [ -3.629400166590669, 40.623786493030948 ], [ -3.628851708117065, 40.622339034853631 ], [ -3.628965692476187, 40.62202286655662 ], [ -3.629162494175036, 40.621474332989976 ], [ -3.629493214908128, 40.620576250409663 ], [ -3.62938836242803, 40.620427979309895 ], [ -3.629056556793048, 40.619966593171533 ], [ -3.628771868420916, 40.619572010666651 ], [ -3.628656830129446, 40.619413866681057 ], [ -3.628634639285093, 40.618905623600703 ], [ -3.628602097788321, 40.61836452783318 ], [ -3.628601945770003, 40.618155464324282 ], [ -3.628600171739759, 40.618142022109282 ], [ -3.628597898852048, 40.618125305224886 ], [ -3.628537277243364, 40.618032303570807 ], [ -3.628362688365645, 40.617767631386847 ], [ -3.628282176837447, 40.617645009817458 ], [ -3.628236587143976, 40.617620690944683 ], [ -3.62782627587969, 40.617396180813593 ], [ -3.627408457924389, 40.617165097564133 ], [ -3.626939354207696, 40.616905724433622 ], [ -3.6268055335047, 40.616888595431959 ], [ -3.626126061551101, 40.616797725175012 ], [ -3.62592307816467, 40.616771303687607 ], [ -3.625824684443544, 40.616758783210294 ], [ -3.625801940675619, 40.616756072295566 ], [ -3.625151187417446, 40.616667510879687 ], [ -3.62479555652149, 40.616621080821659 ], [ -3.62415056225056, 40.61653432129205 ], [ -3.624013124514373, 40.616516456366561 ], [ -3.623915718613109, 40.616501008284438 ], [ -3.623899700423549, 40.6164949787713 ], [ -3.623678966469214, 40.6163973232864 ], [ -3.623590535911303, 40.616356555094029 ], [ -3.623532104027896, 40.616329674937077 ], [ -3.623182836871773, 40.616169951046331 ], [ -3.622600880479307, 40.615908766444392 ], [ -3.622007186775723, 40.615196808645784 ], [ -3.621774540205271, 40.614922948240427 ], [ -3.621739432666156, 40.614867165812242 ], [ -3.621476686752076, 40.61435791474134 ], [ -3.621398487085165, 40.614222463567401 ], [ -3.621364362583077, 40.614154045444337 ], [ -3.621267816846348, 40.61396377636575 ], [ -3.620615800935306, 40.612778505297882 ], [ -3.620552033627903, 40.612666650084954 ], [ -3.620483805104132, 40.612563478025805 ], [ -3.620313651776919, 40.612376913330934 ], [ -3.620211549736228, 40.612272174428853 ], [ -3.620137380492402, 40.612186872313195 ], [ -3.620022034588649, 40.612062576952532 ], [ -3.61987259815143, 40.611904283386046 ], [ -3.619711226951739, 40.611850823801682 ], [ -3.619247595585013, 40.611690242884762 ], [ -3.618622522674491, 40.611475064257505 ], [ -3.618280000735398, 40.611353907084442 ], [ -3.618011034777248, 40.611264989580775 ], [ -3.617987932523184, 40.611019630598591 ], [ -3.617949567751987, 40.610766509328144 ], [ -3.617819893623816, 40.610172909935571 ], [ -3.617838652264453, 40.610138004211997 ], [ -3.617964512896271, 40.609868910092615 ], [ -3.618152484664564, 40.609447897356524 ], [ -3.61839140400228, 40.60895933582421 ], [ -3.617306236695979, 40.607607291944774 ], [ -3.616799947697898, 40.606971418907669 ], [ -3.617160204490712, 40.606036594423387 ], [ -3.617110792584274, 40.605161201816571 ], [ -3.616874226927102, 40.604628241447237 ], [ -3.616449986199375, 40.603865653111107 ], [ -3.616397559119954, 40.603762686000245 ], [ -3.616096815495274, 40.603048146671696 ], [ -3.616485534049862, 40.602071808043199 ], [ -3.616365019360217, 40.601522538050503 ], [ -3.615307366135985, 40.600714876905776 ], [ -3.614275892341286, 40.60058629213691 ], [ -3.612956594667233, 40.59990861708485 ], [ -3.611632397689975, 40.599468784752553 ], [ -3.610577658008567, 40.598765360050216 ], [ -3.608742909773546, 40.59845431071345 ], [ -3.608208043305627, 40.597904805791536 ], [ -3.608140992952252, 40.597835919977221 ], [ -3.60805938598673, 40.597749596765674 ], [ -3.607996280248815, 40.597682320690041 ], [ -3.607905428500714, 40.597594499219817 ], [ -3.607706205203349, 40.597438898205546 ], [ -3.607673517402906, 40.597414390598168 ], [ -3.607565958063822, 40.597332013380246 ], [ -3.607150412440913, 40.597009008988472 ], [ -3.607084347765729, 40.596957019660493 ], [ -3.606978431221751, 40.596878141275383 ], [ -3.606931107832141, 40.596837426971561 ], [ -3.60684253696941, 40.59682041708443 ], [ -3.606339096051769, 40.596708869118011 ], [ -3.605377854546251, 40.596495920833142 ], [ -3.605340938234585, 40.596487663161007 ], [ -3.605211794441778, 40.596459940585234 ], [ -3.605196888512253, 40.596441281297537 ], [ -3.60516950267877, 40.596401566278821 ], [ -3.605120003760315, 40.596330441731624 ], [ -3.605068955805748, 40.596260394620465 ], [ -3.60501804052693, 40.59619220530486 ], [ -3.6049856392039, 40.596148562551868 ], [ -3.604730232723886, 40.59579056804764 ], [ -3.604830114026218, 40.595174650702816 ], [ -3.604834326797139, 40.595124110922811 ], [ -3.604830332628794, 40.595044812997806 ], [ -3.604827674278758, 40.595012372732072 ], [ -3.604823452748536, 40.594963711306136 ], [ -3.604821285367158, 40.594923589371554 ], [ -3.604818758547081, 40.594867055292958 ], [ -3.604792992668124, 40.594559520905158 ], [ -3.604788663926573, 40.594514824806659 ], [ -3.604784566385959, 40.594451324337314 ], [ -3.604772796869142, 40.594348252358174 ], [ -3.604772011085093, 40.594301572888533 ], [ -3.604770162867198, 40.594295816935585 ], [ -3.6047399440704, 40.594263433575634 ], [ -3.604596267158872, 40.594118397252544 ], [ -3.604573937718377, 40.594096447981627 ], [ -3.604429697088286, 40.593953169310034 ], [ -3.604302618217841, 40.593824742660679 ], [ -3.60425809719938, 40.593778784766506 ], [ -3.604187970670358, 40.593703346172553 ], [ -3.60414853934649, 40.593667707315284 ], [ -3.604097454089811, 40.59362153684981 ], [ -3.60406906205868, 40.593595878732785 ], [ -3.604050954810555, 40.59358133413027 ], [ -3.603986023422222, 40.593530926213703 ], [ -3.603928443647668, 40.593487298581749 ], [ -3.60384427440889, 40.593413425052184 ], [ -3.603794689707269, 40.593377026556915 ], [ -3.60373612233601, 40.593329208592515 ], [ -3.603611096761391, 40.593231967901062 ], [ -3.603525378623902, 40.593167399308939 ], [ -3.603404790805676, 40.593053147310961 ], [ -3.603369837638045, 40.593029816933544 ], [ -3.603297412186627, 40.59299371770669 ], [ -3.603092234566304, 40.592913733398504 ], [ -3.602776826755557, 40.592783921580626 ], [ -3.60198428382355, 40.592449239178677 ], [ -3.601908947960774, 40.592417765847721 ], [ -3.601850402098334, 40.592391477835747 ], [ -3.601806458422085, 40.592203994022043 ], [ -3.601780846587154, 40.592098890252345 ], [ -3.601807098451066, 40.591882448566714 ], [ -3.601818487421048, 40.591798382157798 ], [ -3.601836141917671, 40.591655510581823 ], [ -3.601858618717327, 40.59147476699637 ], [ -3.601876941568546, 40.591338708884507 ], [ -3.601888044601119, 40.591256643905204 ], [ -3.601915946640475, 40.591000917890227 ], [ -3.601966702615819, 40.590853810809506 ], [ -3.602067081122651, 40.590575991293697 ], [ -3.602107399567235, 40.59045961261878 ], [ -3.602148105753933, 40.590350246160767 ], [ -3.602224059049292, 40.590141498187904 ], [ -3.602539566248055, 40.589663520415321 ], [ -3.602743259865928, 40.589372117441464 ], [ -3.60298003779202, 40.589009435798282 ], [ -3.603359922488437, 40.588755400160295 ], [ -3.603381335400197, 40.588740570623855 ], [ -3.603405091778108, 40.588722600984319 ], [ -3.603806408425413, 40.588558843568016 ], [ -3.603863104948618, 40.588538918799102 ], [ -3.604073161556498, 40.58845295032139 ], [ -3.604225157728205, 40.588392951272809 ], [ -3.604244375965549, 40.588380229405331 ], [ -3.604350377645232, 40.588293344367457 ], [ -3.604398338966462, 40.588256526680674 ], [ -3.604438807324563, 40.58822315261073 ], [ -3.604665738492855, 40.588041450058128 ], [ -3.604750157176841, 40.587971560132331 ], [ -3.604810362431701, 40.587924467588991 ], [ -3.604889612303002, 40.587858931553818 ], [ -3.604924087757813, 40.587833422753263 ], [ -3.605007213696389, 40.587768184348874 ], [ -3.60501754855246, 40.587754517911058 ], [ -3.605080404526868, 40.587624624911996 ], [ -3.605124527061505, 40.587536440794878 ], [ -3.605229273613263, 40.587327905684525 ], [ -3.605375442421268, 40.587041538011206 ], [ -3.605423063778404, 40.586950540002846 ], [ -3.605697486625045, 40.586402465799473 ], [ -3.605888794910084, 40.586028912216229 ], [ -3.606005698675406, 40.585797621199518 ], [ -3.606069522707937, 40.585671441383688 ], [ -3.606154536610854, 40.585502792715594 ], [ -3.60619070733144, 40.585427560417166 ], [ -3.60620376713783, 40.585401663622356 ], [ -3.606233893459112, 40.585356516420362 ], [ -3.60637423566832, 40.585180611583056 ], [ -3.60640489622988, 40.585140866816914 ], [ -3.606423737057995, 40.585116598169535 ], [ -3.606453393934587, 40.585098001436599 ], [ -3.608419341087675, 40.583917443067655 ], [ -3.608453359096919, 40.583904283089701 ], [ -3.608492964137667, 40.583899892577314 ], [ -3.60853177355176, 40.583904455596347 ], [ -3.608789653045691, 40.583933606923907 ], [ -3.608925061912512, 40.583741690178755 ], [ -3.609049027521187, 40.583561274797013 ], [ -3.609368526050225, 40.583418004592744 ], [ -3.609600315373055, 40.583268107370614 ], [ -3.609670147744753, 40.583265759586872 ], [ -3.609705518853722, 40.583194642011115 ], [ -3.609764935318418, 40.583163421850067 ], [ -3.609846614311937, 40.583124110427043 ], [ -3.610822343946956, 40.582520024809824 ], [ -3.611908812506369, 40.581901130256178 ], [ -3.613070717605452, 40.581553570597755 ], [ -3.613353029113548, 40.581466982790332 ], [ -3.614346545590129, 40.581162851105738 ], [ -3.614943718614566, 40.580978078419541 ], [ -3.61636823046216, 40.580492399269275 ], [ -3.618211464960062, 40.579011599894649 ], [ -3.618674701763109, 40.578631468438395 ], [ -3.619187753750548, 40.578231095554251 ], [ -3.61968416623669, 40.577834441994263 ], [ -3.620521040637366, 40.577174506697418 ], [ -3.621395695288872, 40.576481679876039 ], [ -3.621506583421842, 40.576370329799467 ], [ -3.621702818056992, 40.576180152595398 ], [ -3.622232237936695, 40.575678225166662 ], [ -3.622659132316316, 40.57537193398143 ], [ -3.623000927435834, 40.575130497047098 ], [ -3.62348330699637, 40.574781287319908 ], [ -3.623616556625218, 40.574685867324909 ], [ -3.623817618646083, 40.574537047864574 ], [ -3.623940992104117, 40.574448308616041 ], [ -3.624239929145507, 40.574224574786733 ], [ -3.624989655520114, 40.57363064309321 ], [ -3.625009715129075, 40.573614752006279 ], [ -3.625050772990209, 40.573611727213212 ], [ -3.626287314623371, 40.573520628968076 ], [ -3.627983401998367, 40.573597023925402 ], [ -3.628726821098295, 40.573754246200323 ], [ -3.629073622617835, 40.573935517429355 ], [ -3.629776296462873, 40.574296279392513 ], [ -3.630212288364151, 40.574451454227173 ], [ -3.630571749218141, 40.574583834862274 ], [ -3.631123746637857, 40.574862803673454 ], [ -3.631446219649014, 40.574771118989212 ], [ -3.631833016970222, 40.574672808757548 ], [ -3.632453259348311, 40.574500550633637 ], [ -3.632649144916626, 40.574497316797661 ], [ -3.632906617060894, 40.574490375024354 ], [ -3.633353686505548, 40.574466000880271 ], [ -3.633545718767427, 40.574459091232676 ], [ -3.633743946677086, 40.574455698553017 ], [ -3.634009293558453, 40.574457203734831 ], [ -3.634174111494195, 40.574461508835704 ], [ -3.634657986734097, 40.574465684634689 ], [ -3.635130937888696, 40.574515177875391 ], [ -3.635369287881744, 40.574544083641648 ], [ -3.636366127765859, 40.574635902627449 ], [ -3.636816722821472, 40.574709893577982 ], [ -3.637195016415253, 40.574758708270132 ], [ -3.638458888734831, 40.5749261730314 ], [ -3.639727146308888, 40.575107454320403 ], [ -3.640630699402933, 40.575451099016817 ], [ -3.641092907885075, 40.575630669647403 ], [ -3.641559236220462, 40.575811714604043 ], [ -3.642154160314781, 40.576143025215757 ], [ -3.642283833917969, 40.576219399930011 ], [ -3.642647295939032, 40.576420982196431 ], [ -3.643779054199766, 40.576656129261444 ], [ -3.644709905119729, 40.576851105582925 ], [ -3.644788494878969, 40.576866702627399 ], [ -3.644911218161241, 40.576871675084647 ], [ -3.645495243820256, 40.576890980171655 ], [ -3.645985093239062, 40.576910405393519 ], [ -3.646491483801833, 40.576926741436658 ], [ -3.647028539480555, 40.576946643961932 ], [ -3.647552175245592, 40.576963902160323 ], [ -3.647862793409494, 40.576996768765049 ], [ -3.648181724749402, 40.577031940088268 ], [ -3.648672771774822, 40.577085510402675 ], [ -3.649473270065803, 40.57717284743466 ], [ -3.649594730866353, 40.577185236263141 ], [ -3.649863875332622, 40.577274026768528 ], [ -3.6502906366659, 40.577414315694831 ], [ -3.650317341045549, 40.577423692178904 ], [ -3.650526305009842, 40.577620840051303 ], [ -3.650790651902279, 40.577858253917618 ], [ -3.65091945106836, 40.577968492433115 ], [ -3.650946258225411, 40.57801160077716 ], [ -3.650988569277482, 40.578083585966674 ], [ -3.651126737798115, 40.57833106839545 ], [ -3.651223897946533, 40.578501714185151 ], [ -3.651362958670897, 40.578746594941677 ], [ -3.651466575459713, 40.578928515564257 ], [ -3.651627586074529, 40.579210020916051 ], [ -3.651783578121409, 40.579478670849134 ], [ -3.65184918609828, 40.579597968228413 ], [ -3.6519291246794, 40.579726687180326 ], [ -3.65202081087034, 40.579908125964266 ], [ -3.652140819809706, 40.580116478940084 ], [ -3.652227252712394, 40.580266532597314 ], [ -3.652345445712138, 40.580457007714656 ], [ -3.652459906270747, 40.580649008255811 ], [ -3.652532647084236, 40.580765354184685 ], [ -3.652605881686853, 40.58088616113784 ], [ -3.652726860944382, 40.581085781151934 ], [ -3.65278937139136, 40.581259980697489 ], [ -3.652878955218324, 40.581504970616322 ], [ -3.652938429605074, 40.581671496411374 ], [ -3.653055590739144, 40.581993046551887 ], [ -3.653175231214815, 40.582310749288688 ], [ -3.653210089790724, 40.582405877011801 ], [ -3.653266550487283, 40.582561483866293 ], [ -3.653294065044425, 40.582631652766757 ], [ -3.653376770802824, 40.582858780645424 ], [ -3.653426914411841, 40.582997410018322 ], [ -3.653622268493928, 40.5835333869544 ], [ -3.653664398114594, 40.583647370233628 ], [ -3.6537138374114, 40.583788539423423 ], [ -3.653889488722472, 40.584255706411554 ], [ -3.653959652201356, 40.584447678595382 ], [ -3.654029360928504, 40.584627132876307 ], [ -3.654117183206682, 40.58485386540972 ], [ -3.654157966756664, 40.584963532780066 ], [ -3.654215985243337, 40.585167838136577 ], [ -3.654263513588166, 40.585331785805622 ], [ -3.654296993582733, 40.585435482013132 ], [ -3.654330391823959, 40.585530778869781 ], [ -3.654384580988554, 40.585695741874716 ], [ -3.654413561193601, 40.585788970987693 ], [ -3.654437839211168, 40.585865668564821 ], [ -3.65446104208841, 40.585947469404125 ], [ -3.654508911098198, 40.586093513639391 ], [ -3.654571268570827, 40.58620717831576 ], [ -3.654661390443975, 40.586373403273406 ], [ -3.654714184205631, 40.586469036010854 ], [ -3.654818564605202, 40.586682845553135 ], [ -3.654928007724143, 40.58690631794834 ], [ -3.654992032951579, 40.587043490380395 ], [ -3.65503974273209, 40.587150486648937 ], [ -3.655105171921891, 40.587288713186737 ], [ -3.655197715167615, 40.58749316358297 ], [ -3.655285127445974, 40.587687864860392 ], [ -3.655463327945772, 40.587910794375681 ], [ -3.655606158682685, 40.588088199333257 ], [ -3.655800844741608, 40.588327924422302 ], [ -3.655985086247699, 40.588576272243415 ], [ -3.656105284080151, 40.588736143353401 ], [ -3.656213640483808, 40.588877755921978 ], [ -3.656303960749993, 40.588997122756375 ], [ -3.657142631606736, 40.589439612147181 ], [ -3.657494962180012, 40.589621616203104 ], [ -3.657622553030637, 40.589691551207856 ], [ -3.657734291342837, 40.589758481820219 ], [ -3.657943551145899, 40.589885584224703 ], [ -3.658282367982131, 40.590088637992153 ], [ -3.658549941237828, 40.590251364622134 ], [ -3.65879826198693, 40.590403767355028 ], [ -3.658969425329211, 40.590507526272702 ], [ -3.659365642108955, 40.590818715149268 ], [ -3.659675341753255, 40.591066545202708 ], [ -3.660092736092785, 40.591458225715428 ], [ -3.660319222996043, 40.591671124081273 ], [ -3.66085057398934, 40.591813053776526 ], [ -3.661046100922332, 40.591862990436738 ], [ -3.661377287175124, 40.591949423028645 ], [ -3.661771594551244, 40.592053552057955 ], [ -3.662129125557684, 40.592136271276694 ], [ -3.662345272737032, 40.592184528105783 ], [ -3.663735113491322, 40.592327867923409 ], [ -3.663886244026504, 40.592330417321257 ], [ -3.664148062346332, 40.592331209444808 ], [ -3.664510617577881, 40.592322692871235 ], [ -3.664787683440424, 40.59232864704493 ], [ -3.665028730441101, 40.592324146942538 ], [ -3.665129140696086, 40.592324459759212 ], [ -3.66526355199959, 40.592313584147284 ], [ -3.665349633606332, 40.592307617294431 ], [ -3.66545052172438, 40.592297247166563 ], [ -3.665605646519774, 40.592281669054017 ], [ -3.665842418314631, 40.592258057233892 ], [ -3.666087954017943, 40.592235283557606 ], [ -3.666610462913306, 40.592181097569735 ], [ -3.666811515352283, 40.592161453769911 ], [ -3.666903397635248, 40.592150698337889 ], [ -3.666995308413511, 40.592136391405944 ], [ -3.667190311039994, 40.592118880027051 ], [ -3.66740953325422, 40.592015127835637 ], [ -3.667898824378424, 40.591792985319763 ], [ -3.668885671307521, 40.591334085308404 ], [ -3.669060062207588, 40.591253356581326 ], [ -3.674130278276734, 40.588865584385509 ], [ -3.674142674128016, 40.588861550877418 ], [ -3.674173562107776, 40.588844170127494 ], [ -3.674529858476939, 40.588671199675026 ], [ -3.67527376317638, 40.58830645576473 ], [ -3.675998390794799, 40.587951427745857 ], [ -3.67633310155938, 40.587777557352211 ], [ -3.676861209943477, 40.587504782317211 ], [ -3.677255473153606, 40.587307239220216 ], [ -3.677630199311059, 40.587125818906422 ], [ -3.678120856362596, 40.586880471548959 ], [ -3.678334813215857, 40.586771913412761 ], [ -3.678581257597002, 40.586654395778545 ], [ -3.678825026309786, 40.586539966239883 ], [ -3.679295300822131, 40.586316383588652 ], [ -3.679808993962129, 40.586076259213364 ], [ -3.680246292293853, 40.585869339324717 ], [ -3.680891832376222, 40.58556720717236 ], [ -3.681354551736168, 40.585345703856582 ], [ -3.682191479104299, 40.584945316103678 ], [ -3.682216424332139, 40.584930268240299 ], [ -3.682336029415644, 40.584856923912561 ], [ -3.682671238064492, 40.584651357280698 ], [ -3.682966914963462, 40.58447234889973 ], [ -3.683189802236437, 40.584335896298875 ], [ -3.683408979297504, 40.584199311167339 ], [ -3.683620304715432, 40.584067135043647 ], [ -3.683922869883516, 40.583878242239237 ], [ -3.684165655169401, 40.583726814439764 ], [ -3.684277921544659, 40.583656936703761 ], [ -3.684901903456808, 40.583362179909564 ], [ -3.685858499716798, 40.582916324587316 ], [ -3.687249074686553, 40.582581419784638 ], [ -3.687452625769352, 40.582588106576608 ], [ -3.687615635659291, 40.582589904741184 ], [ -3.687834062346746, 40.582592357364419 ], [ -3.688287834872772, 40.582601271270988 ], [ -3.688462689273395, 40.582608147088607 ], [ -3.688597851016789, 40.582612576446962 ], [ -3.688602925591709, 40.58261265159905 ], [ -3.688605247381849, 40.58261137832914 ], [ -3.688796732319879, 40.582481816349606 ], [ -3.689302644075164, 40.582146626348468 ], [ -3.68974408906766, 40.581778639697539 ], [ -3.69058700864087, 40.581060263810613 ], [ -3.690694399101546, 40.580976232742934 ], [ -3.691168144299154, 40.580763178899893 ], [ -3.691725599962949, 40.580517955954377 ], [ -3.691842555124555, 40.580469004440076 ], [ -3.692413456216201, 40.580310128014247 ], [ -3.693393023876144, 40.580036333322234 ], [ -3.693501392679126, 40.580016185037479 ], [ -3.69378411612064, 40.579968191141568 ], [ -3.694416318996542, 40.57985843093951 ], [ -3.694930046460906, 40.579785298145069 ], [ -3.695724771239153, 40.579675841204519 ], [ -3.695847924384411, 40.57965657642665 ], [ -3.696387612286917, 40.579502110633172 ], [ -3.696929021678768, 40.579346971588656 ], [ -3.697435905659359, 40.579203266124807 ], [ -3.698061768450932, 40.579025107876149 ], [ -3.698780780824078, 40.578821114922675 ], [ -3.699427717604792, 40.578637419218609 ], [ -3.700401126545888, 40.578633867151517 ], [ -3.701030902076526, 40.578638137722059 ], [ -3.701573384397546, 40.578639311724501 ], [ -3.701588704787552, 40.578639824967901 ], [ -3.701589375152869, 40.578532991916006 ] ] ] } },
{ "type": "Feature", "properties": { "barrio": "Fuentelarreina", "distrito": "Fuencarral - El Pardo", "area_km2": 1.383, "n_poi": 3, "diversidad_poi": 2, "n_restaurantes": 33, "pct_terrazas": 3.0, "accesibilidad_media": 2.5, "densidad_oferta": 26.0 }, "geometry": { "type": "Polygon", "coordinates": [ [ [ -3.737507442498246, 40.489564796145849 ], [ -3.737161889667689, 40.489451412726112 ], [ -3.736843828234877, 40.489337762904 ], [ -3.736733053173549, 40.489285856128326 ], [ -3.736594557586101, 40.489213134242142 ], [ -3.736414762809619, 40.489151125703252 ], [ -3.736179870267542, 40.489089557957705 ], [ -3.735903684154226, 40.489017711342626 ], [ -3.735613810352558, 40.488956491627185 ], [ -3.735309212235903, 40.488811040459652 ], [ -3.735073979800217, 40.488718120670974 ], [ -3.734921455736139, 40.48861386467501 ], [ -3.734698302015787, 40.488373211067547 ], [ -3.734460666989477, 40.488048865161346 ], [ -3.734238433565862, 40.487892438219838 ], [ -3.733823880760174, 40.487758402216684 ], [ -3.733555205784498, 40.487606142658599 ], [ -3.733298235394554, 40.487477590863342 ], [ -3.733013068852344, 40.48737101982811 ], [ -3.732836187174875, 40.487294032390515 ], [ -3.73274472782661, 40.487238305616337 ], [ -3.732636041806163, 40.487160886375975 ], [ -3.73263214309654, 40.487157066982526 ], [ -3.732561384484528, 40.487087755804787 ], [ -3.732521173754665, 40.487057469520529 ], [ -3.732441066413806, 40.486993112070827 ], [ -3.732406637024253, 40.486962790007091 ], [ -3.732332662161532, 40.486941546370467 ], [ -3.732253022920491, 40.486942050085986 ], [ -3.732139381241734, 40.486951507813131 ], [ -3.732036101245401, 40.486969728544565 ], [ -3.735950878284573, 40.484921306113399 ], [ -3.73596660800475, 40.483908778995726 ], [ -3.736005382807482, 40.48368871330144 ], [ -3.736017162317653, 40.483622152387035 ], [ -3.736070722736306, 40.483437939029713 ], [ -3.736094602549809, 40.483355804779123 ], [ -3.736145930587379, 40.483150885058585 ], [ -3.736223139615678, 40.482874268637566 ], [ -3.736282242199538, 40.482657587706242 ], [ -3.736351695112897, 40.48236219192372 ], [ -3.736404886078874, 40.482198431004761 ], [ -3.736468120137173, 40.482003525246448 ], [ -3.736571783536886, 40.481675569233673 ], [ -3.736662774093123, 40.481429585986376 ], [ -3.736719706889233, 40.481295260260048 ], [ -3.736741101485968, 40.481244944125038 ], [ -3.736786319005765, 40.481150602614662 ], [ -3.736858988827048, 40.480998789249583 ], [ -3.736918371450982, 40.480894357456769 ], [ -3.736964096097565, 40.480814066574993 ], [ -3.73706931512117, 40.480639613272011 ], [ -3.737161535772143, 40.480495692972497 ], [ -3.737270097225403, 40.480346353086929 ], [ -3.737432480634089, 40.480123788319965 ], [ -3.737510590879863, 40.480027435749079 ], [ -3.737647782561543, 40.479885570396505 ], [ -3.737713223148745, 40.479849748499596 ], [ -3.737811697433195, 40.479813985057277 ], [ -3.737923667307828, 40.479793091098244 ], [ -3.738042345355266, 40.479792335108527 ], [ -3.738949563985554, 40.478841414471518 ], [ -3.739294575399108, 40.478479752447242 ], [ -3.739193556255254, 40.478294002784494 ], [ -3.739159587579886, 40.478208634233937 ], [ -3.73880490076909, 40.47713802046362 ], [ -3.73872254863692, 40.477062058262213 ], [ -3.738322711394805, 40.476111731328324 ], [ -3.738393267127438, 40.476091011376418 ], [ -3.737569418600657, 40.474393206989859 ], [ -3.736612515468012, 40.474291103991185 ], [ -3.736514975508672, 40.474271454569788 ], [ -3.736434939264743, 40.474244936831312 ], [ -3.73635494605668, 40.474211662055154 ], [ -3.736301569269151, 40.474184974373529 ], [ -3.736265885588418, 40.474158174860371 ], [ -3.736203292799178, 40.474097762300723 ], [ -3.736176383503393, 40.474064240250442 ], [ -3.736158245569446, 40.474023724538874 ], [ -3.735729702689439, 40.473226992281752 ], [ -3.735667080680941, 40.47310973315799 ], [ -3.735953417187467, 40.473177371944267 ], [ -3.737561454402022, 40.473557134143235 ], [ -3.739373481084522, 40.473980345386877 ], [ -3.740286067490459, 40.474193520281673 ], [ -3.740833223520944, 40.474302270374153 ], [ -3.741304184179196, 40.474358443930782 ], [ -3.741416908039159, 40.474364118134808 ], [ -3.741471205153786, 40.47436692384769 ], [ -3.742258380422205, 40.474406742063337 ], [ -3.74322665736742, 40.474426653693662 ], [ -3.743646013670774, 40.474435040880714 ], [ -3.744686578993905, 40.474452403988749 ], [ -3.745702455790964, 40.474466762985948 ], [ -3.746260510546725, 40.474472084489918 ], [ -3.746617219621558, 40.474479964477467 ], [ -3.747294035110051, 40.47448208224575 ], [ -3.747468089671841, 40.474475913533396 ], [ -3.747888142441246, 40.474419415554074 ], [ -3.748137218342765, 40.474380688537344 ], [ -3.74835293883259, 40.474344699462172 ], [ -3.748605178934816, 40.47428288806455 ], [ -3.748851570315553, 40.474193636745532 ], [ -3.749002115826189, 40.474131491444929 ], [ -3.749190815172043, 40.474041892541969 ], [ -3.749318185612482, 40.473975032221723 ], [ -3.749439239944502, 40.473902356004139 ], [ -3.749571030198617, 40.473819160564396 ], [ -3.749717889291571, 40.473712083627383 ], [ -3.749846374358433, 40.473607558123639 ], [ -3.749960953762964, 40.473504383057374 ], [ -3.750053932460197, 40.473410718255394 ], [ -3.750184893208343, 40.473263743295206 ], [ -3.750269681572787, 40.473154996456856 ], [ -3.750374885143765, 40.473004494807512 ], [ -3.750469353602184, 40.472843432213438 ], [ -3.750566067617446, 40.472619112186933 ], [ -3.75066177723434, 40.472315248737573 ], [ -3.750687672787401, 40.472076974208598 ], [ -3.750689661979471, 40.471842366623441 ], [ -3.750658257332599, 40.471553923157593 ], [ -3.750426372203968, 40.470581465699198 ], [ -3.750362276640873, 40.470312692752174 ], [ -3.750315874194257, 40.470117949422708 ], [ -3.750586642484891, 40.470651957835955 ], [ -3.750717129130934, 40.471077686591684 ], [ -3.751346720458371, 40.473133593797478 ], [ -3.751470745104647, 40.473656030330098 ], [ -3.751498975289977, 40.473807468134041 ], [ -3.7515209329365, 40.473925343369125 ], [ -3.751557513831456, 40.474137987637711 ], [ -3.751627143383718, 40.474542669518335 ], [ -3.751747811151116, 40.475610079847414 ], [ -3.751787115413707, 40.47617270522899 ], [ -3.751758832515382, 40.476598742470799 ], [ -3.751723936045636, 40.4768547340068 ], [ -3.751511795126897, 40.478419168065749 ], [ -3.749784979376176, 40.478430369009381 ], [ -3.749092312569407, 40.478428008310466 ], [ -3.748570430320775, 40.47841084476395 ], [ -3.748246303568598, 40.47838546367641 ], [ -3.748097227129346, 40.478368409037209 ], [ -3.747965959205715, 40.478340068780348 ], [ -3.747786389302193, 40.478296634722732 ], [ -3.747733466665879, 40.478279679969859 ], [ -3.747651303726445, 40.478253814424271 ], [ -3.747386856663985, 40.478152369800696 ], [ -3.747311769204669, 40.478115557447651 ], [ -3.747276898953178, 40.478098756025574 ], [ -3.747233917802644, 40.478074078269223 ], [ -3.747125040156285, 40.478011448430983 ], [ -3.747022743952056, 40.477946523716852 ], [ -3.746926561112767, 40.477879756715097 ], [ -3.746918179570868, 40.477868639802324 ], [ -3.746771521051414, 40.477750037126221 ], [ -3.746681809611868, 40.477809445084283 ], [ -3.746607209067824, 40.4778591148985 ], [ -3.746526830992323, 40.477909093151361 ], [ -3.74647737581657, 40.477938960983622 ], [ -3.746450178872463, 40.477954632005336 ], [ -3.746400272718222, 40.477986395494362 ], [ -3.746349529948923, 40.478017083292137 ], [ -3.746320008486663, 40.478035921520181 ], [ -3.746170612503365, 40.478128416901676 ], [ -3.746044769194602, 40.478206434953321 ], [ -3.745911051613243, 40.478287206367362 ], [ -3.745848615207036, 40.47832733780362 ], [ -3.745746227350998, 40.478392772733827 ], [ -3.745600145860158, 40.478486416250085 ], [ -3.745489080616757, 40.478556680764783 ], [ -3.745284827577716, 40.478681509638378 ], [ -3.745149627325544, 40.478767064465146 ], [ -3.74510869703247, 40.478789129965733 ], [ -3.744768272232417, 40.479007897114784 ], [ -3.744738752878607, 40.479027005192243 ], [ -3.744698570924358, 40.479052759387997 ], [ -3.744675961001811, 40.479067229274023 ], [ -3.744666355154067, 40.479073417240478 ], [ -3.744661668208707, 40.479076330297488 ], [ -3.744643502310176, 40.479087258059934 ], [ -3.744505676223352, 40.479170216458549 ], [ -3.744472870486749, 40.47919087805731 ], [ -3.744360984074623, 40.47926177739987 ], [ -3.744237153169485, 40.479340681410783 ], [ -3.744141084865782, 40.479401749932954 ], [ -3.743888035474358, 40.479563465866939 ], [ -3.743783341070749, 40.479634048090091 ], [ -3.743580722564441, 40.479768593072876 ], [ -3.743505295743928, 40.479818627453113 ], [ -3.743371936749347, 40.479900384597819 ], [ -3.742923509816982, 40.480169118868211 ], [ -3.742835166693659, 40.48022482047287 ], [ -3.742741789354897, 40.480284068746641 ], [ -3.742613734468682, 40.480365430570259 ], [ -3.742505477464525, 40.480434142647503 ], [ -3.742203414252577, 40.480624007358585 ], [ -3.742005860394305, 40.480747616240244 ], [ -3.741894899682289, 40.480817336084598 ], [ -3.741782882940906, 40.480887604036731 ], [ -3.741730152935427, 40.480920463798519 ], [ -3.74158518378662, 40.481008870807756 ], [ -3.74190990425963, 40.481162373735323 ], [ -3.742803551187057, 40.481574386816284 ], [ -3.743671765131179, 40.482022141855253 ], [ -3.744303629940439, 40.482359519958536 ], [ -3.74445922446957, 40.482442663010644 ], [ -3.744917104361452, 40.482686922206227 ], [ -3.745019296125501, 40.482816624483903 ], [ -3.745048474196748, 40.482862652189539 ], [ -3.745491156770673, 40.483588626074798 ], [ -3.744394543318625, 40.485485585878727 ], [ -3.744186333011577, 40.485681608704319 ], [ -3.743708147016986, 40.486143599583976 ], [ -3.742556213031648, 40.487879095302503 ], [ -3.742406712624718, 40.488510952254039 ], [ -3.741924196911667, 40.488743415252394 ], [ -3.741645057215305, 40.489004031359897 ], [ -3.741474917343878, 40.489165751198755 ], [ -3.741296853600425, 40.489336621519769 ], [ -3.741181041419165, 40.489449344273673 ], [ -3.741154066614293, 40.489475012507562 ], [ -3.741146359718325, 40.489471638542895 ], [ -3.741085989052575, 40.489529231415972 ], [ -3.741082436519682, 40.489528083036973 ], [ -3.740388038892204, 40.490173425478531 ], [ -3.739981105780119, 40.490553053161435 ], [ -3.738076050296348, 40.4899082861468 ], [ -3.737979075541438, 40.489866832875158 ], [ -3.737687469009524, 40.489647882367798 ], [ -3.737507442498246, 40.489564796145849 ] ] ] } },
{ "type": "Feature", "properties": { "barrio": "Peñagrande", "distrito": "Fuencarral - El Pardo", "area_km2": 2.887, "n_poi": 15, "diversidad_poi": 3, "n_restaurantes": 949, "pct_terrazas": 5.8, "accesibilidad_media": 4.4, "densidad_oferta": 333.9 }, "geometry": { "type": "Polygon", "coordinates": [ [ [ -3.725291941745724, 40.485542047434897 ], [ -3.722707618062266, 40.485532148782603 ], [ -3.720131844696614, 40.485613790519039 ], [ -3.719849029076167, 40.485625190151268 ], [ -3.718988196843049, 40.485660000681555 ], [ -3.716593926132516, 40.485756831445947 ], [ -3.716539568564742, 40.485504917461192 ], [ -3.716505300930333, 40.485389093957465 ], [ -3.716464329861252, 40.485253131987406 ], [ -3.716416742264693, 40.48512739110884 ], [ -3.71634906490463, 40.484976459627354 ], [ -3.716332224801064, 40.484946202998174 ], [ -3.716268109643994, 40.484830654494694 ], [ -3.716244072261162, 40.484789182190489 ], [ -3.716201043279958, 40.484714944062702 ], [ -3.716113868785988, 40.484594493360106 ], [ -3.71599473152866, 40.48444171745313 ], [ -3.715825961782454, 40.484248258183783 ], [ -3.715762537214357, 40.48418657853631 ], [ -3.71571246639659, 40.484137879113803 ], [ -3.715631658437577, 40.484061262119987 ], [ -3.715585651500745, 40.484017582481194 ], [ -3.715392180753863, 40.4838422032769 ], [ -3.715273325361322, 40.483749154099264 ], [ -3.715232280542397, 40.483717066034401 ], [ -3.714959156249115, 40.483506952260527 ], [ -3.714406251813186, 40.483081539601422 ], [ -3.714227836544541, 40.483112820451254 ], [ -3.714002943091966, 40.482677002695262 ], [ -3.713906216132187, 40.482489402605353 ], [ -3.713744427710501, 40.482530850192759 ], [ -3.713725601037322, 40.482535651105437 ], [ -3.713670441732698, 40.482418424181638 ], [ -3.713417460294883, 40.481880886657002 ], [ -3.71334748313684, 40.481901948158601 ], [ -3.712639604326923, 40.480363071897891 ], [ -3.713216512147956, 40.480194383853743 ], [ -3.713829241352326, 40.479954931678613 ], [ -3.714509107469501, 40.479694250567981 ], [ -3.7151720786835, 40.479476283201421 ], [ -3.715227639195712, 40.479453326941389 ], [ -3.715320785811739, 40.479414732742946 ], [ -3.715713110679015, 40.479252398792646 ], [ -3.716072465960999, 40.479096302873742 ], [ -3.716481721130494, 40.478873319520744 ], [ -3.716407383909268, 40.478805582628745 ], [ -3.716303176549678, 40.477058665374201 ], [ -3.71625346547435, 40.476865729760476 ], [ -3.715881610327534, 40.475809745392738 ], [ -3.715518733745562, 40.474642713768034 ], [ -3.715410055740578, 40.474317620176691 ], [ -3.715099267568626, 40.47338873323482 ], [ -3.715093830731454, 40.473365523777005 ], [ -3.715066532679834, 40.473249746554714 ], [ -3.715056181535503, 40.473208098245443 ], [ -3.715008743343123, 40.473017401031726 ], [ -3.714923399861843, 40.472567298437092 ], [ -3.714875141828698, 40.472276967191497 ], [ -3.714703094747964, 40.471269923785435 ], [ -3.714511566908351, 40.470149486609458 ], [ -3.714434462858573, 40.469852846019108 ], [ -3.714540292712338, 40.469631922806741 ], [ -3.715701888515923, 40.469924024265538 ], [ -3.717642597551623, 40.470412186091487 ], [ -3.719699483566815, 40.470929323223316 ], [ -3.720072424291343, 40.471023128650671 ], [ -3.72042867233749, 40.471111363079523 ], [ -3.728001141232641, 40.472960460431864 ], [ -3.72853086455588, 40.472877938519645 ], [ -3.729249038879776, 40.47277900109048 ], [ -3.729587216122738, 40.472732365381162 ], [ -3.730387410872395, 40.472658670503144 ], [ -3.731388286223966, 40.47263045770373 ], [ -3.731931916493786, 40.472645128844526 ], [ -3.732232818295135, 40.472653225577524 ], [ -3.732418198312642, 40.472658268972445 ], [ -3.73320744484014, 40.472706333928734 ], [ -3.733416370902982, 40.472728793797032 ], [ -3.733563412386599, 40.472744619093206 ], [ -3.733944018628288, 40.472792296188501 ], [ -3.73436564462259, 40.472858450016169 ], [ -3.734631641963706, 40.472900185459068 ], [ -3.734895879939542, 40.472953642204367 ], [ -3.735667080680941, 40.47310973315799 ], [ -3.735729702689439, 40.473226992281752 ], [ -3.736158245569446, 40.474023724538874 ], [ -3.736176383503393, 40.474064240250442 ], [ -3.736203292799178, 40.474097762300723 ], [ -3.736265885588418, 40.474158174860371 ], [ -3.736301569269151, 40.474184974373529 ], [ -3.73635494605668, 40.474211662055154 ], [ -3.736434939264743, 40.474244936831312 ], [ -3.736514975508672, 40.474271454569788 ], [ -3.736612515468012, 40.474291103991185 ], [ -3.737569418600657, 40.474393206989859 ], [ -3.738393267127438, 40.476091011376418 ], [ -3.738322711394805, 40.476111731328324 ], [ -3.73872254863692, 40.477062058262213 ], [ -3.73880490076909, 40.47713802046362 ], [ -3.739159587579886, 40.478208634233937 ], [ -3.739193556255254, 40.478294002784494 ], [ -3.739294575399108, 40.478479752447242 ], [ -3.738949563985554, 40.478841414471518 ], [ -3.738042345355266, 40.479792335108527 ], [ -3.737923667307828, 40.479793091098244 ], [ -3.737811697433195, 40.479813985057277 ], [ -3.737713223148745, 40.479849748499596 ], [ -3.737647782561543, 40.479885570396505 ], [ -3.737510590879863, 40.480027435749079 ], [ -3.737432480634089, 40.480123788319965 ], [ -3.737270097225403, 40.480346353086929 ], [ -3.737161535772143, 40.480495692972497 ], [ -3.73706931512117, 40.480639613272011 ], [ -3.736964096097565, 40.480814066574993 ], [ -3.736918371450982, 40.480894357456769 ], [ -3.736858988827048, 40.480998789249583 ], [ -3.736786319005765, 40.481150602614662 ], [ -3.736741101485968, 40.481244944125038 ], [ -3.736719706889233, 40.481295260260048 ], [ -3.736662774093123, 40.481429585986376 ], [ -3.736571783536886, 40.481675569233673 ], [ -3.736468120137173, 40.482003525246448 ], [ -3.736404886078874, 40.482198431004761 ], [ -3.736351695112897, 40.48236219192372 ], [ -3.736282242199538, 40.482657587706242 ], [ -3.736223139615678, 40.482874268637566 ], [ -3.736145930587379, 40.483150885058585 ], [ -3.736094602549809, 40.483355804779123 ], [ -3.736070722736306, 40.483437939029713 ], [ -3.736017162317653, 40.483622152387035 ], [ -3.736005382807482, 40.48368871330144 ], [ -3.73596660800475, 40.483908778995726 ], [ -3.735950878284573, 40.484921306113399 ], [ -3.732036101245401, 40.486969728544565 ], [ -3.731767324713318, 40.486883500861005 ], [ -3.728991737564245, 40.485992733818151 ], [ -3.727852913015897, 40.485611434833132 ], [ -3.727771086134536, 40.485583932365337 ], [ -3.727581827818773, 40.485550798167843 ], [ -3.725291941745724, 40.485542047434897 ] ] ] } },
{ "type": "Feature", "properties": { "barrio": "Pilar", "distrito": "Fuencarral - El Pardo", "area_km2": 1.363, "n_poi": 12, "diversidad_poi": 4, "n_restaurantes": 1670, "pct_terrazas": 4.4, "accesibilidad_media": 3.9, "densidad_oferta": 1234.0 }, "geometry": { "type": "Polygon", "coordinates": [ [ [ -3.70545035054442, 40.482638820048948 ], [ -3.705413508611568, 40.482556882481738 ], [ -3.705144438194494, 40.481930055303486 ], [ -3.704731893032197, 40.480805005105637 ], [ -3.704217120169497, 40.479401925820987 ], [ -3.703701090713332, 40.47785380834128 ], [ -3.703360106326133, 40.476945523315635 ], [ -3.702846476170905, 40.475499278832423 ], [ -3.702549199760564, 40.474662256288468 ], [ -3.702314669422693, 40.47404998807334 ], [ -3.702252042787455, 40.473972079885058 ], [ -3.702091411597836, 40.473772154251506 ], [ -3.703185624952074, 40.472747765963071 ], [ -3.703191816685846, 40.472741962560718 ], [ -3.703436332229083, 40.472512909332252 ], [ -3.703471299423659, 40.472483688573661 ], [ -3.703748109418832, 40.472252095790012 ], [ -3.703993001595885, 40.472104751222965 ], [ -3.704385712938929, 40.471946956784123 ], [ -3.704609942786719, 40.47188838496885 ], [ -3.704662411927735, 40.471874641746879 ], [ -3.704877930789786, 40.471840446704562 ], [ -3.705213324001305, 40.471808403683617 ], [ -3.707323728856109, 40.471606877463628 ], [ -3.707425556528341, 40.471597876835304 ], [ -3.708545772754836, 40.471499132687519 ], [ -3.71071170219072, 40.471307295172124 ], [ -3.711130694408996, 40.471216252780707 ], [ -3.711391606256207, 40.471135640448431 ], [ -3.711623644994104, 40.471035295505658 ], [ -3.711664392438097, 40.471017657335217 ], [ -3.711948571565422, 40.470839333481713 ], [ -3.712087044381835, 40.470726049570416 ], [ -3.712171952549761, 40.470656608811097 ], [ -3.712370424278442, 40.47042755011266 ], [ -3.712422568599054, 40.470349841776013 ], [ -3.712508275388534, 40.47022210698924 ], [ -3.712603497502196, 40.470012422046857 ], [ -3.712638666667129, 40.469891214908536 ], [ -3.712677162060624, 40.469738635172831 ], [ -3.712702962372598, 40.469635053246108 ], [ -3.712719711265622, 40.46956783322868 ], [ -3.712720511230592, 40.469565395877076 ], [ -3.712743824999849, 40.469472099484008 ], [ -3.712790279409221, 40.469369561332421 ], [ -3.712809301012832, 40.469327642457763 ], [ -3.712874459482763, 40.469164448715397 ], [ -3.712957755801492, 40.468987359345569 ], [ -3.713037441611206, 40.46887056212325 ], [ -3.713059744609947, 40.468837902189556 ], [ -3.713167502693728, 40.468665166227716 ], [ -3.713209244424906, 40.468607882853107 ], [ -3.713277613072681, 40.468514128139503 ], [ -3.713367733220205, 40.468603302102913 ], [ -3.713519808952815, 40.468761823792647 ], [ -3.713645761675321, 40.468893029245521 ], [ -3.713790801269889, 40.46904420666462 ], [ -3.714035428256864, 40.469320714859194 ], [ -3.714209797407996, 40.469478918611635 ], [ -3.714540292712338, 40.469631922806741 ], [ -3.714434462858573, 40.469852846019108 ], [ -3.714511566908351, 40.470149486609458 ], [ -3.714703094747964, 40.471269923785435 ], [ -3.714875141828698, 40.472276967191497 ], [ -3.714923399861843, 40.472567298437092 ], [ -3.715008743343123, 40.473017401031726 ], [ -3.715056181535503, 40.473208098245443 ], [ -3.715066532679834, 40.473249746554714 ], [ -3.715093830731454, 40.473365523777005 ], [ -3.715099267568626, 40.47338873323482 ], [ -3.715410055740578, 40.474317620176691 ], [ -3.715518733745562, 40.474642713768034 ], [ -3.715881610327534, 40.475809745392738 ], [ -3.71625346547435, 40.476865729760476 ], [ -3.716303176549678, 40.477058665374201 ], [ -3.716407383909268, 40.478805582628745 ], [ -3.716481721130494, 40.478873319520744 ], [ -3.716072465960999, 40.479096302873742 ], [ -3.715713110679015, 40.479252398792646 ], [ -3.715320785811739, 40.479414732742946 ], [ -3.715227639195712, 40.479453326941389 ], [ -3.7151720786835, 40.479476283201421 ], [ -3.714509107469501, 40.479694250567981 ], [ -3.713829241352326, 40.479954931678613 ], [ -3.713216512147956, 40.480194383853743 ], [ -3.712639604326923, 40.480363071897891 ], [ -3.71334748313684, 40.481901948158601 ], [ -3.713417460294883, 40.481880886657002 ], [ -3.713670441732698, 40.482418424181638 ], [ -3.713725601037322, 40.482535651105437 ], [ -3.713744427710501, 40.482530850192759 ], [ -3.713906216132187, 40.482489402605353 ], [ -3.714002943091966, 40.482677002695262 ], [ -3.714227836544541, 40.483112820451254 ], [ -3.714144825444612, 40.483128738697744 ], [ -3.71404603794171, 40.483147726404688 ], [ -3.713908658386432, 40.483176952339377 ], [ -3.713794470976981, 40.483201260140092 ], [ -3.713667123148616, 40.483230784188208 ], [ -3.713550957594595, 40.483257716555222 ], [ -3.713434677557179, 40.483285099959097 ], [ -3.713271557704212, 40.483323582153631 ], [ -3.71314979347597, 40.483356764836635 ], [ -3.713088029343773, 40.483373632290636 ], [ -3.712964423256936, 40.483411060343059 ], [ -3.712949374448761, 40.483416108092015 ], [ -3.712880595351147, 40.483439053795614 ], [ -3.712821256388958, 40.483462121413872 ], [ -3.712784948747912, 40.483476309193748 ], [ -3.712625617979276, 40.483538461513525 ], [ -3.712600363091374, 40.483549067598517 ], [ -3.71257381519369, 40.483560132096947 ], [ -3.71251007570119, 40.48359106446199 ], [ -3.712398664631428, 40.483643731919514 ], [ -3.712283154370447, 40.483699397482113 ], [ -3.712187851659139, 40.483758092436886 ], [ -3.712145146267297, 40.483780967118065 ], [ -3.712084256914846, 40.483813684374127 ], [ -3.712018277313549, 40.483855981529736 ], [ -3.711992847171765, 40.483872354281019 ], [ -3.710209117283584, 40.485058173760592 ], [ -3.709786351941559, 40.485281036692875 ], [ -3.709650425179777, 40.48535916716412 ], [ -3.709534827404679, 40.485429424987352 ], [ -3.709419192985728, 40.485507431504487 ], [ -3.709311279914018, 40.485579083361792 ], [ -3.708880667669066, 40.485314425772451 ], [ -3.708251937277203, 40.484901790147724 ], [ -3.707818026500892, 40.484603003991069 ], [ -3.707588399803812, 40.484443417684155 ], [ -3.707263097926957, 40.484217389051217 ], [ -3.70685638309618, 40.48393473987624 ], [ -3.706567212581264, 40.483744615010572 ], [ -3.706430028923277, 40.483657794834748 ], [ -3.706242010025891, 40.483527411613487 ], [ -3.706082717037431, 40.483402348041515 ], [ -3.705981341618084, 40.483309723912917 ], [ -3.705919758134031, 40.483242531230168 ], [ -3.705901379034594, 40.483222553552046 ], [ -3.705836157271388, 40.483157185733894 ], [ -3.705727182055555, 40.483037310702493 ], [ -3.705647165477937, 40.482933655030585 ], [ -3.705588850278104, 40.482851758539297 ], [ -3.705538022430191, 40.482786302670661 ], [ -3.705494214610461, 40.482715308473395 ], [ -3.70545035054442, 40.482638820048948 ] ] ] } },
{ "type": "Feature", "properties": { "barrio": "La Paz", "distrito": "Fuencarral - El Pardo", "area_km2": 2.155, "n_poi": 9, "diversidad_poi": 4, "n_restaurantes": 748, "pct_terrazas": 3.5, "accesibilidad_media": 5.2, "densidad_oferta": 351.3 }, "geometry": { "type": "Polygon", "coordinates": [ [ [ -3.686398955838752, 40.476688795619857 ], [ -3.687095613595186, 40.474247550413757 ], [ -3.687122484293102, 40.474152256062865 ], [ -3.688862524313651, 40.474429029277083 ], [ -3.68895364934603, 40.474503352375528 ], [ -3.689081319479869, 40.47460997986461 ], [ -3.689229831275154, 40.474689545243528 ], [ -3.689440804489609, 40.474693694144591 ], [ -3.689791721870162, 40.474643315058614 ], [ -3.690233848151319, 40.474560139084396 ], [ -3.690718086223203, 40.474476710664071 ], [ -3.690992074499778, 40.474448228064851 ], [ -3.691273453858208, 40.474473394898688 ], [ -3.691527207228114, 40.474530887415995 ], [ -3.691766860634927, 40.474593960131052 ], [ -3.692027683607372, 40.474662130792815 ], [ -3.692337706738465, 40.474719375590219 ], [ -3.692590965766502, 40.474728580719024 ], [ -3.692843939971027, 40.474721661868685 ], [ -3.693152742982546, 40.474671524128887 ], [ -3.693475589931105, 40.47461049145523 ], [ -3.693742215508149, 40.47456601057106 ], [ -3.694030295137419, 40.474542752375406 ], [ -3.694353796372068, 40.474556938107519 ], [ -3.694684486015456, 40.474581800386424 ], [ -3.69503662389854, 40.474638785705459 ], [ -3.695374945878292, 40.474717293486499 ], [ -3.695705968594942, 40.474774313707748 ], [ -3.696001395865987, 40.474788663805349 ], [ -3.696198165387899, 40.474776758968872 ], [ -3.696380924618409, 40.474744759052662 ], [ -3.696537742836053, 40.474702463894062 ], [ -3.696699824276497, 40.474655903488724 ], [ -3.696851214586922, 40.474613640623616 ], [ -3.697040471181368, 40.474571060013318 ], [ -3.697256987423593, 40.474540837095731 ], [ -3.697495463864334, 40.474535255878081 ], [ -3.697636472812832, 40.474538549858558 ], [ -3.69781534586585, 40.474541525879204 ], [ -3.697878764622114, 40.474548260044543 ], [ -3.697999817819444, 40.474561134377929 ], [ -3.698168257663449, 40.474593270883325 ], [ -3.69836939402669, 40.47465007520136 ], [ -3.698505404253557, 40.47469475032856 ], [ -3.698717736561851, 40.474784549238571 ], [ -3.698881093770582, 40.474849779191949 ], [ -3.698988701856472, 40.474885795808142 ], [ -3.699038777129082, 40.474902520782642 ], [ -3.699228806636116, 40.4749346161489 ], [ -3.699440774561658, 40.474966398262616 ], [ -3.699545457192065, 40.47497045027508 ], [ -3.699546165910621, 40.474970536075084 ], [ -3.699717173975761, 40.474977160333339 ], [ -3.699993679102347, 40.474975487845136 ], [ -3.700286120927558, 40.47494065617736 ], [ -3.700513112180892, 40.474885408891744 ], [ -3.700677220231567, 40.474829640597775 ], [ -3.70072377064336, 40.474813772895779 ], [ -3.700912637439462, 40.474733891243382 ], [ -3.701068879273196, 40.474636458638678 ], [ -3.701160421060852, 40.474579417196821 ], [ -3.701255840121015, 40.47450965043312 ], [ -3.701343179770783, 40.474445608258016 ], [ -3.70139637953392, 40.474399790207549 ], [ -3.701483015645306, 40.474324850459716 ], [ -3.701633411205783, 40.474187272633493 ], [ -3.701820750193058, 40.474017578588885 ], [ -3.701821217352116, 40.474017125304464 ], [ -3.702091411597836, 40.473772154251506 ], [ -3.702252042787455, 40.473972079885058 ], [ -3.702314669422693, 40.47404998807334 ], [ -3.702549199760564, 40.474662256288468 ], [ -3.702846476170905, 40.475499278832423 ], [ -3.703360106326133, 40.476945523315635 ], [ -3.703701090713332, 40.47785380834128 ], [ -3.704217120169497, 40.479401925820987 ], [ -3.704731893032197, 40.480805005105637 ], [ -3.705144438194494, 40.481930055303486 ], [ -3.705413508611568, 40.482556882481738 ], [ -3.70545035054442, 40.482638820048948 ], [ -3.705494214610461, 40.482715308473395 ], [ -3.705538022430191, 40.482786302670661 ], [ -3.705588850278104, 40.482851758539297 ], [ -3.705647165477937, 40.482933655030585 ], [ -3.705727182055555, 40.483037310702493 ], [ -3.705836157271388, 40.483157185733894 ], [ -3.705901379034594, 40.483222553552046 ], [ -3.705919758134031, 40.483242531230168 ], [ -3.705981341618084, 40.483309723912917 ], [ -3.706082717037431, 40.483402348041515 ], [ -3.706242010025891, 40.483527411613487 ], [ -3.706430028923277, 40.483657794834748 ], [ -3.706567212581264, 40.483744615010572 ], [ -3.70685638309618, 40.48393473987624 ], [ -3.707263097926957, 40.484217389051217 ], [ -3.707588399803812, 40.484443417684155 ], [ -3.707818026500892, 40.484603003991069 ], [ -3.708251937277203, 40.484901790147724 ], [ -3.708880667669066, 40.485314425772451 ], [ -3.709311279914018, 40.485579083361792 ], [ -3.708934360831718, 40.485864994596916 ], [ -3.708715650432254, 40.486059846993093 ], [ -3.708667029945112, 40.486103928554812 ], [ -3.708553373490958, 40.486179488759959 ], [ -3.708423449686437, 40.48626776107568 ], [ -3.708285319558999, 40.486349777283841 ], [ -3.708155263463644, 40.486425527689754 ], [ -3.707992538182909, 40.486513910412967 ], [ -3.70770773979712, 40.486640516751358 ], [ -3.707381750290538, 40.486754851194995 ], [ -3.704699447630844, 40.487533013265455 ], [ -3.704267203189953, 40.487665012752764 ], [ -3.704177696627216, 40.487692313782055 ], [ -3.703582514364776, 40.487870707498388 ], [ -3.703370685312859, 40.487946950312484 ], [ -3.703191657248148, 40.488022992265016 ], [ -3.702882379552081, 40.488168474235522 ], [ -3.702703373466578, 40.488269470942114 ], [ -3.702419207287437, 40.488458492306968 ], [ -3.701972432537134, 40.488748408920031 ], [ -3.701821658117154, 40.488841304915681 ], [ -3.701653608643785, 40.488952322558823 ], [ -3.701535306028628, 40.489024841925463 ], [ -3.70134829684601, 40.489116785186013 ], [ -3.701167440940951, 40.489199232334428 ], [ -3.700936588546078, 40.489296215650903 ], [ -3.698813758156739, 40.489927171255815 ], [ -3.698246280209909, 40.490089564705812 ], [ -3.69809208759277, 40.489482740147494 ], [ -3.697971970356255, 40.489116917401432 ], [ -3.697865567411625, 40.488827139882417 ], [ -3.697765375372973, 40.488602175560011 ], [ -3.697622192457648, 40.48832671792325 ], [ -3.697494496650178, 40.488120247137111 ], [ -3.697351883786579, 40.487899768128301 ], [ -3.697136813829166, 40.487636020974691 ], [ -3.697017472643965, 40.487501881528289 ], [ -3.696627388754504, 40.487118872639705 ], [ -3.69627354531448, 40.486826353255729 ], [ -3.695793718775466, 40.486492297047469 ], [ -3.695300485324762, 40.486226532452548 ], [ -3.695102283839105, 40.486125651618607 ], [ -3.694843820352537, 40.486004861750857 ], [ -3.69445878363774, 40.485852488937191 ], [ -3.694157271562381, 40.485733216537909 ], [ -3.693745030488807, 40.485574066939897 ], [ -3.693546835319253, 40.485496426443937 ], [ -3.693287393695659, 40.485394738793659 ], [ -3.693169159148888, 40.485347878980662 ], [ -3.692820381543683, 40.48520978759214 ], [ -3.692557993473597, 40.485108205145686 ], [ -3.691797431578994, 40.484808340885778 ], [ -3.691334892990876, 40.484621736157479 ], [ -3.690834448195775, 40.484420130140983 ], [ -3.690518940380061, 40.484292464343177 ], [ -3.690022638966076, 40.484091730927467 ], [ -3.689977852447396, 40.48407343988962 ], [ -3.689881052501931, 40.484033836057954 ], [ -3.689431060727751, 40.48385012171736 ], [ -3.689203727479767, 40.483760304386053 ], [ -3.688391895199922, 40.483439641473353 ], [ -3.687399860786555, 40.483172205638262 ], [ -3.686451995122617, 40.482954588665748 ], [ -3.686061114400291, 40.482850420281871 ], [ -3.685801003625816, 40.482750430500609 ], [ -3.685589395707159, 40.482628261582889 ], [ -3.685372823453645, 40.482458733751201 ], [ -3.685228382111197, 40.482293283249511 ], [ -3.68515177367839, 40.482150314082148 ], [ -3.685110583858052, 40.481986414330109 ], [ -3.68510001291047, 40.481944675474878 ], [ -3.685078736609956, 40.481696873543328 ], [ -3.68510824829396, 40.481431294989342 ], [ -3.685141404076839, 40.481236603349778 ], [ -3.685256788352382, 40.480759385513871 ], [ -3.685319647389655, 40.480523379218063 ], [ -3.685618459816999, 40.479593039151403 ], [ -3.686398955838752, 40.476688795619857 ] ] ] } },
{ "type": "Feature", "properties": { "barrio": "Valverde", "distrito": "Fuencarral - El Pardo", "area_km2": 8.981, "n_poi": 21, "diversidad_poi": 3, "n_restaurantes": 1926, "pct_terrazas": 4.9, "accesibilidad_media": 2.1, "densidad_oferta": 216.8 }, "geometry": { "type": "Polygon", "coordinates": [ [ [ -3.657614460170275, 40.511718590525525 ], [ -3.65761399472578, 40.511719034610884 ], [ -3.65761455119984, 40.511717880105429 ], [ -3.657752447790908, 40.511467098025449 ], [ -3.657866980426077, 40.511229332428343 ], [ -3.6579536816191, 40.511018210474894 ], [ -3.658011110042505, 40.510867613942899 ], [ -3.658073821351062, 40.510677889520103 ], [ -3.658140129839516, 40.510445532418629 ], [ -3.658174503392961, 40.510303176016755 ], [ -3.658216742591859, 40.510095999819875 ], [ -3.658243112907735, 40.50991981456405 ], [ -3.658266543914659, 40.509756890043278 ], [ -3.658282325163166, 40.509596260418149 ], [ -3.658296405874164, 40.509454740270861 ], [ -3.658298362000337, 40.509377161483577 ], [ -3.65829990007957, 40.509317063269634 ], [ -3.658304755898767, 40.509125505204736 ], [ -3.658308206043305, 40.508983324890508 ], [ -3.658301772285987, 40.508759669304219 ], [ -3.658300026988337, 40.508580941484162 ], [ -3.658291506491046, 40.508385405583496 ], [ -3.658280713072998, 40.508186638512839 ], [ -3.658268007594509, 40.507997522766487 ], [ -3.658250499079442, 40.507763930327727 ], [ -3.658237526030328, 40.507571572878305 ], [ -3.658224738896704, 40.507398223175564 ], [ -3.658199981052037, 40.506990258464462 ], [ -3.658173945562999, 40.506584372145902 ], [ -3.658160378519765, 40.506186073262263 ], [ -3.658154023679615, 40.505825391455787 ], [ -3.658163291918761, 40.505493448289364 ], [ -3.658192460122645, 40.505217157877098 ], [ -3.658235710918522, 40.504956823109424 ], [ -3.658327759030521, 40.504605311229952 ], [ -3.658392197953253, 40.504399810090824 ], [ -3.658462432864792, 40.504219681943212 ], [ -3.658557447696712, 40.504015088448476 ], [ -3.658640324186224, 40.50384858260292 ], [ -3.658734201155965, 40.503672553720051 ], [ -3.658826836862878, 40.503514459588359 ], [ -3.658933208744562, 40.503348899740239 ], [ -3.659112222725327, 40.50309310743976 ], [ -3.659205156617685, 40.502965642530945 ], [ -3.659575548556909, 40.502487769673714 ], [ -3.660050250321616, 40.501912183669489 ], [ -3.660414639846899, 40.501474250080356 ], [ -3.661077724483123, 40.500697498440736 ], [ -3.661523031054275, 40.50018360628335 ], [ -3.661777284436423, 40.499899991901152 ], [ -3.662267164172715, 40.499371607468028 ], [ -3.662886412107224, 40.498786534394107 ], [ -3.663464971029689, 40.498289079082291 ], [ -3.664116289071844, 40.497751113014857 ], [ -3.66486451117579, 40.497132408112755 ], [ -3.666011017857553, 40.49620492166212 ], [ -3.666500411639651, 40.495812467562892 ], [ -3.666987118132416, 40.495423897123821 ], [ -3.667114743859365, 40.495321994665332 ], [ -3.667580298403847, 40.494954448136433 ], [ -3.667892926162111, 40.494707421353532 ], [ -3.668538822375714, 40.494200902693152 ], [ -3.669246190953049, 40.493647178876877 ], [ -3.670019807884883, 40.493028203209562 ], [ -3.670192530377317, 40.492894320812908 ], [ -3.670474680632446, 40.492657642933416 ], [ -3.670651133688464, 40.492507523020429 ], [ -3.670986617992273, 40.492199814222687 ], [ -3.671183895533552, 40.491996239679032 ], [ -3.671440348751771, 40.491715654956508 ], [ -3.671631516683214, 40.491479501880612 ], [ -3.671805282289955, 40.491249665809434 ], [ -3.671959739045233, 40.491024266029939 ], [ -3.672106393153152, 40.490785668275876 ], [ -3.672220419536336, 40.490576628351818 ], [ -3.672349416615447, 40.490318853848201 ], [ -3.672464931867146, 40.49006998549762 ], [ -3.672600787257344, 40.489730999343976 ], [ -3.672707998253444, 40.489418666032471 ], [ -3.672795451186532, 40.489136717669524 ], [ -3.672837257244535, 40.488998367231837 ], [ -3.672892978684004, 40.488764711252855 ], [ -3.672981943774639, 40.488374195272179 ], [ -3.673062810030249, 40.487940934791254 ], [ -3.673138793652472, 40.487420494294298 ], [ -3.673168246251256, 40.48720311713015 ], [ -3.673220115532832, 40.486737592252425 ], [ -3.673326924046974, 40.48560589431878 ], [ -3.67335334524168, 40.485250606838889 ], [ -3.673418096926119, 40.484551043411486 ], [ -3.673461406299199, 40.48405565749016 ], [ -3.674468460382029, 40.484023849949203 ], [ -3.674947592460782, 40.484010877229231 ], [ -3.675915820204565, 40.483990003561743 ], [ -3.676363182434392, 40.483973967548671 ], [ -3.676639410823826, 40.483964245325815 ], [ -3.677286404514563, 40.483936227872746 ], [ -3.677343126719486, 40.483933282861592 ], [ -3.677395130352902, 40.483930546558675 ], [ -3.677777087543888, 40.483910474018124 ], [ -3.678001573052851, 40.483894384449492 ], [ -3.678028219338997, 40.483892517330396 ], [ -3.678173914617112, 40.483879050877611 ], [ -3.678294150904988, 40.483868075986557 ], [ -3.678350835827647, 40.483861437932482 ], [ -3.678521832542863, 40.483841336993621 ], [ -3.678678996191688, 40.483818524260201 ], [ -3.678993792892609, 40.4837724440466 ], [ -3.679355821481076, 40.483706807107502 ], [ -3.680064861113661, 40.4835489508134 ], [ -3.680225176263228, 40.483511072493393 ], [ -3.680473180852268, 40.483452498551337 ], [ -3.68079816672092, 40.48336419156329 ], [ -3.680941125066147, 40.483325242426638 ], [ -3.681156075379849, 40.483264879795804 ], [ -3.681427147222827, 40.483188959865693 ], [ -3.681909396366229, 40.483053238060101 ], [ -3.682155756697953, 40.482983949563874 ], [ -3.683329382520129, 40.48257928232475 ], [ -3.683620914216916, 40.482485399467286 ], [ -3.683942729309479, 40.482399534811684 ], [ -3.684254120731865, 40.482332829942088 ], [ -3.684526595442576, 40.482291309520164 ], [ -3.684716685522504, 40.482281536713856 ], [ -3.684825646933563, 40.482276027197827 ], [ -3.684867273627847, 40.482273889558712 ], [ -3.685097465804824, 40.482286220674283 ], [ -3.685228382111197, 40.482293283249511 ], [ -3.685372823453645, 40.482458733751201 ], [ -3.685589395707159, 40.482628261582889 ], [ -3.685801003625816, 40.482750430500609 ], [ -3.686061114400291, 40.482850420281871 ], [ -3.686451995122617, 40.482954588665748 ], [ -3.687399860786555, 40.483172205638262 ], [ -3.688391895199922, 40.483439641473353 ], [ -3.689203727479767, 40.483760304386053 ], [ -3.689431060727751, 40.48385012171736 ], [ -3.689881052501931, 40.484033836057954 ], [ -3.689977852447396, 40.48407343988962 ], [ -3.690022638966076, 40.484091730927467 ], [ -3.690518940380061, 40.484292464343177 ], [ -3.690834448195775, 40.484420130140983 ], [ -3.691334892990876, 40.484621736157479 ], [ -3.691797431578994, 40.484808340885778 ], [ -3.692557993473597, 40.485108205145686 ], [ -3.692820381543683, 40.48520978759214 ], [ -3.693169159148888, 40.485347878980662 ], [ -3.693287393695659, 40.485394738793659 ], [ -3.693546835319253, 40.485496426443937 ], [ -3.693745030488807, 40.485574066939897 ], [ -3.694157271562381, 40.485733216537909 ], [ -3.69445878363774, 40.485852488937191 ], [ -3.694843820352537, 40.486004861750857 ], [ -3.695102283839105, 40.486125651618607 ], [ -3.695300485324762, 40.486226532452548 ], [ -3.695793718775466, 40.486492297047469 ], [ -3.69627354531448, 40.486826353255729 ], [ -3.696627388754504, 40.487118872639705 ], [ -3.697017472643965, 40.487501881528289 ], [ -3.697136813829166, 40.487636020974691 ], [ -3.697351883786579, 40.487899768128301 ], [ -3.697494496650178, 40.488120247137111 ], [ -3.697622192457648, 40.48832671792325 ], [ -3.697765375372973, 40.488602175560011 ], [ -3.697865567411625, 40.488827139882417 ], [ -3.697971970356255, 40.489116917401432 ], [ -3.69809208759277, 40.489482740147494 ], [ -3.698246280209909, 40.490089564705812 ], [ -3.698388761813416, 40.490844000810391 ], [ -3.698453844027362, 40.491228991494999 ], [ -3.698548374440547, 40.491795858354557 ], [ -3.698599364935792, 40.492011018475928 ], [ -3.698661989228254, 40.492208058848533 ], [ -3.698768104826618, 40.492466882509525 ], [ -3.698872158773666, 40.492669312734058 ], [ -3.699015864158866, 40.492905129750952 ], [ -3.699215766761533, 40.493173756729711 ], [ -3.699444605109078, 40.493439734373275 ], [ -3.699839162454973, 40.493869413800645 ], [ -3.700058822777238, 40.494104987491163 ], [ -3.700286014395878, 40.494354051924425 ], [ -3.700428281418437, 40.494535943891542 ], [ -3.700590556039222, 40.494794425370074 ], [ -3.70069757501948, 40.494996836775805 ], [ -3.70077472945699, 40.495178714954825 ], [ -3.700819029317509, 40.495308586512635 ], [ -3.700868201542779, 40.495489912689671 ], [ -3.700905970609889, 40.495715430095196 ], [ -3.700929769283886, 40.495988376797321 ], [ -3.700926421988259, 40.496203883286618 ], [ -3.700892467324599, 40.496432376176926 ], [ -3.700848520358971, 40.496640660477667 ], [ -3.700765893449383, 40.496891850057942 ], [ -3.700671810102815, 40.497116439925591 ], [ -3.700525614194037, 40.497378728123877 ], [ -3.700350406301053, 40.497645763076001 ], [ -3.700154685759486, 40.497934168665367 ], [ -3.699927422981856, 40.498247036782402 ], [ -3.699691746976643, 40.49851545582964 ], [ -3.699460843581134, 40.498733279348635 ], [ -3.699245477086433, 40.498916622256978 ], [ -3.698813967591903, 40.499208472680671 ], [ -3.698442062474122, 40.499444932101547 ], [ -3.698079543702618, 40.499674076940501 ], [ -3.697663961833545, 40.499969871843554 ], [ -3.697351226203732, 40.500218524441472 ], [ -3.697149139916671, 40.500405829185688 ], [ -3.696918471824088, 40.500647917987635 ], [ -3.696525642360034, 40.501095273578585 ], [ -3.696188645379084, 40.501514647618649 ], [ -3.693857467828657, 40.504282209651095 ], [ -3.692620408252863, 40.505768258515722 ], [ -3.692442965428169, 40.505980564590381 ], [ -3.692280776280864, 40.506174611644411 ], [ -3.691119485565078, 40.507563254348675 ], [ -3.690798149363177, 40.507936972363261 ], [ -3.690470077037419, 40.508310099093812 ], [ -3.689945992000718, 40.508906013504031 ], [ -3.6898634390404, 40.508981819902857 ], [ -3.689691428885604, 40.50913942050672 ], [ -3.689655881803282, 40.509172064714505 ], [ -3.689509130768823, 40.509306631676992 ], [ -3.688971274603952, 40.509677130009294 ], [ -3.688947932370909, 40.50969141315538 ], [ -3.688602380374731, 40.509903647817076 ], [ -3.688493059709342, 40.509970694820545 ], [ -3.688102876644301, 40.510158689671066 ], [ -3.687025288117994, 40.510682724941169 ], [ -3.68636438030551, 40.510522597528727 ], [ -3.686253545334554, 40.510502898371328 ], [ -3.686155642732838, 40.51049216905934 ], [ -3.686043031866037, 40.510492082717654 ], [ -3.685948261973194, 40.510497922725513 ], [ -3.685858522458171, 40.510512779540292 ], [ -3.685761976421574, 40.510538231509479 ], [ -3.68565477211482, 40.51058410405804 ], [ -3.685531963490586, 40.510649671552038 ], [ -3.684777241970043, 40.511278137257108 ], [ -3.684274842966088, 40.511688082383685 ], [ -3.684081279398186, 40.511833239321163 ], [ -3.683933267856438, 40.511938346630366 ], [ -3.683710255805122, 40.51206184055652 ], [ -3.683470027439431, 40.512174188266613 ], [ -3.683208835793026, 40.512266849747142 ], [ -3.682715445413096, 40.51241066861035 ], [ -3.682299116252937, 40.512509221913369 ], [ -3.679019535038295, 40.513278882000748 ], [ -3.677914527148217, 40.513590224786213 ], [ -3.677648904289482, 40.513657342349184 ], [ -3.675656381984532, 40.514127927785019 ], [ -3.675384459267581, 40.514209829056192 ], [ -3.675189713885013, 40.514278166310987 ], [ -3.674982197437517, 40.514358051572842 ], [ -3.674646522512243, 40.514507524474311 ], [ -3.673541095635092, 40.514995847389734 ], [ -3.67139816950844, 40.515951715715559 ], [ -3.670210493707008, 40.516421619070762 ], [ -3.669747453460797, 40.516594880060097 ], [ -3.669348214292993, 40.51676235529407 ], [ -3.668956390152151, 40.516962277715159 ], [ -3.668578943732291, 40.517181069440035 ], [ -3.668321576514161, 40.517345013908972 ], [ -3.667986832305524, 40.517577095282974 ], [ -3.667599762518747, 40.517861385467782 ], [ -3.667055761448487, 40.518250630436498 ], [ -3.666589149194155, 40.518551966253547 ], [ -3.666327890481397, 40.51870279464331 ], [ -3.6660135881641, 40.518860327201153 ], [ -3.665607131953062, 40.519026921190687 ], [ -3.664086319793539, 40.519573222320453 ], [ -3.663348202866981, 40.519839838858182 ], [ -3.662870209155882, 40.520032977686178 ], [ -3.661467167496572, 40.517266251064051 ], [ -3.659158268508921, 40.513593142037251 ], [ -3.658598723759887, 40.511668772045553 ], [ -3.657884818681142, 40.51146057969266 ], [ -3.657614460170275, 40.511718590525525 ] ] ] } },
{ "type": "Feature", "properties": { "barrio": "Mirasierra", "distrito": "Fuencarral - El Pardo", "area_km2": 6.993, "n_poi": 13, "diversidad_poi": 3, "n_restaurantes": 588, "pct_terrazas": 4.6, "accesibilidad_media": 1.5, "densidad_oferta": 85.9 }, "geometry": { "type": "Polygon", "coordinates": [ [ [ -3.726551893404823, 40.508137385829613 ], [ -3.726097934415057, 40.507734073086567 ], [ -3.725967145216683, 40.507629497038643 ], [ -3.725885782004341, 40.507579879955031 ], [ -3.724619971370324, 40.506843611012222 ], [ -3.72450487922178, 40.506789063061461 ], [ -3.724394962919502, 40.506746049974282 ], [ -3.724270045218995, 40.506717269368387 ], [ -3.724130124879099, 40.506702721203204 ], [ -3.72339025133133, 40.506643082932875 ], [ -3.723075009171035, 40.506610349109607 ], [ -3.72276628306201, 40.506557009058753 ], [ -3.721969926197493, 40.506394368464065 ], [ -3.721654107798702, 40.506324879852428 ], [ -3.721340181424193, 40.506257429891278 ], [ -3.721129006910909, 40.506193194625737 ], [ -3.720895655009829, 40.506102104859089 ], [ -3.720496195721825, 40.505909223707569 ], [ -3.719920348984227, 40.505597902864544 ], [ -3.719084084324098, 40.505182802049887 ], [ -3.718148735804402, 40.504791444887196 ], [ -3.717580561050657, 40.504566181603778 ], [ -3.717076823560443, 40.504382932301553 ], [ -3.715471999304701, 40.503882358306143 ], [ -3.715140182730704, 40.503769097317736 ], [ -3.714896639936106, 40.503677034111817 ], [ -3.71450729399771, 40.503533682481432 ], [ -3.714158744285973, 40.503398175527622 ], [ -3.713817150051636, 40.503307450166886 ], [ -3.713676645883944, 40.503276915623843 ], [ -3.713176429013558, 40.503227927761479 ], [ -3.712671544090832, 40.503302949794332 ], [ -3.712203206133992, 40.503548964061018 ], [ -3.711935707056326, 40.503648519335677 ], [ -3.711653367998796, 40.503719345889579 ], [ -3.711399525221327, 40.50375324630258 ], [ -3.711164800003111, 40.503773798931554 ], [ -3.710898984163545, 40.503768082289916 ], [ -3.709685057503124, 40.503702032756792 ], [ -3.706871248069925, 40.503548119322026 ], [ -3.706855338595441, 40.503547313944104 ], [ -3.704715863008108, 40.50343900275012 ], [ -3.704710096978729, 40.503438710888908 ], [ -3.702483131178533, 40.503310628990064 ], [ -3.701342731006241, 40.503256915819527 ], [ -3.700494779082656, 40.503259168859003 ], [ -3.699874214295539, 40.50329184203548 ], [ -3.699091957473631, 40.503426569226242 ], [ -3.698252067437669, 40.503683168674094 ], [ -3.697674707024742, 40.502678658619857 ], [ -3.697664479162377, 40.502660863802774 ], [ -3.697395885324434, 40.5023659981184 ], [ -3.697031991517126, 40.502088028092039 ], [ -3.696188645379084, 40.501514647618649 ], [ -3.696525642360034, 40.501095273578585 ], [ -3.696918471824088, 40.500647917987635 ], [ -3.697149139916671, 40.500405829185688 ], [ -3.697351226203732, 40.500218524441472 ], [ -3.697663961833545, 40.499969871843554 ], [ -3.698079543702618, 40.499674076940501 ], [ -3.698442062474122, 40.499444932101547 ], [ -3.698813967591903, 40.499208472680671 ], [ -3.699245477086433, 40.498916622256978 ], [ -3.699460843581134, 40.498733279348635 ], [ -3.699691746976643, 40.49851545582964 ], [ -3.699927422981856, 40.498247036782402 ], [ -3.700154685759486, 40.497934168665367 ], [ -3.700350406301053, 40.497645763076001 ], [ -3.700525614194037, 40.497378728123877 ], [ -3.700671810102815, 40.497116439925591 ], [ -3.700765893449383, 40.496891850057942 ], [ -3.700848520358971, 40.496640660477667 ], [ -3.700892467324599, 40.496432376176926 ], [ -3.700926421988259, 40.496203883286618 ], [ -3.700929769283886, 40.495988376797321 ], [ -3.700905970609889, 40.495715430095196 ], [ -3.700868201542779, 40.495489912689671 ], [ -3.700819029317509, 40.495308586512635 ], [ -3.70077472945699, 40.495178714954825 ], [ -3.70069757501948, 40.494996836775805 ], [ -3.700590556039222, 40.494794425370074 ], [ -3.700428281418437, 40.494535943891542 ], [ -3.700286014395878, 40.494354051924425 ], [ -3.700058822777238, 40.494104987491163 ], [ -3.699839162454973, 40.493869413800645 ], [ -3.699444605109078, 40.493439734373275 ], [ -3.699215766761533, 40.493173756729711 ], [ -3.699015864158866, 40.492905129750952 ], [ -3.698872158773666, 40.492669312734058 ], [ -3.698768104826618, 40.492466882509525 ], [ -3.698661989228254, 40.492208058848533 ], [ -3.698599364935792, 40.492011018475928 ], [ -3.698548374440547, 40.491795858354557 ], [ -3.698453844027362, 40.491228991494999 ], [ -3.698388761813416, 40.490844000810391 ], [ -3.698246280209909, 40.490089564705812 ], [ -3.698813758156739, 40.489927171255815 ], [ -3.700936588546078, 40.489296215650903 ], [ -3.701167440940951, 40.489199232334428 ], [ -3.70134829684601, 40.489116785186013 ], [ -3.701535306028628, 40.489024841925463 ], [ -3.701653608643785, 40.488952322558823 ], [ -3.701821658117154, 40.488841304915681 ], [ -3.701972432537134, 40.488748408920031 ], [ -3.702419207287437, 40.488458492306968 ], [ -3.702703373466578, 40.488269470942114 ], [ -3.702882379552081, 40.488168474235522 ], [ -3.703191657248148, 40.488022992265016 ], [ -3.703370685312859, 40.487946950312484 ], [ -3.703582514364776, 40.487870707498388 ], [ -3.704177696627216, 40.487692313782055 ], [ -3.704267203189953, 40.487665012752764 ], [ -3.704699447630844, 40.487533013265455 ], [ -3.707381750290538, 40.486754851194995 ], [ -3.70770773979712, 40.486640516751358 ], [ -3.707992538182909, 40.486513910412967 ], [ -3.708155263463644, 40.486425527689754 ], [ -3.708285319558999, 40.486349777283841 ], [ -3.708423449686437, 40.48626776107568 ], [ -3.708553373490958, 40.486179488759959 ], [ -3.708667029945112, 40.486103928554812 ], [ -3.708715650432254, 40.486059846993093 ], [ -3.708934360831718, 40.485864994596916 ], [ -3.709311279914018, 40.485579083361792 ], [ -3.709419192985728, 40.485507431504487 ], [ -3.709534827404679, 40.485429424987352 ], [ -3.709650425179777, 40.48535916716412 ], [ -3.709786351941559, 40.485281036692875 ], [ -3.710209117283584, 40.485058173760592 ], [ -3.711992847171765, 40.483872354281019 ], [ -3.712018277313549, 40.483855981529736 ], [ -3.712084256914846, 40.483813684374127 ], [ -3.712145146267297, 40.483780967118065 ], [ -3.712187851659139, 40.483758092436886 ], [ -3.712283154370447, 40.483699397482113 ], [ -3.712398664631428, 40.483643731919514 ], [ -3.71251007570119, 40.48359106446199 ], [ -3.71257381519369, 40.483560132096947 ], [ -3.712600363091374, 40.483549067598517 ], [ -3.712625617979276, 40.483538461513525 ], [ -3.712784948747912, 40.483476309193748 ], [ -3.712821256388958, 40.483462121413872 ], [ -3.712880595351147, 40.483439053795614 ], [ -3.712949374448761, 40.483416108092015 ], [ -3.712964423256936, 40.483411060343059 ], [ -3.713088029343773, 40.483373632290636 ], [ -3.71314979347597, 40.483356764836635 ], [ -3.713271557704212, 40.483323582153631 ], [ -3.713434677557179, 40.483285099959097 ], [ -3.713550957594595, 40.483257716555222 ], [ -3.713667123148616, 40.483230784188208 ], [ -3.713794470976981, 40.483201260140092 ], [ -3.713908658386432, 40.483176952339377 ], [ -3.71404603794171, 40.483147726404688 ], [ -3.714144825444612, 40.483128738697744 ], [ -3.714227836544541, 40.483112820451254 ], [ -3.714406251813186, 40.483081539601422 ], [ -3.714959156249115, 40.483506952260527 ], [ -3.715232280542397, 40.483717066034401 ], [ -3.715273325361322, 40.483749154099264 ], [ -3.715392180753863, 40.4838422032769 ], [ -3.715585651500745, 40.484017582481194 ], [ -3.715631658437577, 40.484061262119987 ], [ -3.71571246639659, 40.484137879113803 ], [ -3.715762537214357, 40.48418657853631 ], [ -3.715825961782454, 40.484248258183783 ], [ -3.71599473152866, 40.48444171745313 ], [ -3.716113868785988, 40.484594493360106 ], [ -3.716201043279958, 40.484714944062702 ], [ -3.716244072261162, 40.484789182190489 ], [ -3.716268109643994, 40.484830654494694 ], [ -3.716332224801064, 40.484946202998174 ], [ -3.71634906490463, 40.484976459627354 ], [ -3.716416742264693, 40.48512739110884 ], [ -3.716464329861252, 40.485253131987406 ], [ -3.716505300930333, 40.485389093957465 ], [ -3.716539568564742, 40.485504917461192 ], [ -3.716593926132516, 40.485756831445947 ], [ -3.718988196843049, 40.485660000681555 ], [ -3.719849029076167, 40.485625190151268 ], [ -3.720131844696614, 40.485613790519039 ], [ -3.722707618062266, 40.485532148782603 ], [ -3.725291941745724, 40.485542047434897 ], [ -3.727581827818773, 40.485550798167843 ], [ -3.727771086134536, 40.485583932365337 ], [ -3.727852913015897, 40.485611434833132 ], [ -3.728991737564245, 40.485992733818151 ], [ -3.731767324713318, 40.486883500861005 ], [ -3.732036101245401, 40.486969728544565 ], [ -3.732139381241734, 40.486951507813131 ], [ -3.732253022920491, 40.486942050085986 ], [ -3.732332662161532, 40.486941546370467 ], [ -3.732406637024253, 40.486962790007091 ], [ -3.732441066413806, 40.486993112070827 ], [ -3.732521173754665, 40.487057469520529 ], [ -3.732561384484528, 40.487087755804787 ], [ -3.73263214309654, 40.487157066982526 ], [ -3.732636041806163, 40.487160886375975 ], [ -3.73274472782661, 40.487238305616337 ], [ -3.732836187174875, 40.487294032390515 ], [ -3.733013068852344, 40.48737101982811 ], [ -3.733298235394554, 40.487477590863342 ], [ -3.733555205784498, 40.487606142658599 ], [ -3.733823880760174, 40.487758402216684 ], [ -3.734238433565862, 40.487892438219838 ], [ -3.734460666989477, 40.488048865161346 ], [ -3.734698302015787, 40.488373211067547 ], [ -3.734921455736139, 40.48861386467501 ], [ -3.735073979800217, 40.488718120670974 ], [ -3.735309212235903, 40.488811040459652 ], [ -3.735613810352558, 40.488956491627185 ], [ -3.735903684154226, 40.489017711342626 ], [ -3.736179870267542, 40.489089557957705 ], [ -3.736414762809619, 40.489151125703252 ], [ -3.736594557586101, 40.489213134242142 ], [ -3.736733053173549, 40.489285856128326 ], [ -3.736843828234877, 40.489337762904 ], [ -3.737161889667689, 40.489451412726112 ], [ -3.737507442498246, 40.489564796145849 ], [ -3.737687469009524, 40.489647882367798 ], [ -3.737979075541438, 40.489866832875158 ], [ -3.738076050296348, 40.4899082861468 ], [ -3.739981105780119, 40.490553053161435 ], [ -3.739384897385114, 40.491104788749126 ], [ -3.739046480183591, 40.491783072551243 ], [ -3.738742470652541, 40.492392847786249 ], [ -3.73859516545448, 40.492690722240397 ], [ -3.738417393780977, 40.49305131392903 ], [ -3.73835719438253, 40.493168093726112 ], [ -3.738218848069427, 40.493454650189712 ], [ -3.738206494068625, 40.49347950361598 ], [ -3.738060524334461, 40.493770342762851 ], [ -3.738045050269297, 40.493801342157703 ], [ -3.73803811857151, 40.493814899794941 ], [ -3.738030842753454, 40.493829360520678 ], [ -3.73802437513769, 40.493842194480294 ], [ -3.738000698212788, 40.49388910193985 ], [ -3.737926937969251, 40.49403921098537 ], [ -3.737926592862397, 40.494040023991111 ], [ -3.737879959516242, 40.49413500542083 ], [ -3.737828012466856, 40.494240561183204 ], [ -3.737776760603972, 40.494344851234892 ], [ -3.737725386640831, 40.494448781685335 ], [ -3.7376593524387, 40.494582535098118 ], [ -3.737586154840994, 40.494730388092655 ], [ -3.737519767086546, 40.494864233766172 ], [ -3.737466895847653, 40.494971597036006 ], [ -3.73741251887389, 40.495081672561398 ], [ -3.737357569677991, 40.495193283225461 ], [ -3.737232836882499, 40.495441373609253 ], [ -3.737172254030171, 40.495566623573609 ], [ -3.737126097489064, 40.495662232261715 ], [ -3.736940556822162, 40.496026024205243 ], [ -3.736863160544022, 40.496178588120173 ], [ -3.736766505048966, 40.496372265303819 ], [ -3.736663654511806, 40.496582107839174 ], [ -3.736576363860016, 40.496758157784647 ], [ -3.736527285199767, 40.496856487515394 ], [ -3.736462818551813, 40.496982932994278 ], [ -3.736441104119734, 40.497026043866349 ], [ -3.736328010401803, 40.497270725744976 ], [ -3.736221524679209, 40.497558608165647 ], [ -3.736182769265917, 40.497662187228613 ], [ -3.736169122783251, 40.497698489969139 ], [ -3.735880249584819, 40.498467258955422 ], [ -3.735409032064282, 40.499732857619925 ], [ -3.734859457109146, 40.501206157196918 ], [ -3.734516433249412, 40.502120310031188 ], [ -3.733973715600582, 40.502514741906303 ], [ -3.733651003785119, 40.502748768510926 ], [ -3.733059540783306, 40.503176387113058 ], [ -3.732698261039906, 40.503434979723828 ], [ -3.732310295057093, 40.503866440918543 ], [ -3.732357638013685, 40.504226228396135 ], [ -3.732364201322384, 40.504276366367833 ], [ -3.732370247711627, 40.504322273432301 ], [ -3.73237577698856, 40.504364040580853 ], [ -3.732380535264739, 40.504400136108138 ], [ -3.732384142447944, 40.504427950743612 ], [ -3.732388715308988, 40.504457741216321 ], [ -3.732392659885671, 40.504484022200181 ], [ -3.732398133338538, 40.504520654628152 ], [ -3.732402324531114, 40.504548015116214 ], [ -3.732406523766607, 40.504576006175874 ], [ -3.732410848859885, 40.504604717149427 ], [ -3.73241644229848, 40.504641528092364 ], [ -3.732420893064531, 40.504671049970419 ], [ -3.732431375668202, 40.504723325229257 ], [ -3.732442234873209, 40.504777670146197 ], [ -3.732451600304972, 40.504824998490044 ], [ -3.732453584586728, 40.504833814633074 ], [ -3.732463075100507, 40.504881681815682 ], [ -3.732471189838262, 40.504922530777129 ], [ -3.732477923315107, 40.504955640840805 ], [ -3.732484667588661, 40.504989742715082 ], [ -3.73249139911931, 40.505022672611958 ], [ -3.732499009488464, 40.505060551831193 ], [ -3.73250700155523, 40.505100861032496 ], [ -3.732515862875466, 40.50514512953864 ], [ -3.732518236505497, 40.505157186415076 ], [ -3.732525098627268, 40.505191376726778 ], [ -3.732534829198525, 40.505239602734513 ], [ -3.732543318866443, 40.505282251991829 ], [ -3.732545941280234, 40.505295478446939 ], [ -3.732715441405957, 40.505742148715868 ], [ -3.732716845479307, 40.505751870322229 ], [ -3.732723882269587, 40.505802095346233 ], [ -3.732730163129971, 40.505847820714379 ], [ -3.732733229849414, 40.505869332531141 ], [ -3.732798733129964, 40.50629260824838 ], [ -3.733091735927517, 40.506363454340551 ], [ -3.732989994917578, 40.50697076051069 ], [ -3.732889276128074, 40.50709716259049 ], [ -3.732921413304476, 40.50714362574076 ], [ -3.732992994985301, 40.50726821606866 ], [ -3.733273581364859, 40.507379950723077 ], [ -3.73342766156842, 40.507395821342278 ], [ -3.73346865150854, 40.507409796132784 ], [ -3.733595291608924, 40.507452866471148 ], [ -3.733697880542778, 40.507487530928088 ], [ -3.733873920903547, 40.507547315008985 ], [ -3.733914199959842, 40.507561023888414 ], [ -3.734021055624741, 40.507597282559573 ], [ -3.734093784056572, 40.507621145481977 ], [ -3.734406852018747, 40.507723932397369 ], [ -3.734447590254625, 40.507660701325904 ], [ -3.734487521143559, 40.507599096971802 ], [ -3.734520944851667, 40.507546993302725 ], [ -3.734557500990828, 40.50748991482088 ], [ -3.734580945913984, 40.507453550939296 ], [ -3.734622379166169, 40.507389144229862 ], [ -3.734653714880388, 40.507340296996247 ], [ -3.734696075439623, 40.507274352852328 ], [ -3.73471870684749, 40.50723916436921 ], [ -3.734745283059962, 40.507197734663208 ], [ -3.734772090363104, 40.507155853036821 ], [ -3.734798439517363, 40.507115145473378 ], [ -3.734827567811678, 40.507069645517795 ], [ -3.734965522907008, 40.506851563761948 ], [ -3.73510096415235, 40.506889982842935 ], [ -3.735239599932867, 40.506929102150927 ], [ -3.735334427133971, 40.506955526359107 ], [ -3.735504421881192, 40.507002102456475 ], [ -3.735700221843455, 40.507055542756532 ], [ -3.735880317660661, 40.507108361116551 ], [ -3.73612292970297, 40.507179339295575 ], [ -3.736371819956172, 40.507252349903013 ], [ -3.736484663092191, 40.507285505118197 ], [ -3.736621297092651, 40.507324905786447 ], [ -3.736773205074653, 40.507368712455758 ], [ -3.736846613734562, 40.507389956728773 ], [ -3.736988835515408, 40.507433014976584 ], [ -3.737089693163883, 40.507460210078818 ], [ -3.73714272665062, 40.507474647277014 ], [ -3.737296076203753, 40.50752069628345 ], [ -3.737430237656905, 40.507560562211403 ], [ -3.737607971797523, 40.507613032582718 ], [ -3.737781205648813, 40.50766408998895 ], [ -3.737839707057223, 40.507681914433959 ], [ -3.737972007481568, 40.5077242240136 ], [ -3.738101070154278, 40.507761868596951 ], [ -3.738218527466049, 40.507795984518694 ], [ -3.738301409479914, 40.507819869111394 ], [ -3.738406353852286, 40.507853794519107 ], [ -3.738561972209323, 40.507902079563664 ], [ -3.738679227557402, 40.507939259328872 ], [ -3.738807272338127, 40.507980873538756 ], [ -3.738965893572427, 40.508023103782257 ], [ -3.739074624146927, 40.50805781426763 ], [ -3.739214489490303, 40.508100884835216 ], [ -3.739502507518766, 40.508189494014857 ], [ -3.73972822639157, 40.5082584105634 ], [ -3.739935814403558, 40.50832059690967 ], [ -3.740931902850897, 40.508624850024965 ], [ -3.741134891015913, 40.508687242977693 ], [ -3.741280561680384, 40.508732165667155 ], [ -3.741371870119899, 40.508760048894786 ], [ -3.742027003273997, 40.508959090797077 ], [ -3.741981991959808, 40.50903027886968 ], [ -3.741959970585408, 40.509067086440098 ], [ -3.741940728306318, 40.509098921274322 ], [ -3.741922878454571, 40.509128585032137 ], [ -3.741900510084858, 40.509165935351902 ], [ -3.741874311464736, 40.50920916603458 ], [ -3.741854490903273, 40.509242085633012 ], [ -3.741833507773732, 40.50927672437988 ], [ -3.741814494473592, 40.509307927100117 ], [ -3.741797333790408, 40.509335874724925 ], [ -3.741770337662289, 40.509381723080047 ], [ -3.741757241251124, 40.509403608654857 ], [ -3.741745883417756, 40.509422600224291 ], [ -3.741726762931136, 40.509454794595214 ], [ -3.74170009993589, 40.509498748928507 ], [ -3.741677841217951, 40.509535467877463 ], [ -3.741652448629455, 40.509576891556932 ], [ -3.741627884159529, 40.509618490093622 ], [ -3.741551861660115, 40.509746273550135 ], [ -3.741530657245238, 40.509782174904032 ], [ -3.741507828256477, 40.509820609166923 ], [ -3.741485807549687, 40.509857416638965 ], [ -3.741414538184689, 40.509977421859098 ], [ -3.741398430457076, 40.510004551866679 ], [ -3.741376997768748, 40.510041175366716 ], [ -3.741358574166967, 40.510072374225572 ], [ -3.741346288780285, 40.51009290321565 ], [ -3.741337827757578, 40.510107011360063 ], [ -3.741294249120992, 40.510179812463754 ], [ -3.741273046230534, 40.510215984025201 ], [ -3.741256249088695, 40.510244830123042 ], [ -3.741199474325907, 40.510341229031702 ], [ -3.741172930640778, 40.51038536174994 ], [ -3.741149164793534, 40.510424612747727 ], [ -3.741119949122531, 40.510472637312759 ], [ -3.741091312627039, 40.510519667178229 ], [ -3.741072990922724, 40.510549423914306 ], [ -3.741063023225806, 40.510566064188353 ], [ -3.74103520886203, 40.510612728411559 ], [ -3.741011099687422, 40.510652972558987 ], [ -3.74098825722212, 40.510690235646138 ], [ -3.740965532757263, 40.510727497971992 ], [ -3.740958342094093, 40.5107390754536 ], [ -3.740949416740583, 40.510753907256628 ], [ -3.740923219878284, 40.510797407970209 ], [ -3.740878826072342, 40.510871295203792 ], [ -3.740861328189153, 40.510900956534257 ], [ -3.740837680196501, 40.510940116620951 ], [ -3.740800004820874, 40.511002429376745 ], [ -3.74076569364631, 40.511059405311258 ], [ -3.740739494566233, 40.511102725818006 ], [ -3.740647928740764, 40.511255652991927 ], [ -3.739682910363759, 40.51287072904681 ], [ -3.739417522489396, 40.513307916926244 ], [ -3.73914128006404, 40.513225934050865 ], [ -3.737978162100847, 40.51281691436656 ], [ -3.736928246275828, 40.512440579503775 ], [ -3.736652388787975, 40.512316374361603 ], [ -3.736486295117229, 40.512219747024929 ], [ -3.732645472927546, 40.509631070380898 ], [ -3.732445492185286, 40.509514086508631 ], [ -3.732308414324692, 40.509451973221744 ], [ -3.732100490129031, 40.509378740314503 ], [ -3.731977177493302, 40.509343530961722 ], [ -3.731848884633677, 40.50931477996069 ], [ -3.731089448753515, 40.509162772054921 ], [ -3.730075198684558, 40.508960952851673 ], [ -3.728372474698829, 40.508627216692986 ], [ -3.727098389860456, 40.508376879680618 ], [ -3.726909204992472, 40.508322798520027 ], [ -3.726748534397943, 40.508258256774624 ], [ -3.72664519717304, 40.508201065912665 ], [ -3.726551893404823, 40.508137385829613 ] ] ] } },
{ "type": "Feature", "properties": { "barrio": "El Goloso", "distrito": "Fuencarral - El Pardo", "area_km2": 26.493, "n_poi": 2, "diversidad_poi": 2, "n_restaurantes": 542, "pct_terrazas": 8.7, "accesibilidad_media": 2.3, "densidad_oferta": 20.5 }, "geometry": { "type": "Polygon", "coordinates": [ [ [ -3.701589375152869, 40.578532991916006 ], [ -3.701590746796342, 40.578314594199831 ], [ -3.701533954634622, 40.578313378794277 ], [ -3.701426762249063, 40.578311840596029 ], [ -3.701051935511625, 40.578308531443106 ], [ -3.700879282898557, 40.578307775566948 ], [ -3.700604640721979, 40.578308137135664 ], [ -3.700365538612052, 40.578306207853053 ], [ -3.700284300052754, 40.578305385087333 ], [ -3.700260722858168, 40.578295770590614 ], [ -3.700156062140919, 40.578255889750146 ], [ -3.700111841663007, 40.578238370804264 ], [ -3.700027422767108, 40.578204927368141 ], [ -3.699934097736795, 40.578148141993886 ], [ -3.699865210500407, 40.578106227048728 ], [ -3.699732645866569, 40.578024008679542 ], [ -3.699470687189481, 40.577845240006916 ], [ -3.699351187017373, 40.577758427777709 ], [ -3.699266655374072, 40.577696246404216 ], [ -3.699253892958243, 40.577686859018925 ], [ -3.699225816777291, 40.577664861926372 ], [ -3.699116129410355, 40.577578927867464 ], [ -3.699063445697195, 40.577530120837409 ], [ -3.698987174278507, 40.57744918160067 ], [ -3.698847616347809, 40.577296798965321 ], [ -3.6988037713247, 40.577258154316468 ], [ -3.698732571249578, 40.577207846568761 ], [ -3.698653582923215, 40.577157324625823 ], [ -3.698510341227371, 40.577072416320043 ], [ -3.69842284532649, 40.57702292762017 ], [ -3.698302666192136, 40.576954972003911 ], [ -3.698255487320788, 40.576929150599668 ], [ -3.698194633650349, 40.5768938841248 ], [ -3.698131366721269, 40.576825816756134 ], [ -3.698065705710671, 40.5767381507656 ], [ -3.697925758636248, 40.576553206139991 ], [ -3.69785124334234, 40.576461379201788 ], [ -3.697781291146373, 40.576400252760649 ], [ -3.697724955427546, 40.576355810307753 ], [ -3.697605841236167, 40.57626075356027 ], [ -3.697497604954769, 40.576175328077632 ], [ -3.697431824253307, 40.576122983234441 ], [ -3.697333514649754, 40.576043301130667 ], [ -3.697300393354864, 40.57600978113242 ], [ -3.697300921591537, 40.575916023370524 ], [ -3.697301921137996, 40.57578026463996 ], [ -3.697302218458034, 40.575739826848633 ], [ -3.697302659302026, 40.575679984137139 ], [ -3.697302834313162, 40.575656215164585 ], [ -3.697299464408895, 40.575622955198654 ], [ -3.697277306105834, 40.575489272238812 ], [ -3.697257053929166, 40.575375307939332 ], [ -3.697254829966178, 40.575354212843479 ], [ -3.697249240119122, 40.575325505808145 ], [ -3.697243972902676, 40.575298513902361 ], [ -3.697219470582251, 40.57523753708201 ], [ -3.697190935857314, 40.575173592770291 ], [ -3.697137660537154, 40.575056884570536 ], [ -3.697083740084886, 40.574937876686093 ], [ -3.697051098068396, 40.574871125655015 ], [ -3.697011910857908, 40.574816448062961 ], [ -3.696979134175746, 40.574786574448957 ], [ -3.696924478530366, 40.574745481735228 ], [ -3.69685014578594, 40.574690165685716 ], [ -3.696485369213173, 40.574423588899393 ], [ -3.696384270132094, 40.574347083062612 ], [ -3.69629954812693, 40.574300387644854 ], [ -3.69626332405837, 40.574270696761829 ], [ -3.696123654987393, 40.574200278882635 ], [ -3.695491297213974, 40.573922282553802 ], [ -3.695033716498553, 40.573729863553282 ], [ -3.694978860642109, 40.573706217560137 ], [ -3.694951780562211, 40.573689760134393 ], [ -3.69493652107398, 40.573675607213737 ], [ -3.694896990351591, 40.573632027998279 ], [ -3.694711291392844, 40.573426473950192 ], [ -3.694539400422735, 40.573230800313453 ], [ -3.694187443032521, 40.57282430442222 ], [ -3.694041855714647, 40.572657293819326 ], [ -3.69392743411317, 40.572529296733258 ], [ -3.693685250973975, 40.572257224121714 ], [ -3.693514636462769, 40.572072231992948 ], [ -3.693432723408895, 40.571999499246083 ], [ -3.693320204731452, 40.571911193728958 ], [ -3.693233628910254, 40.571844514813577 ], [ -3.693156607577899, 40.571790337679957 ], [ -3.693112032210064, 40.571763939070671 ], [ -3.693083418799803, 40.571750237183814 ], [ -3.693057636895925, 40.571736157949978 ], [ -3.693053953369341, 40.571734108023577 ], [ -3.693052409255057, 40.571733305593902 ], [ -3.693035778522678, 40.571724488450705 ], [ -3.693026156696919, 40.57171941025365 ], [ -3.693004536451602, 40.571707918595109 ], [ -3.692771160579452, 40.57157733936247 ], [ -3.69271984275467, 40.571538638968462 ], [ -3.692661234483506, 40.57157898770452 ], [ -3.692630337138409, 40.571582199921785 ], [ -3.692626938765222, 40.571567357567275 ], [ -3.692589008044445, 40.571410340753907 ], [ -3.692564996587356, 40.571219615099913 ], [ -3.692556697015935, 40.571140757609015 ], [ -3.692541547007743, 40.571068822112657 ], [ -3.692510086852792, 40.570967685042142 ], [ -3.692488483827543, 40.570890905446198 ], [ -3.692460514642462, 40.570817825185692 ], [ -3.692424617559695, 40.570752116598747 ], [ -3.692392122083928, 40.570705922312563 ], [ -3.692332199877526, 40.570639137899363 ], [ -3.69217991210576, 40.570464257090464 ], [ -3.692066459997727, 40.570329429015423 ], [ -3.691872314881959, 40.57007162200307 ], [ -3.691761221797464, 40.569914967356546 ], [ -3.691717535060029, 40.569870059680014 ], [ -3.691673974070098, 40.569837359072451 ], [ -3.691635315683714, 40.569814396448038 ], [ -3.691574246773293, 40.569791566173485 ], [ -3.691495594529453, 40.569771284309333 ], [ -3.691349444572074, 40.569725768186579 ], [ -3.691294855067171, 40.569710224951294 ], [ -3.691232198268727, 40.569688625591901 ], [ -3.691171015406465, 40.569654810441136 ], [ -3.691116174816937, 40.569614852043337 ], [ -3.691053103760017, 40.569552968562981 ], [ -3.690968807522097, 40.569450926402695 ], [ -3.690832583952264, 40.569280829556618 ], [ -3.690726439266978, 40.569173871131767 ], [ -3.690725218571904, 40.569172803679351 ], [ -3.690707762161957, 40.569184586176178 ], [ -3.69067244942457, 40.569181664944125 ], [ -3.69066603266571, 40.569228128416967 ], [ -3.690664880990904, 40.569239979187017 ], [ -3.690661610454747, 40.569268541358042 ], [ -3.690637380211633, 40.569396514947719 ], [ -3.690610033152187, 40.569516303739384 ], [ -3.690563622474104, 40.569625321136705 ], [ -3.690484106687757, 40.569750847745368 ], [ -3.69040654019681, 40.569834678880412 ], [ -3.690317016251441, 40.569911332027537 ], [ -3.690234360613051, 40.569962571652852 ], [ -3.690017287752343, 40.570116104742382 ], [ -3.689876816337651, 40.570195458194057 ], [ -3.68974302907528, 40.570255846757711 ], [ -3.689548826726229, 40.570321883975438 ], [ -3.689445454490165, 40.570347006730614 ], [ -3.689396547462131, 40.570358062332325 ], [ -3.689491321462779, 40.570187325684714 ], [ -3.689530622114964, 40.570103147013469 ], [ -3.68956952677435, 40.569980401270428 ], [ -3.689590581764371, 40.569857762966379 ], [ -3.689599993574943, 40.56976015036895 ], [ -3.689588797798461, 40.569645884577554 ], [ -3.689578815144884, 40.569475553311129 ], [ -3.689557342237783, 40.56908318107029 ], [ -3.689557839810261, 40.568986755882591 ], [ -3.689562066778858, 40.5688188433246 ], [ -3.689560751093498, 40.568690665684322 ], [ -3.689531720418853, 40.568615970328779 ], [ -3.689480483681981, 40.568551616288907 ], [ -3.689422106482112, 40.568490671432698 ], [ -3.68937624273706, 40.56839569405215 ], [ -3.68931237287273, 40.568259950207313 ], [ -3.689218885955087, 40.568017718671783 ], [ -3.689138721726024, 40.567847350162545 ], [ -3.689044994116437, 40.567617583597247 ], [ -3.688985044416778, 40.567464930045517 ], [ -3.688961588670809, 40.567403155954707 ], [ -3.688947609269251, 40.567344226182456 ], [ -3.688939596308757, 40.567277414148059 ], [ -3.688937502737696, 40.567235687892186 ], [ -3.688942719699156, 40.567198382807057 ], [ -3.688955495604207, 40.56716530191899 ], [ -3.688905039439881, 40.567146723045838 ], [ -3.687922422953385, 40.564953329008617 ], [ -3.686968767503698, 40.563148846272696 ], [ -3.686658445491677, 40.562396105892176 ], [ -3.685751335625745, 40.559646577101233 ], [ -3.684931373872056, 40.558094161632944 ], [ -3.682408389351199, 40.553831114655857 ], [ -3.682151004068141, 40.552908410724207 ], [ -3.682120725327314, 40.552906029188158 ], [ -3.682136952133301, 40.552818619709974 ], [ -3.682174380776265, 40.55265559997374 ], [ -3.682201119062256, 40.552540963160411 ], [ -3.682278311767922, 40.552183859955086 ], [ -3.682289798120985, 40.552083256165218 ], [ -3.682336715726149, 40.551966298375888 ], [ -3.68249519321109, 40.551561015782397 ], [ -3.682477404812612, 40.551324822558165 ], [ -3.682431903052235, 40.551201806241878 ], [ -3.682354065940499, 40.551021005385401 ], [ -3.682236484113101, 40.550810352344243 ], [ -3.682107230491412, 40.550681957559391 ], [ -3.682016562031303, 40.550468943617773 ], [ -3.681974991173489, 40.550353974917947 ], [ -3.681943033150067, 40.550238216140507 ], [ -3.681900107846961, 40.549989695691899 ], [ -3.681855165122096, 40.549921714447812 ], [ -3.681733135304625, 40.549785221778158 ], [ -3.681607437210013, 40.549651590204775 ], [ -3.681481313178006, 40.549509444942018 ], [ -3.6814377794315, 40.549460382800234 ], [ -3.681314235483687, 40.549349003552543 ], [ -3.681138899583445, 40.549206030105793 ], [ -3.680811670041916, 40.548996749175558 ], [ -3.680612168847243, 40.548911140602151 ], [ -3.680381803566931, 40.548809185816488 ], [ -3.680307435984902, 40.548776563982841 ], [ -3.680238389048102, 40.548734267705292 ], [ -3.680183030872339, 40.54866403634491 ], [ -3.680132184023845, 40.548588879388724 ], [ -3.680069994988406, 40.54848477528175 ], [ -3.679962289827727, 40.548310794344097 ], [ -3.679833220281155, 40.548123196018679 ], [ -3.67969096448748, 40.54791655744161 ], [ -3.67963167866285, 40.547836888719779 ], [ -3.679562182741413, 40.547757280021351 ], [ -3.679434365606983, 40.547601539058277 ], [ -3.679386383349607, 40.547538090827459 ], [ -3.679302122700748, 40.54746706683509 ], [ -3.679166432189677, 40.547358814256661 ], [ -3.679066206692545, 40.547269472552344 ], [ -3.679030584785203, 40.547234984336527 ], [ -3.678986387482251, 40.547178596445946 ], [ -3.678937384793775, 40.547105947876496 ], [ -3.678795940577674, 40.546887263954908 ], [ -3.678766601895768, 40.54683149587175 ], [ -3.678724817927193, 40.546738270024591 ], [ -3.678617946800921, 40.546542042720006 ], [ -3.678605128160868, 40.546510529379979 ], [ -3.678622917693199, 40.546505908753844 ], [ -3.678740069569908, 40.54538181415694 ], [ -3.678163441171824, 40.543450804806618 ], [ -3.678182171738817, 40.543447767886086 ], [ -3.678168574541303, 40.543396353083054 ], [ -3.67815319866189, 40.54336540422451 ], [ -3.678022688969251, 40.543111755606603 ], [ -3.677977028034003, 40.542996284985229 ], [ -3.677944879379473, 40.542953686970392 ], [ -3.677817403919223, 40.542818833594474 ], [ -3.677694696412627, 40.542679072910389 ], [ -3.677623754958709, 40.542600329080891 ], [ -3.677448643898682, 40.542336004597672 ], [ -3.677259436895618, 40.542123048085408 ], [ -3.677012666443919, 40.541853567361407 ], [ -3.676943198563753, 40.541775929761222 ], [ -3.676705871336097, 40.541573287408632 ], [ -3.676607680117591, 40.541496564664378 ], [ -3.676488163920376, 40.541414941555551 ], [ -3.676298415438069, 40.541310319023204 ], [ -3.676110357142205, 40.541211075384872 ], [ -3.675976692065335, 40.541122211234601 ], [ -3.675950361543767, 40.541105943032939 ], [ -3.675887974445156, 40.541050454881415 ], [ -3.675786299399633, 40.540955089055039 ], [ -3.675718157768815, 40.540895210216931 ], [ -3.675624143294392, 40.540782194327967 ], [ -3.675551149252917, 40.540689583044376 ], [ -3.675296843249634, 40.540309483184458 ], [ -3.67517790504613, 40.540140041445653 ], [ -3.675066777741454, 40.53998708069733 ], [ -3.674988767449985, 40.539887248019134 ], [ -3.674867813334586, 40.539710337664729 ], [ -3.674800237966739, 40.539605007054028 ], [ -3.674743472159033, 40.539472125434827 ], [ -3.674702699600851, 40.539389351375824 ], [ -3.674597702284694, 40.539212049344655 ], [ -3.674527743384727, 40.539097736229841 ], [ -3.674474497149444, 40.538997909056789 ], [ -3.674443009727083, 40.53890767721127 ], [ -3.67438395476019, 40.538736912975637 ], [ -3.674347068048781, 40.538616574361747 ], [ -3.674334606906384, 40.538527561140469 ], [ -3.674264893345751, 40.538427472315604 ], [ -3.674214428839717, 40.538350961733542 ], [ -3.674121437905357, 40.538227061283905 ], [ -3.674084096418308, 40.5381883896818 ], [ -3.673915956707734, 40.538067842737838 ], [ -3.673791687198862, 40.537976389698692 ], [ -3.673671777514782, 40.537903081082916 ], [ -3.673436431448152, 40.537774110992309 ], [ -3.673294235371405, 40.537699105778984 ], [ -3.673185499782579, 40.53765696076897 ], [ -3.673095396059412, 40.537635785158109 ], [ -3.672942827171405, 40.53760113388946 ], [ -3.672635127384451, 40.537541382446356 ], [ -3.672405255803682, 40.537491359997944 ], [ -3.67225785873503, 40.537454265149876 ], [ -3.672180392683168, 40.537432389176111 ], [ -3.672057457069296, 40.537371853931226 ], [ -3.671964906015244, 40.537291325945262 ], [ -3.671843659741914, 40.537179996764444 ], [ -3.671734394852026, 40.537062220419777 ], [ -3.671650177711354, 40.536954870272119 ], [ -3.671537720113114, 40.5367948219697 ], [ -3.671405969239248, 40.53664545757217 ], [ -3.67126021546327, 40.536481376406513 ], [ -3.671107330710348, 40.536304542976758 ], [ -3.671010688070723, 40.536162666858061 ], [ -3.670937003786138, 40.536057123438162 ], [ -3.670839553541808, 40.535886057718287 ], [ -3.670798301746836, 40.535820708150304 ], [ -3.670759182809346, 40.535708264934257 ], [ -3.670711017011669, 40.535602820057242 ], [ -3.670646085364001, 40.535506594855015 ], [ -3.670475215485745, 40.535301815825228 ], [ -3.6703379909371, 40.535158825969226 ], [ -3.670223021240021, 40.535024165283026 ], [ -3.670133393300035, 40.53492953255985 ], [ -3.670049539504359, 40.534858126283069 ], [ -3.669918364382275, 40.534765849603239 ], [ -3.66979013032058, 40.534690470779346 ], [ -3.669519488416132, 40.534508078199238 ], [ -3.669323681967481, 40.534379682190597 ], [ -3.6693489864008, 40.534341322672262 ], [ -3.671014871953469, 40.532063052896056 ], [ -3.672337154580562, 40.53086917578527 ], [ -3.67572379274855, 40.528381101972386 ], [ -3.676527969508726, 40.527244973809019 ], [ -3.677206649685896, 40.526992269265257 ], [ -3.675581961482641, 40.526118077974537 ], [ -3.675066617907098, 40.525575414667173 ], [ -3.672028915478968, 40.524366255846424 ], [ -3.670047539206984, 40.524720711856567 ], [ -3.667651084481202, 40.525007709644129 ], [ -3.665977808413746, 40.524479336196443 ], [ -3.665943929013109, 40.524476092766044 ], [ -3.665960482824338, 40.524255036365027 ], [ -3.665958614463236, 40.524066265879121 ], [ -3.665954703160665, 40.523986341743203 ], [ -3.665945392951467, 40.523922981834147 ], [ -3.665933412178701, 40.5238869252386 ], [ -3.665843879264064, 40.52369167804342 ], [ -3.665775669756491, 40.523567134898563 ], [ -3.66570943605256, 40.523411971724272 ], [ -3.665680590387101, 40.523337770424753 ], [ -3.665655251146855, 40.523239233923817 ], [ -3.665636422463328, 40.523135654571739 ], [ -3.665628676365126, 40.523078921565236 ], [ -3.66562327549261, 40.523040630660347 ], [ -3.665617851867511, 40.523000039015457 ], [ -3.665620447496387, 40.522957868763527 ], [ -3.665624222091522, 40.522933320316362 ], [ -3.665630949818863, 40.522902623406623 ], [ -3.665662567703513, 40.52274822888149 ], [ -3.665715270350069, 40.52255078640723 ], [ -3.665846039862204, 40.522165088424593 ], [ -3.66589514550502, 40.522013921831245 ], [ -3.665938969358061, 40.521797280198868 ], [ -3.665968340761577, 40.521640508451199 ], [ -3.665993955397945, 40.521560772662902 ], [ -3.666067396568824, 40.521403253186385 ], [ -3.666179751408628, 40.521225257328744 ], [ -3.666239465366558, 40.521125161181487 ], [ -3.666202471327939, 40.521113478230959 ], [ -3.662870209155882, 40.520032977686178 ], [ -3.663348202866981, 40.519839838858182 ], [ -3.664086319793539, 40.519573222320453 ], [ -3.665607131953062, 40.519026921190687 ], [ -3.6660135881641, 40.518860327201153 ], [ -3.666327890481397, 40.51870279464331 ], [ -3.666589149194155, 40.518551966253547 ], [ -3.667055761448487, 40.518250630436498 ], [ -3.667599762518747, 40.517861385467782 ], [ -3.667986832305524, 40.517577095282974 ], [ -3.668321576514161, 40.517345013908972 ], [ -3.668578943732291, 40.517181069440035 ], [ -3.668956390152151, 40.516962277715159 ], [ -3.669348214292993, 40.51676235529407 ], [ -3.669747453460797, 40.516594880060097 ], [ -3.670210493707008, 40.516421619070762 ], [ -3.67139816950844, 40.515951715715559 ], [ -3.673541095635092, 40.514995847389734 ], [ -3.674646522512243, 40.514507524474311 ], [ -3.674982197437517, 40.514358051572842 ], [ -3.675189713885013, 40.514278166310987 ], [ -3.675384459267581, 40.514209829056192 ], [ -3.675656381984532, 40.514127927785019 ], [ -3.677648904289482, 40.513657342349184 ], [ -3.677914527148217, 40.513590224786213 ], [ -3.679019535038295, 40.513278882000748 ], [ -3.682299116252937, 40.512509221913369 ], [ -3.682715445413096, 40.51241066861035 ], [ -3.683208835793026, 40.512266849747142 ], [ -3.683470027439431, 40.512174188266613 ], [ -3.683710255805122, 40.51206184055652 ], [ -3.683933267856438, 40.511938346630366 ], [ -3.684081279398186, 40.511833239321163 ], [ -3.684274842966088, 40.511688082383685 ], [ -3.684777241970043, 40.511278137257108 ], [ -3.685531963490586, 40.510649671552038 ], [ -3.68565477211482, 40.51058410405804 ], [ -3.685761976421574, 40.510538231509479 ], [ -3.685858522458171, 40.510512779540292 ], [ -3.685948261973194, 40.510497922725513 ], [ -3.686043031866037, 40.510492082717654 ], [ -3.686155642732838, 40.51049216905934 ], [ -3.686253545334554, 40.510502898371328 ], [ -3.68636438030551, 40.510522597528727 ], [ -3.687025288117994, 40.510682724941169 ], [ -3.688102876644301, 40.510158689671066 ], [ -3.688493059709342, 40.509970694820545 ], [ -3.688602380374731, 40.509903647817076 ], [ -3.688947932370909, 40.50969141315538 ], [ -3.688971274603952, 40.509677130009294 ], [ -3.689509130768823, 40.509306631676992 ], [ -3.689655881803282, 40.509172064714505 ], [ -3.689691428885604, 40.50913942050672 ], [ -3.6898634390404, 40.508981819902857 ], [ -3.689945992000718, 40.508906013504031 ], [ -3.690470077037419, 40.508310099093812 ], [ -3.690798149363177, 40.507936972363261 ], [ -3.691119485565078, 40.507563254348675 ], [ -3.692280776280864, 40.506174611644411 ], [ -3.692442965428169, 40.505980564590381 ], [ -3.692620408252863, 40.505768258515722 ], [ -3.693857467828657, 40.504282209651095 ], [ -3.696188645379084, 40.501514647618649 ], [ -3.697031991517126, 40.502088028092039 ], [ -3.697395885324434, 40.5023659981184 ], [ -3.697664479162377, 40.502660863802774 ], [ -3.697674707024742, 40.502678658619857 ], [ -3.698252067437669, 40.503683168674094 ], [ -3.699091957473631, 40.503426569226242 ], [ -3.699874214295539, 40.50329184203548 ], [ -3.700494779082656, 40.503259168859003 ], [ -3.701342731006241, 40.503256915819527 ], [ -3.702483131178533, 40.503310628990064 ], [ -3.704710096978729, 40.503438710888908 ], [ -3.704715863008108, 40.50343900275012 ], [ -3.706855338595441, 40.503547313944104 ], [ -3.706871248069925, 40.503548119322026 ], [ -3.709685057503124, 40.503702032756792 ], [ -3.710898984163545, 40.503768082289916 ], [ -3.711164800003111, 40.503773798931554 ], [ -3.711399525221327, 40.50375324630258 ], [ -3.711653367998796, 40.503719345889579 ], [ -3.711935707056326, 40.503648519335677 ], [ -3.712203206133992, 40.503548964061018 ], [ -3.712671544090832, 40.503302949794332 ], [ -3.713176429013558, 40.503227927761479 ], [ -3.713676645883944, 40.503276915623843 ], [ -3.713817150051636, 40.503307450166886 ], [ -3.714158744285973, 40.503398175527622 ], [ -3.71450729399771, 40.503533682481432 ], [ -3.714896639936106, 40.503677034111817 ], [ -3.715140182730704, 40.503769097317736 ], [ -3.715471999304701, 40.503882358306143 ], [ -3.717076823560443, 40.504382932301553 ], [ -3.717580561050657, 40.504566181603778 ], [ -3.718148735804402, 40.504791444887196 ], [ -3.719084084324098, 40.505182802049887 ], [ -3.719920348984227, 40.505597902864544 ], [ -3.720496195721825, 40.505909223707569 ], [ -3.720895655009829, 40.506102104859089 ], [ -3.721129006910909, 40.506193194625737 ], [ -3.721340181424193, 40.506257429891278 ], [ -3.721654107798702, 40.506324879852428 ], [ -3.721969926197493, 40.506394368464065 ], [ -3.72276628306201, 40.506557009058753 ], [ -3.723075009171035, 40.506610349109607 ], [ -3.72339025133133, 40.506643082932875 ], [ -3.724130124879099, 40.506702721203204 ], [ -3.724270045218995, 40.506717269368387 ], [ -3.724394962919502, 40.506746049974282 ], [ -3.72450487922178, 40.506789063061461 ], [ -3.724619971370324, 40.506843611012222 ], [ -3.725885782004341, 40.507579879955031 ], [ -3.725967145216683, 40.507629497038643 ], [ -3.726097934415057, 40.507734073086567 ], [ -3.726551893404823, 40.508137385829613 ], [ -3.72664519717304, 40.508201065912665 ], [ -3.726748534397943, 40.508258256774624 ], [ -3.726909204992472, 40.508322798520027 ], [ -3.727098389860456, 40.508376879680618 ], [ -3.728372474698829, 40.508627216692986 ], [ -3.730075198684558, 40.508960952851673 ], [ -3.731089448753515, 40.509162772054921 ], [ -3.731848884633677, 40.50931477996069 ], [ -3.731977177493302, 40.509343530961722 ], [ -3.732100490129031, 40.509378740314503 ], [ -3.732308414324692, 40.509451973221744 ], [ -3.732445492185286, 40.509514086508631 ], [ -3.732645472927546, 40.509631070380898 ], [ -3.736486295117229, 40.512219747024929 ], [ -3.736652388787975, 40.512316374361603 ], [ -3.736928246275828, 40.512440579503775 ], [ -3.737978162100847, 40.51281691436656 ], [ -3.73914128006404, 40.513225934050865 ], [ -3.739417522489396, 40.513307916926244 ], [ -3.739382211040341, 40.513370754607379 ], [ -3.739290783841912, 40.51352611127168 ], [ -3.739153182274882, 40.513754826161964 ], [ -3.739079898370825, 40.513874752679378 ], [ -3.738964552932367, 40.514066478657895 ], [ -3.738916554232372, 40.514145703399777 ], [ -3.738872223658311, 40.514214994896875 ], [ -3.738834476235922, 40.514271180506135 ], [ -3.738836491675311, 40.51427197841906 ], [ -3.738713030285442, 40.514444837378434 ], [ -3.738267282248767, 40.515056054008383 ], [ -3.738051784887631, 40.515351030013626 ], [ -3.737841710793177, 40.515634799066063 ], [ -3.737493778900459, 40.516114129534095 ], [ -3.737399710588551, 40.516244637900463 ], [ -3.737227941782204, 40.516480414299984 ], [ -3.736989993708967, 40.516806521148141 ], [ -3.736753185255112, 40.517129106765232 ], [ -3.736502363129889, 40.517476556518289 ], [ -3.73642815706429, 40.517577837899864 ], [ -3.736289714604464, 40.517763582281731 ], [ -3.736224367458373, 40.517854627950463 ], [ -3.736130051498319, 40.517984415222848 ], [ -3.736036522838488, 40.518110774929184 ], [ -3.735912126648166, 40.518285798900969 ], [ -3.735836290891542, 40.518389342490622 ], [ -3.735714573974603, 40.518550385424717 ], [ -3.735659790626944, 40.518625237618188 ], [ -3.735539806148368, 40.518793655711079 ], [ -3.735486223680662, 40.518870301950955 ], [ -3.735417389297708, 40.51896650440635 ], [ -3.735350758307272, 40.519058999158794 ], [ -3.73525981670265, 40.519184710234455 ], [ -3.735165615095405, 40.51931449687217 ], [ -3.735056771000828, 40.519465637521449 ], [ -3.73496630263443, 40.519591435438286 ], [ -3.734917003780678, 40.519660486706243 ], [ -3.734712631967074, 40.519950070325642 ], [ -3.73462001785502, 40.520084890481129 ], [ -3.734543441501799, 40.520196546795411 ], [ -3.734498091111684, 40.520259807100459 ], [ -3.734374288033576, 40.520435816577162 ], [ -3.734343362289213, 40.520479525076716 ], [ -3.734328710077212, 40.520499888157879 ], [ -3.734228593764513, 40.520639711448268 ], [ -3.734163345361762, 40.520729494050222 ], [ -3.734106681836729, 40.520805348409674 ], [ -3.734048620323517, 40.520882922406486 ], [ -3.733993848187338, 40.520959034960072 ], [ -3.73396372272868, 40.521000396865738 ], [ -3.733948712228752, 40.521020401818362 ], [ -3.73389822398368, 40.521088829573365 ], [ -3.733674421013069, 40.521405109990475 ], [ -3.733625332043134, 40.521471997230265 ], [ -3.733575190196408, 40.52153988210884 ], [ -3.73352088623098, 40.521615721193861 ], [ -3.733437293342157, 40.521733816693647 ], [ -3.733384347484336, 40.521804421946818 ], [ -3.733350397652786, 40.52185229434874 ], [ -3.733228827625031, 40.52202792803697 ], [ -3.733040697244802, 40.522292450080386 ], [ -3.732955892596578, 40.522407941237958 ], [ -3.732920542285209, 40.522457353901643 ], [ -3.732853013846115, 40.522554897834759 ], [ -3.732794399387932, 40.522636168328958 ], [ -3.732780792967856, 40.522655083157019 ], [ -3.732764164414538, 40.522678341406362 ], [ -3.732746730123175, 40.522703496625539 ], [ -3.732718373048461, 40.522744666806325 ], [ -3.732700012004755, 40.522771449491586 ], [ -3.732691767024247, 40.522784024102563 ], [ -3.732685141346752, 40.522793525429215 ], [ -3.732663863234233, 40.522823569798668 ], [ -3.732564792891911, 40.522843115659867 ], [ -3.73244111224352, 40.52286858311534 ], [ -3.732388098942662, 40.522878828900673 ], [ -3.732234385945045, 40.522910791794423 ], [ -3.732094218627151, 40.522940056990549 ], [ -3.731946059251945, 40.522972615836061 ], [ -3.731898249857735, 40.522983638329919 ], [ -3.731787836017399, 40.522991543844519 ], [ -3.731574591883838, 40.523009829027508 ], [ -3.731402289293666, 40.523026053799143 ], [ -3.731223462878182, 40.523039345770535 ], [ -3.730651402118295, 40.52308593231075 ], [ -3.730380950266683, 40.523108810287944 ], [ -3.730109544076816, 40.52313079367633 ], [ -3.730035694404642, 40.52313558363781 ], [ -3.72996737613955, 40.523138897188865 ], [ -3.72967203702203, 40.523534359226794 ], [ -3.729643124590552, 40.523578955529764 ], [ -3.729444130809937, 40.523943089196877 ], [ -3.729023155422915, 40.524696724419577 ], [ -3.728927849193441, 40.524868133836399 ], [ -3.728729550262014, 40.525220820565245 ], [ -3.728634220325556, 40.525390067749328 ], [ -3.728534038829492, 40.525569345283124 ], [ -3.728432928968036, 40.525750160085799 ], [ -3.728287317196, 40.526008009940647 ], [ -3.728099313635772, 40.526341712024198 ], [ -3.728075324071071, 40.526383213883534 ], [ -3.727970721831317, 40.526568824967136 ], [ -3.727887794547301, 40.526717272974082 ], [ -3.727831142075471, 40.526817087719479 ], [ -3.727733837553088, 40.526989859119652 ], [ -3.72714000391749, 40.527242869369317 ], [ -3.726409155248935, 40.527556194732 ], [ -3.725561535514364, 40.527913401245151 ], [ -3.725034473376163, 40.528141206987684 ], [ -3.724563515958762, 40.528338568911174 ], [ -3.723918296056494, 40.528613144838594 ], [ -3.723312375930717, 40.528864858904662 ], [ -3.72259813200797, 40.529166525763642 ], [ -3.722168627939594, 40.529344340607359 ], [ -3.720988398078553, 40.529836559152542 ], [ -3.720563547479324, 40.529931547540791 ], [ -3.719513857140629, 40.530156545702567 ], [ -3.718719718626702, 40.530431477510142 ], [ -3.717386049368531, 40.53088821779864 ], [ -3.716158601889825, 40.531309510160064 ], [ -3.715308842580296, 40.531597105404622 ], [ -3.715160268484823, 40.531648744094156 ], [ -3.714997228898246, 40.531705786435268 ], [ -3.714814782567498, 40.531769796244376 ], [ -3.714650203739186, 40.531826487264013 ], [ -3.714452932210179, 40.531895543070412 ], [ -3.714387279606135, 40.531917299109921 ], [ -3.714230214035019, 40.531969980079701 ], [ -3.714058004305294, 40.532030772314712 ], [ -3.713888958801516, 40.532089471803829 ], [ -3.713710642363058, 40.532153544441755 ], [ -3.713524405004345, 40.532216583755194 ], [ -3.713299376940831, 40.532296079098515 ], [ -3.713203856587265, 40.532329460102602 ], [ -3.713072939200142, 40.532376302511487 ], [ -3.712898736491961, 40.532438635924244 ], [ -3.712741230619089, 40.532494560777238 ], [ -3.712581963057158, 40.532551397166493 ], [ -3.712414107036792, 40.532611169126739 ], [ -3.712245073873859, 40.532671307553031 ], [ -3.712125687572902, 40.532714384173801 ], [ -3.712068757813231, 40.53273491488347 ], [ -3.712039816846412, 40.532744822807246 ], [ -3.711964870767933, 40.532769968020432 ], [ -3.711872042633635, 40.532801259296434 ], [ -3.711760399310863, 40.532839783403759 ], [ -3.711740784439411, 40.532849543713731 ], [ -3.711718884513407, 40.532866525184772 ], [ -3.711620127812371, 40.532962447212299 ], [ -3.711541917822664, 40.533036260102939 ], [ -3.711363005705628, 40.533200871673891 ], [ -3.711269439995669, 40.533285320185826 ], [ -3.710849338990042, 40.533676905414232 ], [ -3.710349000803511, 40.53414123437809 ], [ -3.710131431612549, 40.534346621547336 ], [ -3.709967762525435, 40.534501768037053 ], [ -3.709758652201857, 40.534692147813708 ], [ -3.709435214233733, 40.534991875180005 ], [ -3.709133309155715, 40.535273541848547 ], [ -3.708746271591621, 40.535634016940691 ], [ -3.707789499808444, 40.536521844584151 ], [ -3.707611666989561, 40.536689776954994 ], [ -3.70751142304751, 40.53680255110379 ], [ -3.707377572370834, 40.536975979445153 ], [ -3.707158468820023, 40.537250649354476 ], [ -3.707085626028958, 40.537341723350075 ], [ -3.706990867250683, 40.537459868783877 ], [ -3.706883661030563, 40.537595746749105 ], [ -3.706491078218834, 40.538094174596104 ], [ -3.706274524403649, 40.538364952493787 ], [ -3.706026118386427, 40.538683761635092 ], [ -3.705869218627222, 40.53887823047544 ], [ -3.705749230124137, 40.539034365287847 ], [ -3.705580827275255, 40.539246831610399 ], [ -3.705468424790234, 40.539394451475502 ], [ -3.705669972916954, 40.539538896525315 ], [ -3.706089978742101, 40.539841014416098 ], [ -3.706280360221556, 40.539978860075422 ], [ -3.706421733098693, 40.540082500269669 ], [ -3.706531821878975, 40.540164439187848 ], [ -3.706674656037281, 40.540283565355963 ], [ -3.706785025446198, 40.540380908348574 ], [ -3.706845071954489, 40.540431441018711 ], [ -3.706884166995476, 40.540466066989666 ], [ -3.707002073519249, 40.54057264277322 ], [ -3.707047367535763, 40.540612815341383 ], [ -3.707087214118313, 40.540651400537214 ], [ -3.707146190916126, 40.540712570938524 ], [ -3.707191815293668, 40.540761570100194 ], [ -3.707306173228188, 40.5408787076408 ], [ -3.707343086842946, 40.540919201658696 ], [ -3.707679256537822, 40.541366329738409 ], [ -3.707808832934773, 40.541537967175302 ], [ -3.707897435797985, 40.541665080632164 ], [ -3.707907511049309, 40.541679883501438 ], [ -3.707934613150026, 40.541730438161359 ], [ -3.707977656923236, 40.541803507340092 ], [ -3.708028598958384, 40.541897698894338 ], [ -3.708133751346665, 40.542093629330715 ], [ -3.708240094660048, 40.54229045324788 ], [ -3.70830834013929, 40.542412916468258 ], [ -3.7083535098323, 40.54249714343424 ], [ -3.708459784764215, 40.542698562063919 ], [ -3.708525469698371, 40.542813293238275 ], [ -3.708554697835536, 40.5428750047721 ], [ -3.708610322689137, 40.542976374407708 ], [ -3.708939465037897, 40.543595340407592 ], [ -3.709066734775553, 40.543838791901926 ], [ -3.709113335763441, 40.54392418091166 ], [ -3.709186595848248, 40.54406282871453 ], [ -3.709305712385917, 40.544283266425495 ], [ -3.709319474402761, 40.544311649884314 ], [ -3.709381762654891, 40.544428744587009 ], [ -3.70949676956823, 40.544640108384762 ], [ -3.709539315859957, 40.544721647404295 ], [ -3.709662730367715, 40.544957464344641 ], [ -3.709798718887565, 40.545209689174683 ], [ -3.709868127905444, 40.545341244082891 ], [ -3.709983984400763, 40.545565664956811 ], [ -3.710144793184333, 40.545864403521115 ], [ -3.710254350333716, 40.546073547788623 ], [ -3.710282038599889, 40.546123466728524 ], [ -3.710453109428116, 40.546443132338759 ], [ -3.710583411558434, 40.546737913761234 ], [ -3.710668893607799, 40.546926034893339 ], [ -3.710703708858469, 40.547013296569169 ], [ -3.710763099129283, 40.54716869585652 ], [ -3.710803693479301, 40.547288715021047 ], [ -3.711063883506031, 40.548084041223774 ], [ -3.711196079474925, 40.548456916823852 ], [ -3.711267385041336, 40.548700168709317 ], [ -3.711362482548438, 40.548981921958671 ], [ -3.711647816053698, 40.549853127238194 ], [ -3.711979771731572, 40.550865844301903 ], [ -3.712574638137746, 40.552681252774185 ], [ -3.712910692769135, 40.553721508343358 ], [ -3.713104822234055, 40.554319220755353 ], [ -3.713315638614943, 40.554953226303965 ], [ -3.713537128465295, 40.555635542862092 ], [ -3.71360372617951, 40.555834317549341 ], [ -3.713622638709608, 40.555891407669158 ], [ -3.713918339676482, 40.556765694323808 ], [ -3.714096561275105, 40.556920268022729 ], [ -3.714600614077533, 40.557348318972473 ], [ -3.714989789747053, 40.557669242198003 ], [ -3.715220458620178, 40.557857092429565 ], [ -3.715183618017231, 40.557924796574355 ], [ -3.715031317270073, 40.558175824188041 ], [ -3.714842576874909, 40.558476894952896 ], [ -3.714653774857946, 40.558794542909382 ], [ -3.71498623830343, 40.559835623317554 ], [ -3.715096042669389, 40.560153407225123 ], [ -3.715152520112818, 40.560332695254338 ], [ -3.715239169212712, 40.560583416555545 ], [ -3.715291479117943, 40.560759396140526 ], [ -3.715349480308807, 40.560893089103544 ], [ -3.715414629592492, 40.561132321099201 ], [ -3.715436714170515, 40.561187499368337 ], [ -3.715454760217236, 40.561229368694384 ], [ -3.715532345678671, 40.561471767664379 ], [ -3.71565169261791, 40.561831023378346 ], [ -3.715726495759917, 40.562056051511703 ], [ -3.715741360856458, 40.562087580355865 ], [ -3.715807311118508, 40.562279782001319 ], [ -3.715834454965978, 40.562377360350482 ], [ -3.715912063610747, 40.56261047888858 ], [ -3.715937620513458, 40.562681040599706 ], [ -3.715973811669226, 40.562796220114755 ], [ -3.71600869025539, 40.562899064775493 ], [ -3.716066507360956, 40.563081677220616 ], [ -3.716075231447531, 40.563113424255974 ], [ -3.716178931957534, 40.563788806336937 ], [ -3.716257537646028, 40.56432605678031 ], [ -3.716271605261679, 40.564437949984146 ], [ -3.716293032689087, 40.564586553499318 ], [ -3.716307402923248, 40.564704659995755 ], [ -3.716322283125347, 40.564781954314483 ], [ -3.716354847876405, 40.56498904601689 ], [ -3.71636183920922, 40.565046478873356 ], [ -3.716370904737013, 40.56514344844382 ], [ -3.716369587184512, 40.565163906612987 ], [ -3.716296127482938, 40.565487148677462 ], [ -3.716212653526342, 40.565824055166225 ], [ -3.716099119201339, 40.566288983812548 ], [ -3.716037423767517, 40.566552333345292 ], [ -3.716057223448858, 40.566570139048729 ], [ -3.716022524590928, 40.566606389354106 ], [ -3.715921607112764, 40.56675863214587 ], [ -3.715114646022905, 40.567958195396251 ], [ -3.714870470878656, 40.568292401865222 ], [ -3.714480077795475, 40.568818857452996 ], [ -3.71403485190755, 40.569411054542734 ], [ -3.713690263300016, 40.56988001925999 ], [ -3.713279930769757, 40.570388396094408 ], [ -3.71312144969105, 40.570594684246188 ], [ -3.712720484191177, 40.571084804346881 ], [ -3.712549492394773, 40.571325852770585 ], [ -3.71251597674831, 40.571385067148988 ], [ -3.712303802837342, 40.571708979909523 ], [ -3.712216415206016, 40.571913117623097 ], [ -3.712169890476278, 40.572071509810975 ], [ -3.712060364443472, 40.572371817688072 ], [ -3.711728714280579, 40.572838084076224 ], [ -3.711589243693907, 40.573457308173822 ], [ -3.711441662973047, 40.574091987035963 ], [ -3.711309744258806, 40.574621436547041 ], [ -3.711249706431186, 40.574909998532178 ], [ -3.711129888933587, 40.575511533715954 ], [ -3.71107450150084, 40.575748355555213 ], [ -3.710989245501979, 40.576154907621309 ], [ -3.710952637176013, 40.576301797013443 ], [ -3.710922900045169, 40.576484047764154 ], [ -3.710866058334623, 40.5767398878737 ], [ -3.71074455271474, 40.577338820323185 ], [ -3.710700690137374, 40.577581968148614 ], [ -3.710631072715524, 40.577858966372567 ], [ -3.710592043642676, 40.578011725317459 ], [ -3.710569986979783, 40.578104741642107 ], [ -3.710536608542021, 40.578244403956418 ], [ -3.710491479433598, 40.578434857127831 ], [ -3.710479078908562, 40.578502499333609 ], [ -3.710251182513451, 40.578504349431668 ], [ -3.703665339053603, 40.578558924180811 ], [ -3.701593608234261, 40.578532958998956 ], [ -3.701589375152869, 40.578532991916006 ] ] ] } },
{ "type": "Feature", "properties": { "barrio": "Casa de Campo", "distrito": "Moncloa - Aravaca", "area_km2": 17.476, "n_poi": 35, "diversidad_poi": 6, "n_restaurantes": 631, "pct_terrazas": 7.0, "accesibilidad_media": 7.0, "densidad_oferta": 38.1 }, "geometry": { "type": "Polygon", "coordinates": [ [ [ -3.774600529205479, 40.400313948631521 ], [ -3.77437332059513, 40.402082148410287 ], [ -3.776408413398236, 40.404027090398998 ], [ -3.776908622421258, 40.405202119681832 ], [ -3.77779604651066, 40.406535810356992 ], [ -3.778575707548206, 40.408026073981674 ], [ -3.779029508346253, 40.4097698780405 ], [ -3.779457110847789, 40.412101246606809 ], [ -3.780622165047868, 40.41429521039661 ], [ -3.780935885514412, 40.415536343743597 ], [ -3.781239385580444, 40.416809978371063 ], [ -3.781399319449745, 40.417593585565434 ], [ -3.780376574469353, 40.421910413212828 ], [ -3.779130729108319, 40.424271066116411 ], [ -3.770942550008596, 40.429319599699667 ], [ -3.770883204538546, 40.433931717593062 ], [ -3.770838523494073, 40.437659949663072 ], [ -3.770846651585116, 40.444050892737252 ], [ -3.770846946200698, 40.444050877259201 ], [ -3.770846059004216, 40.444056307481389 ], [ -3.770795018947927, 40.444521980472011 ], [ -3.766920287650576, 40.447822037491882 ], [ -3.766296910160175, 40.448166894625842 ], [ -3.765286421767638, 40.448589102570608 ], [ -3.762747844840216, 40.449550570200515 ], [ -3.762623683426433, 40.449439154722889 ], [ -3.762382244356616, 40.449253713846552 ], [ -3.762061142811079, 40.449075768804718 ], [ -3.761397597956597, 40.448756028165477 ], [ -3.759189114576934, 40.4477677403817 ], [ -3.757691427155122, 40.447107177353907 ], [ -3.756157110711576, 40.446410821883724 ], [ -3.754786936713449, 40.445799251452669 ], [ -3.753453258999447, 40.445206816812828 ], [ -3.750658281430871, 40.443950706584225 ], [ -3.749682660147584, 40.443516033551418 ], [ -3.749098361080501, 40.44322118157578 ], [ -3.748682140342454, 40.442960709261044 ], [ -3.745801955477571, 40.440837494545733 ], [ -3.74356317389382, 40.439155407609803 ], [ -3.742867307386529, 40.438632577680217 ], [ -3.742338846517612, 40.438235516195576 ], [ -3.741772334431081, 40.437752982108549 ], [ -3.741299001199901, 40.437237995499089 ], [ -3.740425248035672, 40.436129569188367 ], [ -3.740141803746714, 40.435806245805253 ], [ -3.739845467712198, 40.435468229444815 ], [ -3.739483508868178, 40.435155767203355 ], [ -3.738918787065653, 40.434802255883113 ], [ -3.738308963801715, 40.434550290123745 ], [ -3.737675432156837, 40.434418964244102 ], [ -3.737160016847761, 40.434361305156031 ], [ -3.735976596205646, 40.434283778627012 ], [ -3.735353411565304, 40.434248139854105 ], [ -3.734552154139396, 40.434209491494705 ], [ -3.734232777082622, 40.4342081618177 ], [ -3.733954014368996, 40.434243171598006 ], [ -3.733365474333095, 40.434369826417772 ], [ -3.730971083216505, 40.4349931728079 ], [ -3.72799711627576, 40.435699936164454 ], [ -3.726409454380104, 40.436083785344145 ], [ -3.725058247818377, 40.436650546982762 ], [ -3.723154913795284, 40.437430293825813 ], [ -3.721699634270436, 40.436670996582109 ], [ -3.719839689201021, 40.43574023466202 ], [ -3.719527734329901, 40.435066586636943 ], [ -3.719479101852817, 40.434961573997363 ], [ -3.721665072504063, 40.434043908069 ], [ -3.723982814588318, 40.433040242300038 ], [ -3.724110611206601, 40.432984848194131 ], [ -3.725193177757876, 40.432516177540414 ], [ -3.723179249697364, 40.430410933653576 ], [ -3.722921813459994, 40.430139477787741 ], [ -3.722868396402404, 40.430083234284538 ], [ -3.722591613491315, 40.429799376097947 ], [ -3.722305655824433, 40.429506114183781 ], [ -3.721704820691711, 40.428882383088364 ], [ -3.720504972020904, 40.427636880980394 ], [ -3.719742883601011, 40.426845582763029 ], [ -3.718896659209258, 40.425967144785325 ], [ -3.718419735454572, 40.425471905911181 ], [ -3.718367031995465, 40.425459981132413 ], [ -3.717225640143678, 40.425200932133855 ], [ -3.716828242798524, 40.425110871429858 ], [ -3.71625217640038, 40.424980202823434 ], [ -3.714856599321604, 40.423547202431209 ], [ -3.714768410883034, 40.423456755598366 ], [ -3.715340623522066, 40.422801956480534 ], [ -3.715452706763117, 40.422710993345703 ], [ -3.715706207794418, 40.422505370685379 ], [ -3.716419369436569, 40.421926901818829 ], [ -3.716432460102107, 40.421916370223556 ], [ -3.716475231266135, 40.421903493428339 ], [ -3.716522585025026, 40.421889235960784 ], [ -3.716648058820708, 40.421883053738405 ], [ -3.716766576268073, 40.421887725344071 ], [ -3.716847770563253, 40.421896682317005 ], [ -3.716947966926705, 40.421907862844193 ], [ -3.717087799081372, 40.421954925463872 ], [ -3.717495874818692, 40.422241947481815 ], [ -3.717846113981905, 40.422488154998611 ], [ -3.718511481588785, 40.422792946770109 ], [ -3.719465332928682, 40.42270179570022 ], [ -3.719035183164606, 40.422235818473602 ], [ -3.718661578909529, 40.421832461236136 ], [ -3.7180833576376, 40.421208388602999 ], [ -3.718060480160915, 40.42028704097163 ], [ -3.720189312186263, 40.420254849010398 ], [ -3.720195215846377, 40.420244722118994 ], [ -3.720298480289168, 40.42006840268111 ], [ -3.720400005989958, 40.419894887682148 ], [ -3.720699465132987, 40.419469417527381 ], [ -3.721066669197463, 40.419118660322198 ], [ -3.721509930014997, 40.418770940844141 ], [ -3.721842769512381, 40.418580396047851 ], [ -3.722053178397043, 40.418459803456734 ], [ -3.722160745423841, 40.418036067360767 ], [ -3.722379148053272, 40.417174969818689 ], [ -3.724860541879778, 40.416164584855807 ], [ -3.726217733216529, 40.415665984446157 ], [ -3.729575053991644, 40.414432429333075 ], [ -3.732799787720237, 40.413287185937293 ], [ -3.734184283259279, 40.412795524405503 ], [ -3.73791942177751, 40.411465996335082 ], [ -3.738527954715772, 40.411058327512102 ], [ -3.741853510909674, 40.409205968866708 ], [ -3.741986174098305, 40.409255929483102 ], [ -3.742072804965988, 40.40928870785843 ], [ -3.742233291464239, 40.409350202266246 ], [ -3.742363893577449, 40.409394770252931 ], [ -3.742450798960141, 40.409420429438057 ], [ -3.742543025405234, 40.409447676011929 ], [ -3.742878593786218, 40.409536514437846 ], [ -3.743046131722194, 40.409563818139461 ], [ -3.743135435033648, 40.40957171358685 ], [ -3.743183916367841, 40.409575546127435 ], [ -3.743202435446225, 40.409576959526859 ], [ -3.743255663346041, 40.40957301375137 ], [ -3.743328791604688, 40.409567589557376 ], [ -3.743558683426059, 40.409520707577954 ], [ -3.743859063736152, 40.409453371595198 ], [ -3.743937113654279, 40.409434581972015 ], [ -3.744404231192646, 40.409321939025823 ], [ -3.744468433818335, 40.409298012052496 ], [ -3.744496718052012, 40.409287199261364 ], [ -3.744574507773838, 40.409255527955153 ], [ -3.744607601289253, 40.409221260659464 ], [ -3.744667208291596, 40.409143849468279 ], [ -3.747475141023849, 40.408774130225986 ], [ -3.747888678568823, 40.408719657631046 ], [ -3.749866301454469, 40.408445961138497 ], [ -3.750542037863579, 40.408357708773913 ], [ -3.750641950015689, 40.408344628585766 ], [ -3.75075053186992, 40.40832680731652 ], [ -3.750879463824298, 40.408305610532558 ], [ -3.752063934449274, 40.40773746693921 ], [ -3.752654520365176, 40.407454167095096 ], [ -3.754911893678137, 40.406307118390288 ], [ -3.755689041812477, 40.405899973534922 ], [ -3.755950952782434, 40.405809615156549 ], [ -3.756115261743741, 40.405769892880343 ], [ -3.7562799031181, 40.405749357456905 ], [ -3.756501569582133, 40.405738179372705 ], [ -3.756723190367382, 40.40571240651407 ], [ -3.756881189689757, 40.405677590229089 ], [ -3.75705800660829, 40.405618325203335 ], [ -3.757354059184087, 40.40545152269636 ], [ -3.757658894974784, 40.405279796992311 ], [ -3.759755257385408, 40.404060103859003 ], [ -3.759860014699306, 40.403965000677452 ], [ -3.760226634020113, 40.403640248935602 ], [ -3.760444468331646, 40.403362419885667 ], [ -3.760805306481293, 40.402880496474495 ], [ -3.762274968985739, 40.400991534236987 ], [ -3.762392132162167, 40.400931483131657 ], [ -3.762736795814654, 40.400689481070309 ], [ -3.764358797267938, 40.399401476102788 ], [ -3.764745460901935, 40.399300633354628 ], [ -3.765503396061972, 40.399103099958687 ], [ -3.765625293531884, 40.39927436751821 ], [ -3.767010634719774, 40.399236458969213 ], [ -3.769280807437307, 40.399622299879802 ], [ -3.770646965690225, 40.399534474259738 ], [ -3.773692923241613, 40.400282543183806 ], [ -3.773844923204785, 40.400301977429798 ], [ -3.774554343403906, 40.400314621095319 ], [ -3.774600529205479, 40.400313948631521 ] ] ] } },
{ "type": "Feature", "properties": { "barrio": "Argüelles", "distrito": "Moncloa - Aravaca", "area_km2": 0.758, "n_poi": 5, "diversidad_poi": 4, "n_restaurantes": 1849, "pct_terrazas": 6.7, "accesibilidad_media": 9.3, "densidad_oferta": 2445.9 }, "geometry": { "type": "Polygon", "coordinates": [ [ [ -3.713331795947794, 40.421904530224559 ], [ -3.713381727517191, 40.421821789496626 ], [ -3.713896283217111, 40.421477804351277 ], [ -3.715504057769815, 40.420402916663612 ], [ -3.715504763069916, 40.420402732118028 ], [ -3.715979394239273, 40.42035340085404 ], [ -3.716802279279563, 40.420342181182733 ], [ -3.718060480160915, 40.42028704097163 ], [ -3.7180833576376, 40.421208388602999 ], [ -3.718661578909529, 40.421832461236136 ], [ -3.719035183164606, 40.422235818473602 ], [ -3.719465332928682, 40.42270179570022 ], [ -3.718511481588785, 40.422792946770109 ], [ -3.717846113981905, 40.422488154998611 ], [ -3.717495874818692, 40.422241947481815 ], [ -3.717087799081372, 40.421954925463872 ], [ -3.716947966926705, 40.421907862844193 ], [ -3.716847770563253, 40.421896682317005 ], [ -3.716766576268073, 40.421887725344071 ], [ -3.716648058820708, 40.421883053738405 ], [ -3.716522585025026, 40.421889235960784 ], [ -3.716475231266135, 40.421903493428339 ], [ -3.716432460102107, 40.421916370223556 ], [ -3.716419369436569, 40.421926901818829 ], [ -3.715706207794418, 40.422505370685379 ], [ -3.715452706763117, 40.422710993345703 ], [ -3.715340623522066, 40.422801956480534 ], [ -3.714768410883034, 40.423456755598366 ], [ -3.714856599321604, 40.423547202431209 ], [ -3.71625217640038, 40.424980202823434 ], [ -3.716828242798524, 40.425110871429858 ], [ -3.717225640143678, 40.425200932133855 ], [ -3.718367031995465, 40.425459981132413 ], [ -3.718419735454572, 40.425471905911181 ], [ -3.718896659209258, 40.425967144785325 ], [ -3.719742883601011, 40.426845582763029 ], [ -3.720504972020904, 40.427636880980394 ], [ -3.721704820691711, 40.428882383088364 ], [ -3.722305655824433, 40.429506114183781 ], [ -3.722591613491315, 40.429799376097947 ], [ -3.722868396402404, 40.430083234284538 ], [ -3.722921813459994, 40.430139477787741 ], [ -3.723179249697364, 40.430410933653576 ], [ -3.725193177757876, 40.432516177540414 ], [ -3.724110611206601, 40.432984848194131 ], [ -3.723982814588318, 40.433040242300038 ], [ -3.721665072504063, 40.434043908069 ], [ -3.719479101852817, 40.434961573997363 ], [ -3.719527734329901, 40.435066586636943 ], [ -3.719839689201021, 40.43574023466202 ], [ -3.718270897616302, 40.435541691628117 ], [ -3.718406256478945, 40.434777786527562 ], [ -3.717233377628084, 40.433101001154768 ], [ -3.7172699169257, 40.433100144724243 ], [ -3.717613032861223, 40.433092342393387 ], [ -3.71795876581045, 40.432997945276114 ], [ -3.717608727174519, 40.432520745416532 ], [ -3.717480363420107, 40.43234550420938 ], [ -3.717169691985083, 40.431922203703309 ], [ -3.716992875966616, 40.431680415603232 ], [ -3.716228339682088, 40.430647668298015 ], [ -3.716195794920183, 40.430602644653334 ], [ -3.715595782756464, 40.429774009826964 ], [ -3.714527522241789, 40.428321055097847 ], [ -3.714132453993201, 40.427783761164306 ], [ -3.713896944113725, 40.427463231430394 ], [ -3.713173871196542, 40.426407143804781 ], [ -3.712457284112837, 40.425360381731572 ], [ -3.711707728055124, 40.424303817917853 ], [ -3.710894267631762, 40.423434128884416 ], [ -3.710917008734835, 40.423422097128281 ], [ -3.711162838568748, 40.423292298433175 ], [ -3.711722018851081, 40.422963724205509 ], [ -3.713042917613715, 40.422187483213811 ], [ -3.713174757453032, 40.422058381409315 ], [ -3.713331795947794, 40.421904530224559 ] ] ] } },
{ "type": "Feature", "properties": { "barrio": "Ciudad Universitaria", "distrito": "Moncloa - Aravaca", "area_km2": 14.251, "n_poi": 18, "diversidad_poi": 5, "n_restaurantes": 875, "pct_terrazas": 2.6, "accesibilidad_media": 4.1, "densidad_oferta": 62.7 }, "geometry": { "type": "Polygon", "coordinates": [ [ [ -3.756839179952731, 40.479715433876336 ], [ -3.756768711126892, 40.47971220165477 ], [ -3.756750332981696, 40.479714574222392 ], [ -3.756658681201421, 40.47972670481925 ], [ -3.756563715907014, 40.479727325605296 ], [ -3.756511897059496, 40.47971451086584 ], [ -3.756373609703088, 40.479597398088842 ], [ -3.756240564056614, 40.479484754408816 ], [ -3.756227646658772, 40.479479613750939 ], [ -3.756195653311361, 40.479467119592336 ], [ -3.756133628652682, 40.47944896700011 ], [ -3.756104119899097, 40.47944771772255 ], [ -3.756054548122853, 40.479445879870759 ], [ -3.756043021395578, 40.479449018309793 ], [ -3.755966216338654, 40.479469879986745 ], [ -3.755910275153159, 40.479510245523301 ], [ -3.755910544688944, 40.47952375715424 ], [ -3.75591211929903, 40.479601133556905 ], [ -3.755908429618727, 40.479629806083274 ], [ -3.755878230889943, 40.479661715020619 ], [ -3.755853707378007, 40.47967367710168 ], [ -3.755833172634059, 40.479683631127791 ], [ -3.755776793127188, 40.479695350170445 ], [ -3.755763600610313, 40.479697238224553 ], [ -3.755668073821092, 40.47971101588341 ], [ -3.755613635962145, 40.479717136615456 ], [ -3.755600086493739, 40.479718756716721 ], [ -3.755590291889285, 40.479718550482779 ], [ -3.755548642305069, 40.479718191238923 ], [ -3.755529410038684, 40.479718046695972 ], [ -3.755518555717309, 40.479718027561958 ], [ -3.755490431207878, 40.479713977212086 ], [ -3.75547069575407, 40.479711043180572 ], [ -3.755411136317197, 40.479691792114814 ], [ -3.755353615905893, 40.479675410549362 ], [ -3.755314318534944, 40.479674496213015 ], [ -3.755168871040493, 40.479686797005719 ], [ -3.755117014250241, 40.47968109894196 ], [ -3.755081273037016, 40.479671152362812 ], [ -3.755047898313005, 40.479661820937501 ], [ -3.754948200716356, 40.479619137460496 ], [ -3.754889637661766, 40.479594024713428 ], [ -3.754800658438012, 40.47954974048281 ], [ -3.754632757104084, 40.479505970618135 ], [ -3.754590846288326, 40.47949291104446 ], [ -3.754531179576193, 40.479474471027437 ], [ -3.754506523736366, 40.479464091541587 ], [ -3.754485661098474, 40.479455307994705 ], [ -3.754470624379924, 40.479440000884438 ], [ -3.754465731120754, 40.479434987826494 ], [ -3.754447260184373, 40.479429072418256 ], [ -3.754416594948549, 40.479419362765711 ], [ -3.754391062936953, 40.479415024056323 ], [ -3.754365415156447, 40.479410777087111 ], [ -3.754347572403635, 40.479408280956072 ], [ -3.754311885893546, 40.479403198602952 ], [ -3.75425879726636, 40.479382283101124 ], [ -3.754245288158477, 40.479376965003212 ], [ -3.754248558333342, 40.479257935695969 ], [ -3.754286219064837, 40.479091565241696 ], [ -3.754328048038089, 40.478907510062086 ], [ -3.75433951423339, 40.47885680413394 ], [ -3.754413969896982, 40.478657491050306 ], [ -3.754484518025017, 40.478520274957887 ], [ -3.754487031354197, 40.478323142231822 ], [ -3.754488186808796, 40.478310432095519 ], [ -3.754499440879058, 40.478188107425879 ], [ -3.754449171267497, 40.47806050784898 ], [ -3.754368569942079, 40.478068960921085 ], [ -3.754084582039853, 40.478098740048466 ], [ -3.753541126468508, 40.47814633374356 ], [ -3.753553637407891, 40.478210125501704 ], [ -3.753559396336243, 40.478239817429092 ], [ -3.751510353634223, 40.478459177098202 ], [ -3.751511795126897, 40.478419168065749 ], [ -3.751723936045636, 40.4768547340068 ], [ -3.751758832515382, 40.476598742470799 ], [ -3.751787115413707, 40.47617270522899 ], [ -3.751747811151116, 40.475610079847414 ], [ -3.751627143383718, 40.474542669518335 ], [ -3.751557513831456, 40.474137987637711 ], [ -3.7515209329365, 40.473925343369125 ], [ -3.751498975289977, 40.473807468134041 ], [ -3.751470745104647, 40.473656030330098 ], [ -3.751346720458371, 40.473133593797478 ], [ -3.750717129130934, 40.471077686591684 ], [ -3.750586642484891, 40.470651957835955 ], [ -3.750315874194257, 40.470117949422708 ], [ -3.750362276640873, 40.470312692752174 ], [ -3.750426372203968, 40.470581465699198 ], [ -3.750658257332599, 40.471553923157593 ], [ -3.750689661979471, 40.471842366623441 ], [ -3.750687672787401, 40.472076974208598 ], [ -3.75066177723434, 40.472315248737573 ], [ -3.750566067617446, 40.472619112186933 ], [ -3.750469353602184, 40.472843432213438 ], [ -3.750374885143765, 40.473004494807512 ], [ -3.750269681572787, 40.473154996456856 ], [ -3.750184893208343, 40.473263743295206 ], [ -3.750053932460197, 40.473410718255394 ], [ -3.749960953762964, 40.473504383057374 ], [ -3.749846374358433, 40.473607558123639 ], [ -3.749717889291571, 40.473712083627383 ], [ -3.749571030198617, 40.473819160564396 ], [ -3.749439239944502, 40.473902356004139 ], [ -3.749318185612482, 40.473975032221723 ], [ -3.749190815172043, 40.474041892541969 ], [ -3.749002115826189, 40.474131491444929 ], [ -3.748851570315553, 40.474193636745532 ], [ -3.748605178934816, 40.47428288806455 ], [ -3.74835293883259, 40.474344699462172 ], [ -3.748137218342765, 40.474380688537344 ], [ -3.747888142441246, 40.474419415554074 ], [ -3.747468089671841, 40.474475913533396 ], [ -3.747294035110051, 40.47448208224575 ], [ -3.746617219621558, 40.474479964477467 ], [ -3.746260510546725, 40.474472084489918 ], [ -3.745702455790964, 40.474466762985948 ], [ -3.744686578993905, 40.474452403988749 ], [ -3.743646013670774, 40.474435040880714 ], [ -3.74322665736742, 40.474426653693662 ], [ -3.742258380422205, 40.474406742063337 ], [ -3.741471205153786, 40.47436692384769 ], [ -3.741416908039159, 40.474364118134808 ], [ -3.741304184179196, 40.474358443930782 ], [ -3.740833223520944, 40.474302270374153 ], [ -3.740286067490459, 40.474193520281673 ], [ -3.739373481084522, 40.473980345386877 ], [ -3.737561454402022, 40.473557134143235 ], [ -3.735953417187467, 40.473177371944267 ], [ -3.735667080680941, 40.47310973315799 ], [ -3.734895879939542, 40.472953642204367 ], [ -3.734631641963706, 40.472900185459068 ], [ -3.73436564462259, 40.472858450016169 ], [ -3.733944018628288, 40.472792296188501 ], [ -3.733563412386599, 40.472744619093206 ], [ -3.733416370902982, 40.472728793797032 ], [ -3.73320744484014, 40.472706333928734 ], [ -3.732418198312642, 40.472658268972445 ], [ -3.732232818295135, 40.472653225577524 ], [ -3.731931916493786, 40.472645128844526 ], [ -3.731388286223966, 40.47263045770373 ], [ -3.730387410872395, 40.472658670503144 ], [ -3.729587216122738, 40.472732365381162 ], [ -3.729249038879776, 40.47277900109048 ], [ -3.72853086455588, 40.472877938519645 ], [ -3.728472793864085, 40.472361728716486 ], [ -3.72748359098349, 40.471251647511778 ], [ -3.727427464602161, 40.471177315658103 ], [ -3.727182265108715, 40.47085345165906 ], [ -3.727132339385727, 40.470829081227969 ], [ -3.727055990040551, 40.470771813238841 ], [ -3.726711278821337, 40.470375509727702 ], [ -3.726110137556685, 40.469684690268409 ], [ -3.725937021966605, 40.469437398112269 ], [ -3.725897606086984, 40.469381068529039 ], [ -3.725716722165108, 40.469179050668437 ], [ -3.725092171801914, 40.46848134481381 ], [ -3.724858992500869, 40.468253166389282 ], [ -3.724825851377474, 40.46822076179987 ], [ -3.724701653404193, 40.468101179117191 ], [ -3.724422515025499, 40.467833017002093 ], [ -3.724390027899558, 40.4677844821516 ], [ -3.72436524391135, 40.467717429752128 ], [ -3.724335470801617, 40.467592120655702 ], [ -3.724331892485829, 40.4675774584789 ], [ -3.724319715257914, 40.467530868388039 ], [ -3.724180077267496, 40.466994715752591 ], [ -3.723940533052618, 40.466073783572355 ], [ -3.723866152926136, 40.465836501144956 ], [ -3.723797841310823, 40.465428280664938 ], [ -3.723703595127365, 40.464471482998277 ], [ -3.722481948758691, 40.464095422030908 ], [ -3.722182281525856, 40.464011706883255 ], [ -3.721833164063955, 40.463947308696447 ], [ -3.721558995612383, 40.463920549518797 ], [ -3.721371680344191, 40.463864600067076 ], [ -3.721246539534981, 40.463798893942368 ], [ -3.721158871508766, 40.463751872714788 ], [ -3.721083622237864, 40.463685945210003 ], [ -3.721032393868602, 40.463572030210244 ], [ -3.720981301388426, 40.463448745013693 ], [ -3.720955907768366, 40.463401425258262 ], [ -3.72089314326886, 40.4633447890753 ], [ -3.720717299453423, 40.463203181833094 ], [ -3.720516775740173, 40.463080827172263 ], [ -3.720329194531632, 40.462977489610431 ], [ -3.71988147451258, 40.462746942170511 ], [ -3.719822906752426, 40.462663432537873 ], [ -3.719676480185806, 40.462470559641787 ], [ -3.719630780694541, 40.462410213821052 ], [ -3.719504215037843, 40.462287936536754 ], [ -3.719467087083019, 40.462223933705523 ], [ -3.719314733192054, 40.46196172817276 ], [ -3.718955601723803, 40.461343689640536 ], [ -3.718961708273192, 40.461252570078571 ], [ -3.718963942778852, 40.461218772545116 ], [ -3.719058104800293, 40.461034493927045 ], [ -3.719277204019865, 40.460820069500109 ], [ -3.719515486281828, 40.460634985476823 ], [ -3.719628909968257, 40.460443289213046 ], [ -3.71964695839168, 40.460332907048929 ], [ -3.71964468702838, 40.460119948224651 ], [ -3.719638965817507, 40.460092235313397 ], [ -3.719614107770853, 40.459973201388621 ], [ -3.719558002631014, 40.459877153774364 ], [ -3.719545630424253, 40.459856059710404 ], [ -3.719540272309236, 40.459851317409196 ], [ -3.719438705493356, 40.459761228376564 ], [ -3.719243223631133, 40.459701362285948 ], [ -3.716770740092433, 40.458943637308721 ], [ -3.715888138575199, 40.458673153079566 ], [ -3.713106416603746, 40.457796810589372 ], [ -3.711502060746112, 40.457493621687519 ], [ -3.712196108199512, 40.456462776246227 ], [ -3.712866912648796, 40.455466394063976 ], [ -3.713126475416959, 40.454895784915017 ], [ -3.713021711754477, 40.454613097834176 ], [ -3.712899841358636, 40.454385650214782 ], [ -3.712788439708544, 40.454177957662715 ], [ -3.712677779378022, 40.453917467786589 ], [ -3.713271727659484, 40.453039032967808 ], [ -3.711941866850899, 40.452396228535598 ], [ -3.711729650119088, 40.452289966300562 ], [ -3.710989471315691, 40.451121270225045 ], [ -3.710338417835934, 40.450093284223051 ], [ -3.71029006098096, 40.450070157096022 ], [ -3.710187184011851, 40.450021058670799 ], [ -3.70987044412528, 40.449517595377387 ], [ -3.708969663482148, 40.448085546163782 ], [ -3.708889795628249, 40.447958827198285 ], [ -3.708307460111661, 40.447090499260433 ], [ -3.709208597806785, 40.447133539812874 ], [ -3.710446409270416, 40.446863335820517 ], [ -3.712288953763257, 40.446396154591632 ], [ -3.714751360727765, 40.445771695237113 ], [ -3.715519864370715, 40.446018659450814 ], [ -3.715710039731903, 40.446093700044315 ], [ -3.717122062207473, 40.44663126875956 ], [ -3.717270449904441, 40.446679718299819 ], [ -3.717437082986814, 40.446714001285891 ], [ -3.717668224726799, 40.446726712424919 ], [ -3.718000439064982, 40.446696363908913 ], [ -3.718190943727607, 40.44666896521727 ], [ -3.718987869277468, 40.445939691894367 ], [ -3.719583098031723, 40.445394730588937 ], [ -3.719781239332499, 40.445210345075495 ], [ -3.719855498633563, 40.445141235038392 ], [ -3.719886003745073, 40.445093657764794 ], [ -3.71991638312065, 40.445034189394001 ], [ -3.719920541441067, 40.444992902304797 ], [ -3.719925791400033, 40.444943410232092 ], [ -3.719789078280091, 40.443755608474106 ], [ -3.719589185130739, 40.44346549931867 ], [ -3.719165330966152, 40.442850474738293 ], [ -3.718158124998567, 40.44096780687719 ], [ -3.717882983389456, 40.440430413605249 ], [ -3.717651915395358, 40.439978872982842 ], [ -3.717640149415693, 40.43993687398406 ], [ -3.717617481122701, 40.439856473320653 ], [ -3.717596277869423, 40.439636515004594 ], [ -3.717599538174996, 40.439499466929234 ], [ -3.717608480016972, 40.439431123178082 ], [ -3.717634437907511, 40.439233214414863 ], [ -3.718074947298418, 40.436639486321894 ], [ -3.718122903677263, 40.436370539823223 ], [ -3.718270897616302, 40.435541691628117 ], [ -3.719839689201021, 40.43574023466202 ], [ -3.721699634270436, 40.436670996582109 ], [ -3.723154913795284, 40.437430293825813 ], [ -3.725058247818377, 40.436650546982762 ], [ -3.726409454380104, 40.436083785344145 ], [ -3.72799711627576, 40.435699936164454 ], [ -3.730971083216505, 40.4349931728079 ], [ -3.733365474333095, 40.434369826417772 ], [ -3.733954014368996, 40.434243171598006 ], [ -3.734232777082622, 40.4342081618177 ], [ -3.734552154139396, 40.434209491494705 ], [ -3.735353411565304, 40.434248139854105 ], [ -3.735976596205646, 40.434283778627012 ], [ -3.737160016847761, 40.434361305156031 ], [ -3.737675432156837, 40.434418964244102 ], [ -3.738308963801715, 40.434550290123745 ], [ -3.738918787065653, 40.434802255883113 ], [ -3.739483508868178, 40.435155767203355 ], [ -3.739845467712198, 40.435468229444815 ], [ -3.740141803746714, 40.435806245805253 ], [ -3.740425248035672, 40.436129569188367 ], [ -3.741299001199901, 40.437237995499089 ], [ -3.741772334431081, 40.437752982108549 ], [ -3.742338846517612, 40.438235516195576 ], [ -3.742867307386529, 40.438632577680217 ], [ -3.74356317389382, 40.439155407609803 ], [ -3.745801955477571, 40.440837494545733 ], [ -3.748682140342454, 40.442960709261044 ], [ -3.749098361080501, 40.44322118157578 ], [ -3.749682660147584, 40.443516033551418 ], [ -3.750658281430871, 40.443950706584225 ], [ -3.753453258999447, 40.445206816812828 ], [ -3.754786936713449, 40.445799251452669 ], [ -3.756157110711576, 40.446410821883724 ], [ -3.757691427155122, 40.447107177353907 ], [ -3.759189114576934, 40.4477677403817 ], [ -3.761397597956597, 40.448756028165477 ], [ -3.762061142811079, 40.449075768804718 ], [ -3.762382244356616, 40.449253713846552 ], [ -3.762623683426433, 40.449439154722889 ], [ -3.762747844840216, 40.449550570200515 ], [ -3.762562473309654, 40.449615954226921 ], [ -3.762295944121613, 40.449704607328059 ], [ -3.762097634724607, 40.449754609323811 ], [ -3.761863347563798, 40.449779524786919 ], [ -3.761674554677954, 40.449769080694189 ], [ -3.761488092569496, 40.449739142638023 ], [ -3.761426684987468, 40.449720067947858 ], [ -3.757351231374022, 40.451246927287485 ], [ -3.757300302670888, 40.452162666148418 ], [ -3.757214645168608, 40.452316740157251 ], [ -3.757400277040774, 40.453284354001255 ], [ -3.75775428228268, 40.453649424138376 ], [ -3.75793889700901, 40.453748395291385 ], [ -3.757967227946772, 40.453782264321511 ], [ -3.75821309386622, 40.45403191466486 ], [ -3.758416406592132, 40.454325356987916 ], [ -3.759407763278229, 40.456044081365945 ], [ -3.762484944084405, 40.460184113831424 ], [ -3.762202170329455, 40.4611601190485 ], [ -3.762746762011713, 40.461225719910438 ], [ -3.762683864877371, 40.461421089629681 ], [ -3.762027810722138, 40.463464595950171 ], [ -3.762575826971338, 40.465093954875591 ], [ -3.763134977589936, 40.466756390993574 ], [ -3.763940537305771, 40.469030078396891 ], [ -3.764602960767561, 40.470785066923895 ], [ -3.764770514317973, 40.471194768723038 ], [ -3.76586794414201, 40.473927680950133 ], [ -3.763632742288274, 40.473402274081366 ], [ -3.763549562051014, 40.473390750747804 ], [ -3.763594877217512, 40.472516941265269 ], [ -3.76347578257484, 40.472438088110636 ], [ -3.763413676172679, 40.472422731802588 ], [ -3.763362961462214, 40.472423697391129 ], [ -3.763210583583516, 40.472426683854295 ], [ -3.763135036535609, 40.472422407953147 ], [ -3.763031395296952, 40.472416424699226 ], [ -3.762772514214919, 40.472358581697549 ], [ -3.762589675825306, 40.472317624566124 ], [ -3.762513095589413, 40.472305426308388 ], [ -3.762411460644625, 40.472289068982839 ], [ -3.7622693034029, 40.472288384110151 ], [ -3.761971853334268, 40.472293585973041 ], [ -3.761561415057685, 40.472300882048678 ], [ -3.761064985538015, 40.472308742928703 ], [ -3.760807630690687, 40.47231277777891 ], [ -3.760480693737712, 40.472328980624717 ], [ -3.760390083061521, 40.472327774090139 ], [ -3.760251354819426, 40.47230688325233 ], [ -3.760240601531056, 40.472305152195943 ], [ -3.760211211783315, 40.472303723897383 ], [ -3.760096013978365, 40.472298174378253 ], [ -3.75996152236585, 40.472276264347073 ], [ -3.759902811961201, 40.472279533224679 ], [ -3.7598708627039, 40.472281274796089 ], [ -3.759838370520209, 40.4722870730496 ], [ -3.759727703522111, 40.47230671840628 ], [ -3.759662924874543, 40.472336783598365 ], [ -3.759601079887149, 40.472365478133099 ], [ -3.759505205203857, 40.472441512106855 ], [ -3.759498776386297, 40.472446779536575 ], [ -3.759474233805344, 40.472456760551339 ], [ -3.759433605061082, 40.47247342378359 ], [ -3.759331551860433, 40.47248283206202 ], [ -3.759230052025674, 40.472530794873734 ], [ -3.75917473622862, 40.472552688685674 ], [ -3.759098631079646, 40.472582647778964 ], [ -3.75904631414719, 40.472598485844664 ], [ -3.759010457595261, 40.472609441956351 ], [ -3.758894889484943, 40.472633803349872 ], [ -3.758860213805093, 40.472634391381796 ], [ -3.75879958931848, 40.472635329041864 ], [ -3.758773431468059, 40.4726274828135 ], [ -3.75871448240538, 40.472609580747616 ], [ -3.758613018605014, 40.472566462408942 ], [ -3.758424748760459, 40.472556344905605 ], [ -3.758391164129236, 40.472559538229667 ], [ -3.758288172039924, 40.472569402194807 ], [ -3.758262301843772, 40.473353082903699 ], [ -3.758290755480914, 40.47353352633214 ], [ -3.758371795753613, 40.473669571009609 ], [ -3.758452448048234, 40.473750033029845 ], [ -3.758595421825219, 40.473833690442412 ], [ -3.759104239283468, 40.474065938837569 ], [ -3.759189022451079, 40.474104661828449 ], [ -3.759174021120587, 40.474102957676592 ], [ -3.75898562519856, 40.474082032105713 ], [ -3.758850572374072, 40.474083908074221 ], [ -3.758691770208879, 40.47410341802231 ], [ -3.758572251084181, 40.47414393102558 ], [ -3.758562045254706, 40.474149043012858 ], [ -3.75845635152462, 40.474201987579185 ], [ -3.758398902949796, 40.474244166021307 ], [ -3.75836719697777, 40.474267617119366 ], [ -3.758304204936742, 40.474341363164726 ], [ -3.758274863777626, 40.474375788723293 ], [ -3.758257979892549, 40.474405989338905 ], [ -3.758203625323311, 40.47450301180627 ], [ -3.758185371443056, 40.474558356329716 ], [ -3.758154566471303, 40.474651441434332 ], [ -3.757802433432411, 40.478368055542397 ], [ -3.757765977678743, 40.47853586157008 ], [ -3.757762614859891, 40.478551559156422 ], [ -3.75773363422913, 40.478618235064623 ], [ -3.757697286847584, 40.478701265423396 ], [ -3.757596916968846, 40.478861380543449 ], [ -3.75751080289207, 40.478998700536948 ], [ -3.757500137005288, 40.479036427768136 ], [ -3.757473240358241, 40.479131108618972 ], [ -3.757452907127972, 40.479306015104761 ], [ -3.757574742164186, 40.479712242666004 ], [ -3.757420712504901, 40.479748205938485 ], [ -3.757349168487182, 40.479764889948072 ], [ -3.757343865874939, 40.479765465230884 ], [ -3.757184651431802, 40.479781011896378 ], [ -3.757137735018262, 40.47977402112349 ], [ -3.757120480915066, 40.479771431475712 ], [ -3.757083199674982, 40.479760955069551 ], [ -3.757058818753779, 40.479754087811216 ], [ -3.757055009281119, 40.479751049728812 ], [ -3.757033939206767, 40.479734340145178 ], [ -3.756943498470266, 40.479717634464023 ], [ -3.756871404184762, 40.479716845361523 ], [ -3.756839179952731, 40.479715433876336 ] ] ] } },
{ "type": "Feature", "properties": { "barrio": "Valdezarza", "distrito": "Moncloa - Aravaca", "area_km2": 1.397, "n_poi": 6, "diversidad_poi": 4, "n_restaurantes": 636, "pct_terrazas": 3.1, "accesibilidad_media": 3.0, "densidad_oferta": 459.6 }, "geometry": { "type": "Polygon", "coordinates": [ [ [ -3.710513734113755, 40.459018071179003 ], [ -3.711502060746112, 40.457493621687519 ], [ -3.713106416603746, 40.457796810589372 ], [ -3.715888138575199, 40.458673153079566 ], [ -3.716770740092433, 40.458943637308721 ], [ -3.719243223631133, 40.459701362285948 ], [ -3.719438705493356, 40.459761228376564 ], [ -3.719540272309236, 40.459851317409196 ], [ -3.719545630424253, 40.459856059710404 ], [ -3.719558002631014, 40.459877153774364 ], [ -3.719614107770853, 40.459973201388621 ], [ -3.719638965817507, 40.460092235313397 ], [ -3.71964468702838, 40.460119948224651 ], [ -3.71964695839168, 40.460332907048929 ], [ -3.719628909968257, 40.460443289213046 ], [ -3.719515486281828, 40.460634985476823 ], [ -3.719277204019865, 40.460820069500109 ], [ -3.719058104800293, 40.461034493927045 ], [ -3.718963942778852, 40.461218772545116 ], [ -3.718961708273192, 40.461252570078571 ], [ -3.718955601723803, 40.461343689640536 ], [ -3.719314733192054, 40.46196172817276 ], [ -3.719467087083019, 40.462223933705523 ], [ -3.719504215037843, 40.462287936536754 ], [ -3.719630780694541, 40.462410213821052 ], [ -3.719676480185806, 40.462470559641787 ], [ -3.719822906752426, 40.462663432537873 ], [ -3.71988147451258, 40.462746942170511 ], [ -3.720329194531632, 40.462977489610431 ], [ -3.720516775740173, 40.463080827172263 ], [ -3.720717299453423, 40.463203181833094 ], [ -3.72089314326886, 40.4633447890753 ], [ -3.720955907768366, 40.463401425258262 ], [ -3.720981301388426, 40.463448745013693 ], [ -3.721032393868602, 40.463572030210244 ], [ -3.721083622237864, 40.463685945210003 ], [ -3.721158871508766, 40.463751872714788 ], [ -3.721246539534981, 40.463798893942368 ], [ -3.721371680344191, 40.463864600067076 ], [ -3.721558995612383, 40.463920549518797 ], [ -3.721833164063955, 40.463947308696447 ], [ -3.722182281525856, 40.464011706883255 ], [ -3.722481948758691, 40.464095422030908 ], [ -3.723703595127365, 40.464471482998277 ], [ -3.723797841310823, 40.465428280664938 ], [ -3.723866152926136, 40.465836501144956 ], [ -3.723940533052618, 40.466073783572355 ], [ -3.724180077267496, 40.466994715752591 ], [ -3.724319715257914, 40.467530868388039 ], [ -3.724331892485829, 40.4675774584789 ], [ -3.724335470801617, 40.467592120655702 ], [ -3.72436524391135, 40.467717429752128 ], [ -3.724390027899558, 40.4677844821516 ], [ -3.724422515025499, 40.467833017002093 ], [ -3.724701653404193, 40.468101179117191 ], [ -3.724825851377474, 40.46822076179987 ], [ -3.724858992500869, 40.468253166389282 ], [ -3.725092171801914, 40.46848134481381 ], [ -3.725716722165108, 40.469179050668437 ], [ -3.725897606086984, 40.469381068529039 ], [ -3.725937021966605, 40.469437398112269 ], [ -3.726110137556685, 40.469684690268409 ], [ -3.726711278821337, 40.470375509727702 ], [ -3.727055990040551, 40.470771813238841 ], [ -3.727132339385727, 40.470829081227969 ], [ -3.727182265108715, 40.47085345165906 ], [ -3.727427464602161, 40.471177315658103 ], [ -3.72748359098349, 40.471251647511778 ], [ -3.728472793864085, 40.472361728716486 ], [ -3.72853086455588, 40.472877938519645 ], [ -3.728001141232641, 40.472960460431864 ], [ -3.72042867233749, 40.471111363079523 ], [ -3.720072424291343, 40.471023128650671 ], [ -3.719699483566815, 40.470929323223316 ], [ -3.717642597551623, 40.470412186091487 ], [ -3.715701888515923, 40.469924024265538 ], [ -3.714540292712338, 40.469631922806741 ], [ -3.714209797407996, 40.469478918611635 ], [ -3.714035428256864, 40.469320714859194 ], [ -3.713790801269889, 40.46904420666462 ], [ -3.713645761675321, 40.468893029245521 ], [ -3.713519808952815, 40.468761823792647 ], [ -3.713367733220205, 40.468603302102913 ], [ -3.713277613072681, 40.468514128139503 ], [ -3.712771584848754, 40.468013281337029 ], [ -3.711389430888556, 40.466264851431212 ], [ -3.71117084484223, 40.466140338624896 ], [ -3.711012718435932, 40.466066895590586 ], [ -3.710922179233571, 40.466004478938814 ], [ -3.70980077781291, 40.464826768429482 ], [ -3.709422183494004, 40.464280350225941 ], [ -3.709344573101566, 40.464157133415931 ], [ -3.709269006884325, 40.464037595882033 ], [ -3.709106922068887, 40.46348579735853 ], [ -3.708522640218317, 40.462591357252577 ], [ -3.708510743992151, 40.462559268148532 ], [ -3.708490832667327, 40.462505246283634 ], [ -3.708474471640163, 40.462407328065567 ], [ -3.708483621647191, 40.462301416574583 ], [ -3.708519532523792, 40.462216782398301 ], [ -3.708538873408707, 40.462171618987085 ], [ -3.708602548388209, 40.462057715612133 ], [ -3.709032319789687, 40.461291479683645 ], [ -3.709817319557046, 40.460086758415414 ], [ -3.710513734113755, 40.459018071179003 ] ] ] } },
{ "type": "Feature", "properties": { "barrio": "Valdemarín", "distrito": "Moncloa - Aravaca", "area_km2": 3.302, "n_poi": 0, "diversidad_poi": 0, "n_restaurantes": 157, "pct_terrazas": 5.1, "accesibilidad_media": 2.2, "densidad_oferta": 47.5 }, "geometry": { "type": "Polygon", "coordinates": [ [ [ -3.762683864877371, 40.461421089629681 ], [ -3.762746762011713, 40.461225719910438 ], [ -3.771793568649023, 40.462275109367255 ], [ -3.779002358881424, 40.463086462987377 ], [ -3.787977849892039, 40.464096040496813 ], [ -3.791659942221315, 40.464508836894666 ], [ -3.797853045164701, 40.465219183288177 ], [ -3.798211987300897, 40.465259859632596 ], [ -3.799063815158118, 40.465356502748925 ], [ -3.80020737258238, 40.465485175827979 ], [ -3.800089665658021, 40.466052924772171 ], [ -3.800028195373294, 40.466349834302804 ], [ -3.80002420107559, 40.466410943425664 ], [ -3.800020005183582, 40.466474845811824 ], [ -3.800065818237233, 40.466548312774442 ], [ -3.800099244490162, 40.46660177463982 ], [ -3.800241099512851, 40.46673709956147 ], [ -3.800404551739073, 40.466893085383234 ], [ -3.800973579833709, 40.46744968559954 ], [ -3.80122809194275, 40.467694498752685 ], [ -3.802081848871726, 40.468515787222593 ], [ -3.801937519447923, 40.468589670054811 ], [ -3.801817890763081, 40.468647705815755 ], [ -3.801718786390984, 40.468695779356203 ], [ -3.801504297297678, 40.468762040243355 ], [ -3.801446591446052, 40.468779917716496 ], [ -3.801092996487309, 40.468893266242482 ], [ -3.800362965259683, 40.469094083315326 ], [ -3.800206352878337, 40.469137148411164 ], [ -3.800179397811461, 40.469201658786666 ], [ -3.800137331683676, 40.469215463401262 ], [ -3.800004435620956, 40.469259084754178 ], [ -3.799407474047547, 40.469371768227191 ], [ -3.799385808367863, 40.469375071199387 ], [ -3.799364130936516, 40.469377383266497 ], [ -3.799234222222524, 40.469384406818229 ], [ -3.7991600830621, 40.469389332934981 ], [ -3.798888371396886, 40.469405263432598 ], [ -3.798337863087489, 40.469436540824269 ], [ -3.797644718076286, 40.469475915294716 ], [ -3.796814071632374, 40.469628755165488 ], [ -3.796261444687855, 40.469730577203997 ], [ -3.796099775197235, 40.469765293274563 ], [ -3.795634502021186, 40.469852456677785 ], [ -3.795626380316717, 40.469853954014418 ], [ -3.795524098772807, 40.469873125452445 ], [ -3.795506575947554, 40.469877660433646 ], [ -3.795429076989898, 40.469897832375501 ], [ -3.795273217261331, 40.469935029808489 ], [ -3.795146636064934, 40.469964368020712 ], [ -3.795001470407909, 40.469998158212206 ], [ -3.794592118666586, 40.470096103838394 ], [ -3.794457396933916, 40.47013540708403 ], [ -3.794359000575279, 40.470164011064561 ], [ -3.793394471830197, 40.470478643238863 ], [ -3.793379429975773, 40.470483522125505 ], [ -3.793323406760438, 40.470504356042603 ], [ -3.792499614870497, 40.470770270049762 ], [ -3.792443303463719, 40.470786601051429 ], [ -3.792400993519484, 40.470799954078053 ], [ -3.792343051770951, 40.470818188984502 ], [ -3.792300896786475, 40.470834693136865 ], [ -3.792264729931439, 40.470848814806459 ], [ -3.792187913573744, 40.470886997758164 ], [ -3.79217266737708, 40.470894579666556 ], [ -3.792128079729775, 40.470914885080575 ], [ -3.791898685435062, 40.471019066914351 ], [ -3.79171634367184, 40.471122116093298 ], [ -3.791499549073974, 40.471244589944718 ], [ -3.7910798909085, 40.471490791515322 ], [ -3.791005613628632, 40.471534361659764 ], [ -3.790996699750872, 40.471538746950316 ], [ -3.790941923176984, 40.471565427886809 ], [ -3.789905517590288, 40.471960613091142 ], [ -3.789299247142465, 40.472158082046022 ], [ -3.788819185576954, 40.472314237337862 ], [ -3.788499485282545, 40.472413893629628 ], [ -3.788248741451059, 40.472488934847448 ], [ -3.788112834727244, 40.472528509052061 ], [ -3.78766314299677, 40.47265931754383 ], [ -3.787546021437695, 40.472691285650676 ], [ -3.787469588018012, 40.472712166614322 ], [ -3.787456656877589, 40.472716038466672 ], [ -3.787245635271611, 40.47277837454866 ], [ -3.786753267739668, 40.472911902583661 ], [ -3.786041875345592, 40.473109708727961 ], [ -3.78587321314446, 40.473150669719324 ], [ -3.785480877267315, 40.473245950307948 ], [ -3.784008667114591, 40.47361304837623 ], [ -3.783228211931166, 40.47380770209918 ], [ -3.782865337296155, 40.473949616091382 ], [ -3.782676736858694, 40.474023414386188 ], [ -3.781943836973195, 40.474311700522165 ], [ -3.780966533289102, 40.474633524420128 ], [ -3.780262929939744, 40.474620522654611 ], [ -3.779903630899807, 40.474613575715665 ], [ -3.779117710739752, 40.47460283320283 ], [ -3.778955020545271, 40.474601946923265 ], [ -3.778842234174657, 40.474601264676735 ], [ -3.778737464862818, 40.474600258035629 ], [ -3.778399799861255, 40.474597124582544 ], [ -3.778216933100442, 40.474595921800287 ], [ -3.77812880256415, 40.474595343109009 ], [ -3.777881508203581, 40.474592771749464 ], [ -3.7777467675482, 40.474591065030509 ], [ -3.777338652737574, 40.474586059301295 ], [ -3.77699747181702, 40.474584927361576 ], [ -3.776869352584612, 40.474584526445021 ], [ -3.776789717341481, 40.474584069808927 ], [ -3.776735329948818, 40.474583803801806 ], [ -3.775685333410355, 40.474567784479021 ], [ -3.772746315247207, 40.474523032752131 ], [ -3.772471629543626, 40.47451838071413 ], [ -3.772351422918912, 40.474518821896162 ], [ -3.772248203906247, 40.474519151251961 ], [ -3.772025918650691, 40.474516489445591 ], [ -3.771711602004116, 40.474512550762043 ], [ -3.771551012566444, 40.474509657165555 ], [ -3.771467827360329, 40.474508139487867 ], [ -3.771062359293421, 40.474497238118467 ], [ -3.770855336457891, 40.474477806615361 ], [ -3.770329336455848, 40.474428426657028 ], [ -3.76958339590046, 40.474364651467894 ], [ -3.769446576959737, 40.474346282382363 ], [ -3.769344613277998, 40.474332545951029 ], [ -3.769050836882335, 40.474319363377617 ], [ -3.768917971661914, 40.474306192538798 ], [ -3.768737983567699, 40.474288379166588 ], [ -3.768555012807327, 40.474277972672482 ], [ -3.768328014837805, 40.47425506588965 ], [ -3.768108575747749, 40.474232919230182 ], [ -3.768093576244621, 40.474231397304294 ], [ -3.767620256148819, 40.474187420617532 ], [ -3.76686445602577, 40.474117206911863 ], [ -3.766473114645152, 40.474082682382715 ], [ -3.76646032573051, 40.474078442904634 ], [ -3.766450969966774, 40.474075261730647 ], [ -3.766431097439404, 40.474060168413203 ], [ -3.765915612008441, 40.473938896512074 ], [ -3.76586794414201, 40.473927680950133 ], [ -3.764770514317973, 40.471194768723038 ], [ -3.764602960767561, 40.470785066923895 ], [ -3.763940537305771, 40.469030078396891 ], [ -3.763134977589936, 40.466756390993574 ], [ -3.762575826971338, 40.465093954875591 ], [ -3.762027810722138, 40.463464595950171 ], [ -3.762683864877371, 40.461421089629681 ] ] ] } },
{ "type": "Feature", "properties": { "barrio": "El Plantío", "distrito": "Moncloa - Aravaca", "area_km2": 3.554, "n_poi": 0, "diversidad_poi": 0, "n_restaurantes": 318, "pct_terrazas": 0.0, "accesibilidad_media": 2.5, "densidad_oferta": 89.5 }, "geometry": { "type": "Polygon", "coordinates": [ [ [ -3.79899653342732, 40.45906437656582 ], [ -3.800588939815312, 40.460276877300295 ], [ -3.802547055585207, 40.46208042334564 ], [ -3.804206704473399, 40.46298060790761 ], [ -3.807387621966685, 40.463457552591407 ], [ -3.81012391158953, 40.464229415355547 ], [ -3.812867444518554, 40.463639906047611 ], [ -3.81521116915812, 40.463643236433775 ], [ -3.81745431386133, 40.464301280921404 ], [ -3.818784558561408, 40.464377460929434 ], [ -3.819841938501958, 40.464324028293404 ], [ -3.820944447895281, 40.464392786908853 ], [ -3.822233849258795, 40.464698044083384 ], [ -3.82366227657212, 40.464603199765683 ], [ -3.824850052586966, 40.464795638452628 ], [ -3.825820482518841, 40.465347272406156 ], [ -3.827124683066821, 40.466086600222049 ], [ -3.828922055240131, 40.466353015098022 ], [ -3.83078479158411, 40.465891910230262 ], [ -3.834352725960616, 40.46441732779509 ], [ -3.835636651238414, 40.465837064180505 ], [ -3.836915372762324, 40.466975741583617 ], [ -3.838256944704559, 40.467767466597081 ], [ -3.838133756557695, 40.470924645428461 ], [ -3.837527399239384, 40.472584521374728 ], [ -3.837343398412135, 40.472947652443374 ], [ -3.837383153132117, 40.472961783182754 ], [ -3.836870022654042, 40.473741756128462 ], [ -3.836594370659003, 40.474165037169904 ], [ -3.836232750740926, 40.474716993094951 ], [ -3.836114961274697, 40.474894000065561 ], [ -3.836725825672487, 40.475123274874989 ], [ -3.837398249229291, 40.475744502290027 ], [ -3.837389780666435, 40.475789277553808 ], [ -3.837349441620956, 40.475986911712752 ], [ -3.837334672590727, 40.476062494428426 ], [ -3.837315058256204, 40.47617576586768 ], [ -3.837308066216735, 40.476216141286542 ], [ -3.837306005993001, 40.476227693017002 ], [ -3.83729513106027, 40.476284085570839 ], [ -3.837246555211778, 40.476538372393712 ], [ -3.837225337763051, 40.476650822999666 ], [ -3.837215075756611, 40.476710696647707 ], [ -3.837197411567866, 40.476818112554987 ], [ -3.837170693005553, 40.476937701110522 ], [ -3.837141703973637, 40.477061804249352 ], [ -3.837065323294037, 40.477377688041912 ], [ -3.836994724732293, 40.477748259886106 ], [ -3.83695043746801, 40.47799474799281 ], [ -3.836919922756757, 40.478184448720725 ], [ -3.836852029664304, 40.478510988747701 ], [ -3.836804612748214, 40.478750262579354 ], [ -3.836773265036712, 40.478924337030833 ], [ -3.836747984121364, 40.479086671289132 ], [ -3.836650188114207, 40.479581350857345 ], [ -3.836650021175115, 40.479581303417767 ], [ -3.835741055695729, 40.479323965044934 ], [ -3.835191709091965, 40.479168384015374 ], [ -3.834890039682515, 40.47908272411739 ], [ -3.834667695891146, 40.479019554265612 ], [ -3.834212932084328, 40.478889321185214 ], [ -3.834123186349352, 40.478863571944821 ], [ -3.83360008811442, 40.478712028058588 ], [ -3.833368966992033, 40.478644955087113 ], [ -3.833081487108733, 40.478561530445859 ], [ -3.832759670866987, 40.478477541696087 ], [ -3.832727710858932, 40.478468943249254 ], [ -3.832718359236059, 40.478466398045953 ], [ -3.83266969474955, 40.478452154239079 ], [ -3.832233610488747, 40.478334030865845 ], [ -3.831838721158171, 40.47821759311266 ], [ -3.831728618199584, 40.478186312911596 ], [ -3.831254697237393, 40.478051611459662 ], [ -3.830880345911883, 40.47794520276225 ], [ -3.830689144276321, 40.477890810240567 ], [ -3.830574890267358, 40.477857666900647 ], [ -3.830251418060067, 40.477763322796264 ], [ -3.8299648192117, 40.477683667779672 ], [ -3.82978461528943, 40.477631266826627 ], [ -3.829574817293365, 40.477570699731473 ], [ -3.829271639574622, 40.477485846731732 ], [ -3.829245594222524, 40.477478466126179 ], [ -3.828863328830582, 40.477370845501412 ], [ -3.828731097229451, 40.477333865338288 ], [ -3.828705290137797, 40.477326663080156 ], [ -3.828526382407289, 40.477273980595285 ], [ -3.828482217792007, 40.477260964006071 ], [ -3.828472273348097, 40.477258152440051 ], [ -3.828201275428833, 40.477180453248074 ], [ -3.82782341564646, 40.477075861528199 ], [ -3.82774351107199, 40.477053730475561 ], [ -3.827516218244892, 40.476989951625974 ], [ -3.827111689356046, 40.47687500719158 ], [ -3.826700530527386, 40.476757946620197 ], [ -3.826592916054901, 40.476727274328859 ], [ -3.826504362287328, 40.476702051155783 ], [ -3.826126355611292, 40.476594571162316 ], [ -3.825678264339814, 40.476467050319258 ], [ -3.825186143643938, 40.476327679169017 ], [ -3.82468986974083, 40.476186264400738 ], [ -3.824567697054325, 40.476151459905864 ], [ -3.82382730984533, 40.475939888947906 ], [ -3.823506857887213, 40.475849827730805 ], [ -3.823383271959678, 40.475815122137142 ], [ -3.82332419543571, 40.475798065702051 ], [ -3.82295671817034, 40.475692302070748 ], [ -3.822696156240793, 40.475618029980971 ], [ -3.822501889621945, 40.475562744781037 ], [ -3.821932213999303, 40.475399046108691 ], [ -3.821737706118702, 40.475343221700491 ], [ -3.821247840598827, 40.47520363749527 ], [ -3.82086758506941, 40.475094174245285 ], [ -3.820567240366897, 40.475007747577486 ], [ -3.820217323027871, 40.474909418013254 ], [ -3.820215074104447, 40.47490880334918 ], [ -3.820100364803325, 40.474876283463459 ], [ -3.819708551726132, 40.474766808302363 ], [ -3.819328317439851, 40.474658782142384 ], [ -3.819247226790681, 40.474635662617878 ], [ -3.81916566444098, 40.474612456290281 ], [ -3.818901428938401, 40.474537305257627 ], [ -3.81887977858654, 40.474531147909595 ], [ -3.818711796033619, 40.474483147482395 ], [ -3.818302080377077, 40.47436595659056 ], [ -3.817841324492564, 40.474232549011916 ], [ -3.817655343646695, 40.474178908692679 ], [ -3.817604319595421, 40.474164133770792 ], [ -3.817490820782462, 40.474133945038965 ], [ -3.817316132989789, 40.474087252150035 ], [ -3.816812424250251, 40.473942792051609 ], [ -3.816458349827348, 40.47384132731549 ], [ -3.816148284779446, 40.473750002874723 ], [ -3.815978898192759, 40.473702638996741 ], [ -3.81587544259832, 40.473673639015161 ], [ -3.815634916033749, 40.473606236459275 ], [ -3.814732989833296, 40.473347637430251 ], [ -3.814563834617548, 40.473299730204261 ], [ -3.8144500787976, 40.473267467333052 ], [ -3.814140875099838, 40.473178743098728 ], [ -3.813740049096955, 40.47306372647494 ], [ -3.813640370055682, 40.473034697894882 ], [ -3.813522935520572, 40.473000659121197 ], [ -3.813249971612255, 40.472923389001814 ], [ -3.813087567024252, 40.472877503256612 ], [ -3.812917232379616, 40.472829421729031 ], [ -3.812758156109636, 40.472785494071786 ], [ -3.812652338697575, 40.47275605735512 ], [ -3.812582266003777, 40.472736460133461 ], [ -3.812545917475513, 40.472725453626467 ], [ -3.812488492290578, 40.472707929573005 ], [ -3.812387644501547, 40.472679718926571 ], [ -3.812333906442842, 40.472664690476435 ], [ -3.811942499465692, 40.47255743915138 ], [ -3.810727297292651, 40.47221163786827 ], [ -3.81025393426057, 40.472077027091778 ], [ -3.806057043300263, 40.470880852619246 ], [ -3.805545340654513, 40.470734687255934 ], [ -3.805056012998036, 40.470595030375549 ], [ -3.803800845956368, 40.470235470477533 ], [ -3.803069579317286, 40.47002604485732 ], [ -3.802866582816792, 40.469967904309208 ], [ -3.802628426022284, 40.469899286947687 ], [ -3.802358797937484, 40.469822779534788 ], [ -3.802092851716705, 40.469748227002725 ], [ -3.801821929498264, 40.469671907491453 ], [ -3.801039662381226, 40.469447957134236 ], [ -3.800179397811461, 40.469201658786666 ], [ -3.800206352878337, 40.469137148411164 ], [ -3.800362965259683, 40.469094083315326 ], [ -3.801092996487309, 40.468893266242482 ], [ -3.801446591446052, 40.468779917716496 ], [ -3.801504297297678, 40.468762040243355 ], [ -3.801718786390984, 40.468695779356203 ], [ -3.801817890763081, 40.468647705815755 ], [ -3.801937519447923, 40.468589670054811 ], [ -3.802081848871726, 40.468515787222593 ], [ -3.80122809194275, 40.467694498752685 ], [ -3.800973579833709, 40.46744968559954 ], [ -3.800404551739073, 40.466893085383234 ], [ -3.800241099512851, 40.46673709956147 ], [ -3.800099244490162, 40.46660177463982 ], [ -3.800065818237233, 40.466548312774442 ], [ -3.800020005183582, 40.466474845811824 ], [ -3.80002420107559, 40.466410943425664 ], [ -3.800028195373294, 40.466349834302804 ], [ -3.800089665658021, 40.466052924772171 ], [ -3.80020737258238, 40.465485175827979 ], [ -3.80053715730394, 40.465523705377393 ], [ -3.801069046699372, 40.465586060266077 ], [ -3.801437007307167, 40.463804420205442 ], [ -3.801200110661526, 40.463651286289988 ], [ -3.801085484391797, 40.463563702203864 ], [ -3.800938362919399, 40.463451387519378 ], [ -3.800822805717878, 40.463354980858881 ], [ -3.800707485908006, 40.463258572435841 ], [ -3.80065453299551, 40.463209479275498 ], [ -3.800432222660401, 40.463002909799705 ], [ -3.800258270182431, 40.462825915669562 ], [ -3.800181652983399, 40.462740680097461 ], [ -3.800146630562408, 40.462701643569424 ], [ -3.799987156616306, 40.462512115550396 ], [ -3.799847305171175, 40.462326236173759 ], [ -3.799647590265156, 40.462035366173424 ], [ -3.799475002849073, 40.461744307278444 ], [ -3.799415417782138, 40.461623007691493 ], [ -3.799385926520787, 40.461562940932566 ], [ -3.799300518495987, 40.461382541028783 ], [ -3.799196265660392, 40.461114883710387 ], [ -3.799138839614238, 40.460936812696396 ], [ -3.799116433089462, 40.460867417666421 ], [ -3.799059149393377, 40.460661507984895 ], [ -3.799010356353365, 40.460435538818217 ], [ -3.798974649583065, 40.460199209870183 ], [ -3.798964277288657, 40.460070272583224 ], [ -3.79895402073698, 40.45994124530381 ], [ -3.798946340330253, 40.459661209396621 ], [ -3.79894809603383, 40.45961029582061 ], [ -3.798953019493485, 40.459468370902258 ], [ -3.79896590974358, 40.459272066069758 ], [ -3.79897363215989, 40.459215476151229 ], [ -3.798975148332647, 40.459205671145241 ], [ -3.79899653342732, 40.45906437656582 ] ] ] } },
{ "type": "Feature", "properties": { "barrio": "Aravaca", "distrito": "Moncloa - Aravaca", "area_km2": 5.849, "n_poi": 11, "diversidad_poi": 4, "n_restaurantes": 651, "pct_terrazas": 2.8, "accesibilidad_media": 7.9, "densidad_oferta": 113.2 }, "geometry": { "type": "Polygon", "coordinates": [ [ [ -3.770846946200698, 40.444050877259201 ], [ -3.770926787850691, 40.44404675564224 ], [ -3.776041289783557, 40.443678342940501 ], [ -3.777527953574031, 40.443656653933111 ], [ -3.778585766104785, 40.443768461596306 ], [ -3.779458258853529, 40.444169797424465 ], [ -3.784568860571065, 40.444382114392091 ], [ -3.787241899799194, 40.443157656909229 ], [ -3.790096523002393, 40.442344512211513 ], [ -3.788854865061043, 40.445771899819022 ], [ -3.790178802732991, 40.445847553421231 ], [ -3.790217075955908, 40.446598643382892 ], [ -3.790393347612531, 40.447654194610152 ], [ -3.790992686853071, 40.44747802916298 ], [ -3.791121599510425, 40.448013183151772 ], [ -3.791381388114519, 40.449351046018698 ], [ -3.792078188574413, 40.450645375740628 ], [ -3.792422957108194, 40.451685356690469 ], [ -3.793372932819983, 40.453244611724543 ], [ -3.793084314438584, 40.453672715067299 ], [ -3.79291350557614, 40.453689201203822 ], [ -3.792901686951963, 40.453787479897365 ], [ -3.792913987688484, 40.453830639409603 ], [ -3.793010871517574, 40.453946191213504 ], [ -3.793754609220386, 40.454712261979807 ], [ -3.794058434793139, 40.454975042081422 ], [ -3.794393096552411, 40.455652923987785 ], [ -3.795335976607168, 40.456301401810023 ], [ -3.795488155573016, 40.456604858964525 ], [ -3.795277944307974, 40.456981077799917 ], [ -3.795754887980003, 40.457821040232737 ], [ -3.797583733985236, 40.45848412261342 ], [ -3.798850083533985, 40.458952862562143 ], [ -3.79899653342732, 40.45906437656582 ], [ -3.798975148332647, 40.459205671145241 ], [ -3.79897363215989, 40.459215476151229 ], [ -3.79896590974358, 40.459272066069758 ], [ -3.798953019493485, 40.459468370902258 ], [ -3.79894809603383, 40.45961029582061 ], [ -3.798946340330253, 40.459661209396621 ], [ -3.79895402073698, 40.45994124530381 ], [ -3.798964277288657, 40.460070272583224 ], [ -3.798974649583065, 40.460199209870183 ], [ -3.799010356353365, 40.460435538818217 ], [ -3.799059149393377, 40.460661507984895 ], [ -3.799116433089462, 40.460867417666421 ], [ -3.799138839614238, 40.460936812696396 ], [ -3.799196265660392, 40.461114883710387 ], [ -3.799300518495987, 40.461382541028783 ], [ -3.799385926520787, 40.461562940932566 ], [ -3.799415417782138, 40.461623007691493 ], [ -3.799475002849073, 40.461744307278444 ], [ -3.799647590265156, 40.462035366173424 ], [ -3.799847305171175, 40.462326236173759 ], [ -3.799987156616306, 40.462512115550396 ], [ -3.800146630562408, 40.462701643569424 ], [ -3.800181652983399, 40.462740680097461 ], [ -3.800258270182431, 40.462825915669562 ], [ -3.800432222660401, 40.463002909799705 ], [ -3.80065453299551, 40.463209479275498 ], [ -3.800707485908006, 40.463258572435841 ], [ -3.800822805717878, 40.463354980858881 ], [ -3.800938362919399, 40.463451387519378 ], [ -3.801085484391797, 40.463563702203864 ], [ -3.801200110661526, 40.463651286289988 ], [ -3.801437007307167, 40.463804420205442 ], [ -3.801069046699372, 40.465586060266077 ], [ -3.80053715730394, 40.465523705377393 ], [ -3.80020737258238, 40.465485175827979 ], [ -3.799063815158118, 40.465356502748925 ], [ -3.798211987300897, 40.465259859632596 ], [ -3.797853045164701, 40.465219183288177 ], [ -3.791659942221315, 40.464508836894666 ], [ -3.787977849892039, 40.464096040496813 ], [ -3.779002358881424, 40.463086462987377 ], [ -3.771793568649023, 40.462275109367255 ], [ -3.762746762011713, 40.461225719910438 ], [ -3.762202170329455, 40.4611601190485 ], [ -3.762484944084405, 40.460184113831424 ], [ -3.759407763278229, 40.456044081365945 ], [ -3.758416406592132, 40.454325356987916 ], [ -3.75821309386622, 40.45403191466486 ], [ -3.757967227946772, 40.453782264321511 ], [ -3.75793889700901, 40.453748395291385 ], [ -3.75775428228268, 40.453649424138376 ], [ -3.757400277040774, 40.453284354001255 ], [ -3.757214645168608, 40.452316740157251 ], [ -3.757300302670888, 40.452162666148418 ], [ -3.757351231374022, 40.451246927287485 ], [ -3.761426684987468, 40.449720067947858 ], [ -3.761488092569496, 40.449739142638023 ], [ -3.761674554677954, 40.449769080694189 ], [ -3.761863347563798, 40.449779524786919 ], [ -3.762097634724607, 40.449754609323811 ], [ -3.762295944121613, 40.449704607328059 ], [ -3.762562473309654, 40.449615954226921 ], [ -3.762747844840216, 40.449550570200515 ], [ -3.765286421767638, 40.448589102570608 ], [ -3.766296910160175, 40.448166894625842 ], [ -3.766920287650576, 40.447822037491882 ], [ -3.770795018947927, 40.444521980472011 ], [ -3.770846059004216, 40.444056307481389 ], [ -3.770846946200698, 40.444050877259201 ] ] ] } },
{ "type": "Feature", "properties": { "barrio": "Los Cármenes", "distrito": "Latina", "area_km2": 1.292, "n_poi": 5, "diversidad_poi": 2, "n_restaurantes": 303, "pct_terrazas": 5.6, "accesibilidad_media": 1.5, "densidad_oferta": 238.4 }, "geometry": { "type": "Polygon", "coordinates": [ [ [ -3.72264863954316, 40.405825914730904 ], [ -3.722742897665067, 40.405217754988797 ], [ -3.722720742513611, 40.404545365734997 ], [ -3.723600180797729, 40.404550951896816 ], [ -3.72476372868778, 40.40454367059872 ], [ -3.72477138791579, 40.405038221467962 ], [ -3.724650872037129, 40.405492943052536 ], [ -3.725071214978667, 40.405523554861425 ], [ -3.725179798114376, 40.405494765641613 ], [ -3.725520472675541, 40.405404341536837 ], [ -3.725656616109413, 40.405319073248045 ], [ -3.725999016318793, 40.405104221878148 ], [ -3.72618652666071, 40.404951962523171 ], [ -3.726338287976688, 40.404828757313041 ], [ -3.726630019245859, 40.404494220854104 ], [ -3.726818945620447, 40.404342312829201 ], [ -3.72707680209894, 40.404134835648513 ], [ -3.727587059089606, 40.403870184919185 ], [ -3.72779076587843, 40.403690524491275 ], [ -3.728156735320933, 40.403367589868019 ], [ -3.728326538892811, 40.4031914744414 ], [ -3.728327004418343, 40.403190930965678 ], [ -3.72861801066518, 40.402889186968302 ], [ -3.72959236094139, 40.402431603632358 ], [ -3.730308752544825, 40.401887891663129 ], [ -3.730313778581273, 40.401884076113845 ], [ -3.73090287249613, 40.401436930687616 ], [ -3.732125217962047, 40.400520006927799 ], [ -3.73350638114929, 40.399484045013971 ], [ -3.734114659347516, 40.399027752380221 ], [ -3.734763838637051, 40.398540744202002 ], [ -3.737113533219702, 40.396726957852145 ], [ -3.737508742107537, 40.396315967776175 ], [ -3.737594842967396, 40.396226319838 ], [ -3.737865031512159, 40.395945315930092 ], [ -3.738321102003318, 40.395259968107268 ], [ -3.738431235511382, 40.395094578225347 ], [ -3.738565597846824, 40.394892818840809 ], [ -3.738630866318206, 40.394794742765058 ], [ -3.738706238278833, 40.394715613034556 ], [ -3.738978133133454, 40.394430091045592 ], [ -3.739150203157973, 40.394304215679298 ], [ -3.739164580997114, 40.394293673253735 ], [ -3.739761092290022, 40.393857335071345 ], [ -3.740839945499224, 40.393030518193697 ], [ -3.740878622958961, 40.39300099091502 ], [ -3.741136599643286, 40.393199431778463 ], [ -3.743272373512932, 40.39484314385561 ], [ -3.743429820382047, 40.395006278608783 ], [ -3.743506933670441, 40.395086054443325 ], [ -3.743565268100753, 40.395311808613009 ], [ -3.743599413897909, 40.395513212750231 ], [ -3.743718131428178, 40.396086599445653 ], [ -3.743749114176678, 40.396235951480996 ], [ -3.74379639764365, 40.396463847750127 ], [ -3.743965885686841, 40.397281865624898 ], [ -3.744226597640837, 40.398540111010071 ], [ -3.744346689791092, 40.399119614048367 ], [ -3.744442512023447, 40.399581705883506 ], [ -3.744647488270779, 40.4005711162796 ], [ -3.744661558246616, 40.400693009160122 ], [ -3.744710168368258, 40.401115672961105 ], [ -3.744843317464244, 40.402269871331072 ], [ -3.744853649751931, 40.402886836481848 ], [ -3.744847994837554, 40.403025972650553 ], [ -3.744828435828885, 40.403090424167743 ], [ -3.744441424366605, 40.403763729524563 ], [ -3.744178831334696, 40.404167582978552 ], [ -3.744086488069783, 40.404525205879715 ], [ -3.743041146052703, 40.404521649954418 ], [ -3.742860479086091, 40.404521007237477 ], [ -3.742312312378697, 40.404504703400377 ], [ -3.741039268763497, 40.404466913373916 ], [ -3.740331789631601, 40.404419907421264 ], [ -3.739726345999734, 40.404360264153084 ], [ -3.739093965816773, 40.40426205098229 ], [ -3.737952648290277, 40.404038160564063 ], [ -3.737145672460707, 40.403890239865071 ], [ -3.736836932909848, 40.403859503122185 ], [ -3.736448371828142, 40.403835849698709 ], [ -3.73619438357153, 40.403843861781603 ], [ -3.735860763283484, 40.40387661448267 ], [ -3.735410486512007, 40.403953711169258 ], [ -3.734954932326805, 40.404076606534623 ], [ -3.734648112417238, 40.404189906487588 ], [ -3.734358164700764, 40.404315982312987 ], [ -3.733126902277507, 40.404935774423315 ], [ -3.732903533115816, 40.405050973929292 ], [ -3.732827826037463, 40.405090012529456 ], [ -3.731965127982822, 40.405586286645217 ], [ -3.730594617978096, 40.406367564566729 ], [ -3.730486484590136, 40.40640527408295 ], [ -3.730181793378263, 40.406477197193716 ], [ -3.728665117066365, 40.406789281193852 ], [ -3.727132656388688, 40.407092345440184 ], [ -3.726739544458547, 40.407216886927039 ], [ -3.726450301036777, 40.407345280847686 ], [ -3.726124773375588, 40.407540928349661 ], [ -3.725893923390105, 40.407751657215073 ], [ -3.725213506151857, 40.408658540896297 ], [ -3.724985083517398, 40.408689613180535 ], [ -3.724678120360459, 40.408738022427087 ], [ -3.724499192952244, 40.408746889731312 ], [ -3.724168161384656, 40.408748961749296 ], [ -3.723866286497926, 40.408744363767688 ], [ -3.723750881938378, 40.408731120393661 ], [ -3.723478945420436, 40.408715794305962 ], [ -3.7225404158273, 40.408556611096152 ], [ -3.722224561113658, 40.408534078088422 ], [ -3.721822842567626, 40.408505412698794 ], [ -3.722218864617655, 40.407173743464426 ], [ -3.72226126769054, 40.407050233866137 ], [ -3.722366875986331, 40.406742636617729 ], [ -3.72264863954316, 40.405825914730904 ] ] ] } },
{ "type": "Feature", "properties": { "barrio": "Puerta del Ángel", "distrito": "Latina", "area_km2": 1.375, "n_poi": 7, "diversidad_poi": 4, "n_restaurantes": 1601, "pct_terrazas": 4.0, "accesibilidad_media": 2.0, "densidad_oferta": 1169.5 }, "geometry": { "type": "Polygon", "coordinates": [ [ [ -3.722611132008229, 40.411378891861325 ], [ -3.721822842567626, 40.408505412698794 ], [ -3.722224561113658, 40.408534078088422 ], [ -3.7225404158273, 40.408556611096152 ], [ -3.723478945420436, 40.408715794305962 ], [ -3.723750881938378, 40.408731120393661 ], [ -3.723866286497926, 40.408744363767688 ], [ -3.724168161384656, 40.408748961749296 ], [ -3.724499192952244, 40.408746889731312 ], [ -3.724678120360459, 40.408738022427087 ], [ -3.724985083517398, 40.408689613180535 ], [ -3.725213506151857, 40.408658540896297 ], [ -3.725893923390105, 40.407751657215073 ], [ -3.726124773375588, 40.407540928349661 ], [ -3.726450301036777, 40.407345280847686 ], [ -3.726739544458547, 40.407216886927039 ], [ -3.727132656388688, 40.407092345440184 ], [ -3.728665117066365, 40.406789281193852 ], [ -3.730181793378263, 40.406477197193716 ], [ -3.730486484590136, 40.40640527408295 ], [ -3.730594617978096, 40.406367564566729 ], [ -3.731965127982822, 40.405586286645217 ], [ -3.732827826037463, 40.405090012529456 ], [ -3.732903533115816, 40.405050973929292 ], [ -3.733126902277507, 40.404935774423315 ], [ -3.734358164700764, 40.404315982312987 ], [ -3.734648112417238, 40.404189906487588 ], [ -3.734954932326805, 40.404076606534623 ], [ -3.735410486512007, 40.403953711169258 ], [ -3.735860763283484, 40.40387661448267 ], [ -3.73619438357153, 40.403843861781603 ], [ -3.736448371828142, 40.403835849698709 ], [ -3.736836932909848, 40.403859503122185 ], [ -3.737145672460707, 40.403890239865071 ], [ -3.737952648290277, 40.404038160564063 ], [ -3.739093965816773, 40.40426205098229 ], [ -3.739726345999734, 40.404360264153084 ], [ -3.740331789631601, 40.404419907421264 ], [ -3.741039268763497, 40.404466913373916 ], [ -3.742312312378697, 40.404504703400377 ], [ -3.742303152023363, 40.40470080001343 ], [ -3.742284430069248, 40.405099391317258 ], [ -3.742271389118816, 40.40538209067045 ], [ -3.742269556854987, 40.405419128717867 ], [ -3.742220253725428, 40.405533320482213 ], [ -3.742181635609922, 40.405622487675316 ], [ -3.742171067366815, 40.405636699716538 ], [ -3.742092101481703, 40.4057434223295 ], [ -3.74197934089158, 40.40589567726748 ], [ -3.741942032124891, 40.40600753967275 ], [ -3.741849038930812, 40.406285795182455 ], [ -3.741755287596019, 40.406935409234407 ], [ -3.74165186007802, 40.407541121974702 ], [ -3.741409482828415, 40.408479979170423 ], [ -3.741319389508493, 40.408625601543491 ], [ -3.741069222726504, 40.408940718139668 ], [ -3.741853510909674, 40.409205968866708 ], [ -3.738527954715772, 40.411058327512102 ], [ -3.73791942177751, 40.411465996335082 ], [ -3.734184283259279, 40.412795524405503 ], [ -3.732799787720237, 40.413287185937293 ], [ -3.729575053991644, 40.414432429333075 ], [ -3.726217733216529, 40.415665984446157 ], [ -3.724860541879778, 40.416164584855807 ], [ -3.722379148053272, 40.417174969818689 ], [ -3.722850118962102, 40.415331658256946 ], [ -3.722953860062372, 40.413989290631932 ], [ -3.72292493227335, 40.412375947598804 ], [ -3.722924823334732, 40.412365768061171 ], [ -3.722918456511334, 40.412013012827806 ], [ -3.722900467593465, 40.411972944968554 ], [ -3.722871125541011, 40.411907361502976 ], [ -3.722764982438257, 40.411713609007393 ], [ -3.722611132008229, 40.411378891861325 ] ] ] } },
{ "type": "Feature", "properties": { "barrio": "Lucero", "distrito": "Latina", "area_km2": 1.679, "n_poi": 8, "diversidad_poi": 2, "n_restaurantes": 865, "pct_terrazas": 4.4, "accesibilidad_media": 3.8, "densidad_oferta": 520.0 }, "geometry": { "type": "Polygon", "coordinates": [ [ [ -3.742303152023363, 40.40470080001343 ], [ -3.742312312378697, 40.404504703400377 ], [ -3.742860479086091, 40.404521007237477 ], [ -3.743041146052703, 40.404521649954418 ], [ -3.744086488069783, 40.404525205879715 ], [ -3.744178831334696, 40.404167582978552 ], [ -3.744441424366605, 40.403763729524563 ], [ -3.744828435828885, 40.403090424167743 ], [ -3.744847994837554, 40.403025972650553 ], [ -3.744853649751931, 40.402886836481848 ], [ -3.744843317464244, 40.402269871331072 ], [ -3.744710168368258, 40.401115672961105 ], [ -3.744661558246616, 40.400693009160122 ], [ -3.744647488270779, 40.4005711162796 ], [ -3.744442512023447, 40.399581705883506 ], [ -3.744346689791092, 40.399119614048367 ], [ -3.744226597640837, 40.398540111010071 ], [ -3.743965885686841, 40.397281865624898 ], [ -3.74379639764365, 40.396463847750127 ], [ -3.743749114176678, 40.396235951480996 ], [ -3.743718131428178, 40.396086599445653 ], [ -3.743599413897909, 40.395513212750231 ], [ -3.744567406644541, 40.395118068723392 ], [ -3.744607402062038, 40.395111955285131 ], [ -3.744761730953994, 40.395087899967507 ], [ -3.74606879951121, 40.395213899855975 ], [ -3.746651031791855, 40.395270057352228 ], [ -3.747193654216954, 40.395335025585581 ], [ -3.747408037194399, 40.395360759125602 ], [ -3.751833308816988, 40.395891840931171 ], [ -3.752496526699154, 40.395971407346018 ], [ -3.752574753553365, 40.395980809095157 ], [ -3.753228379760784, 40.396013585729222 ], [ -3.753493923627294, 40.395956271531091 ], [ -3.753655448339828, 40.395901346476585 ], [ -3.753771074230668, 40.395862033111413 ], [ -3.75418598333512, 40.396476905743057 ], [ -3.754505958888888, 40.396936266659367 ], [ -3.754791896600119, 40.397175035077353 ], [ -3.755151403509405, 40.397417287210473 ], [ -3.755536921658762, 40.397635495153672 ], [ -3.755948913408476, 40.397881546880889 ], [ -3.756413054058484, 40.398091128777295 ], [ -3.757016774511627, 40.398368987278189 ], [ -3.75774085662996, 40.398714073143886 ], [ -3.758202013745339, 40.399034840857382 ], [ -3.758459005797172, 40.399285952087176 ], [ -3.758984020715508, 40.400014499619381 ], [ -3.76021246537728, 40.401940238787695 ], [ -3.760805306481293, 40.402880496474495 ], [ -3.760444468331646, 40.403362419885667 ], [ -3.760226634020113, 40.403640248935602 ], [ -3.759860014699306, 40.403965000677452 ], [ -3.759755257385408, 40.404060103859003 ], [ -3.757658894974784, 40.405279796992311 ], [ -3.757354059184087, 40.40545152269636 ], [ -3.75705800660829, 40.405618325203335 ], [ -3.756881189689757, 40.405677590229089 ], [ -3.756723190367382, 40.40571240651407 ], [ -3.756501569582133, 40.405738179372705 ], [ -3.7562799031181, 40.405749357456905 ], [ -3.756115261743741, 40.405769892880343 ], [ -3.755950952782434, 40.405809615156549 ], [ -3.755689041812477, 40.405899973534922 ], [ -3.754911893678137, 40.406307118390288 ], [ -3.752654520365176, 40.407454167095096 ], [ -3.752063934449274, 40.40773746693921 ], [ -3.750879463824298, 40.408305610532558 ], [ -3.75075053186992, 40.40832680731652 ], [ -3.750641950015689, 40.408344628585766 ], [ -3.750542037863579, 40.408357708773913 ], [ -3.749866301454469, 40.408445961138497 ], [ -3.747888678568823, 40.408719657631046 ], [ -3.747475141023849, 40.408774130225986 ], [ -3.744667208291596, 40.409143849468279 ], [ -3.744607601289253, 40.409221260659464 ], [ -3.744574507773838, 40.409255527955153 ], [ -3.744496718052012, 40.409287199261364 ], [ -3.744468433818335, 40.409298012052496 ], [ -3.744404231192646, 40.409321939025823 ], [ -3.743937113654279, 40.409434581972015 ], [ -3.743859063736152, 40.409453371595198 ], [ -3.743558683426059, 40.409520707577954 ], [ -3.743328791604688, 40.409567589557376 ], [ -3.743255663346041, 40.40957301375137 ], [ -3.743202435446225, 40.409576959526859 ], [ -3.743183916367841, 40.409575546127435 ], [ -3.743135435033648, 40.40957171358685 ], [ -3.743046131722194, 40.409563818139461 ], [ -3.742878593786218, 40.409536514437846 ], [ -3.742543025405234, 40.409447676011929 ], [ -3.742450798960141, 40.409420429438057 ], [ -3.742363893577449, 40.409394770252931 ], [ -3.742233291464239, 40.409350202266246 ], [ -3.742072804965988, 40.40928870785843 ], [ -3.741986174098305, 40.409255929483102 ], [ -3.741853510909674, 40.409205968866708 ], [ -3.741069222726504, 40.408940718139668 ], [ -3.741319389508493, 40.408625601543491 ], [ -3.741409482828415, 40.408479979170423 ], [ -3.74165186007802, 40.407541121974702 ], [ -3.741755287596019, 40.406935409234407 ], [ -3.741849038930812, 40.406285795182455 ], [ -3.741942032124891, 40.40600753967275 ], [ -3.74197934089158, 40.40589567726748 ], [ -3.742092101481703, 40.4057434223295 ], [ -3.742171067366815, 40.405636699716538 ], [ -3.742181635609922, 40.405622487675316 ], [ -3.742220253725428, 40.405533320482213 ], [ -3.742269556854987, 40.405419128717867 ], [ -3.742271389118816, 40.40538209067045 ], [ -3.742284430069248, 40.405099391317258 ], [ -3.742303152023363, 40.40470080001343 ] ] ] } },
{ "type": "Feature", "properties": { "barrio": "Aluche", "distrito": "Latina", "area_km2": 2.85, "n_poi": 10, "diversidad_poi": 3, "n_restaurantes": 1995, "pct_terrazas": 5.9, "accesibilidad_media": 4.6, "densidad_oferta": 703.5 }, "geometry": { "type": "Polygon", "coordinates": [ [ [ -3.75418598333512, 40.396476905743057 ], [ -3.753771074230668, 40.395862033111413 ], [ -3.753655448339828, 40.395901346476585 ], [ -3.753493923627294, 40.395956271531091 ], [ -3.753228379760784, 40.396013585729222 ], [ -3.752574753553365, 40.395980809095157 ], [ -3.752496526699154, 40.395971407346018 ], [ -3.751833308816988, 40.395891840931171 ], [ -3.747408037194399, 40.395360759125602 ], [ -3.747193654216954, 40.395335025585581 ], [ -3.746651031791855, 40.395270057352228 ], [ -3.74606879951121, 40.395213899855975 ], [ -3.744761730953994, 40.395087899967507 ], [ -3.744607402062038, 40.395111955285131 ], [ -3.744567406644541, 40.395118068723392 ], [ -3.743599413897909, 40.395513212750231 ], [ -3.743565268100753, 40.395311808613009 ], [ -3.743506933670441, 40.395086054443325 ], [ -3.743429820382047, 40.395006278608783 ], [ -3.743272373512932, 40.39484314385561 ], [ -3.741136599643286, 40.393199431778463 ], [ -3.740878622958961, 40.39300099091502 ], [ -3.742249702743286, 40.391899494410566 ], [ -3.742847687807879, 40.391354483196842 ], [ -3.743274427272809, 40.390752369350373 ], [ -3.743570970247316, 40.390407848787994 ], [ -3.743814436008555, 40.389962045667971 ], [ -3.744432376238503, 40.388653015866964 ], [ -3.744735639811206, 40.388010697291449 ], [ -3.744898629505919, 40.387972172405888 ], [ -3.745132479007627, 40.387916973466915 ], [ -3.745351991150669, 40.387865018746567 ], [ -3.746184589503101, 40.387361003083242 ], [ -3.746868309044499, 40.386947041039853 ], [ -3.749516034377845, 40.385344151006365 ], [ -3.749546694880794, 40.385325484565065 ], [ -3.751587450788841, 40.384157469460561 ], [ -3.751707528129881, 40.384106959741452 ], [ -3.75303741073678, 40.383548222699424 ], [ -3.753589528355525, 40.383532378098316 ], [ -3.754782784814378, 40.383591902459095 ], [ -3.755631995611397, 40.383647624406393 ], [ -3.758649811530689, 40.384108795551718 ], [ -3.759306070409519, 40.383630073915711 ], [ -3.761780788793299, 40.385587348614749 ], [ -3.76271007644115, 40.386421419660323 ], [ -3.76729213153665, 40.390533615016778 ], [ -3.767507646951748, 40.390389843354654 ], [ -3.770090130333705, 40.392598661467517 ], [ -3.770282886351316, 40.392763506394203 ], [ -3.77057911182625, 40.393012528622464 ], [ -3.771565116768913, 40.393841374109954 ], [ -3.770380984067212, 40.394786024680528 ], [ -3.768694721448584, 40.396091928370538 ], [ -3.767819231042467, 40.396766573769952 ], [ -3.766537328104531, 40.39775435578688 ], [ -3.765114431582459, 40.398854677804387 ], [ -3.76506125062972, 40.398893137977744 ], [ -3.764359614947621, 40.39940084006399 ], [ -3.764358797267938, 40.399401476102788 ], [ -3.762736795814654, 40.400689481070309 ], [ -3.762392132162167, 40.400931483131657 ], [ -3.762274968985739, 40.400991534236987 ], [ -3.760805306481293, 40.402880496474495 ], [ -3.76021246537728, 40.401940238787695 ], [ -3.758984020715508, 40.400014499619381 ], [ -3.758459005797172, 40.399285952087176 ], [ -3.758202013745339, 40.399034840857382 ], [ -3.75774085662996, 40.398714073143886 ], [ -3.757016774511627, 40.398368987278189 ], [ -3.756413054058484, 40.398091128777295 ], [ -3.755948913408476, 40.397881546880889 ], [ -3.755536921658762, 40.397635495153672 ], [ -3.755151403509405, 40.397417287210473 ], [ -3.754791896600119, 40.397175035077353 ], [ -3.754505958888888, 40.396936266659367 ], [ -3.75418598333512, 40.396476905743057 ] ] ] } },
{ "type": "Feature", "properties": { "barrio": "Campamento", "distrito": "Latina", "area_km2": 9.175, "n_poi": 2, "diversidad_poi": 2, "n_restaurantes": 412, "pct_terrazas": 2.4, "accesibilidad_media": 8.2, "densidad_oferta": 45.1 }, "geometry": { "type": "Polygon", "coordinates": [ [ [ -3.806930350076416, 40.366452851875181 ], [ -3.810515235823148, 40.363716507235168 ], [ -3.810895160319172, 40.364596080409399 ], [ -3.811424943086721, 40.36562292908642 ], [ -3.811820978705567, 40.366375510908966 ], [ -3.812076293371466, 40.366979443141894 ], [ -3.812200925602077, 40.367335977101938 ], [ -3.812811192442134, 40.368732332131437 ], [ -3.81321159756535, 40.369603350969484 ], [ -3.81328946891714, 40.36983273213324 ], [ -3.813459843516743, 40.370043248937819 ], [ -3.814208413138307, 40.371013787331769 ], [ -3.814947746928536, 40.371912432076869 ], [ -3.815368998184967, 40.372496768695186 ], [ -3.816647789376918, 40.374009590793847 ], [ -3.81707145516992, 40.374480706724441 ], [ -3.817212278738914, 40.374619775634883 ], [ -3.817544318244379, 40.375001303307215 ], [ -3.817709187166294, 40.375165400862571 ], [ -3.817714952317924, 40.375185489056506 ], [ -3.817744190780528, 40.375198657164994 ], [ -3.817827134395931, 40.3752846423412 ], [ -3.81787786727165, 40.375343790233046 ], [ -3.818001275339228, 40.375461890196597 ], [ -3.818074527303915, 40.375575832212469 ], [ -3.818652108936817, 40.376216182226614 ], [ -3.819156655466721, 40.376782720952171 ], [ -3.819401308449603, 40.377059567740922 ], [ -3.819513667402496, 40.377157591055116 ], [ -3.820135163986263, 40.377819863762774 ], [ -3.820776512925558, 40.378509301284254 ], [ -3.821194254152089, 40.378942293873834 ], [ -3.821370710382828, 40.379164721210607 ], [ -3.821448564712603, 40.379224980247926 ], [ -3.821611704678931, 40.379366138272623 ], [ -3.821957833274571, 40.379676184760228 ], [ -3.822142056862656, 40.379810294819229 ], [ -3.822524851915374, 40.380213970386954 ], [ -3.822767484061881, 40.380488995354632 ], [ -3.822939356477242, 40.380712016794575 ], [ -3.823213688782673, 40.381065784980272 ], [ -3.823354947877623, 40.381299017449372 ], [ -3.823405917956785, 40.381358198978475 ], [ -3.823601670129344, 40.38172829065072 ], [ -3.823675094942728, 40.381862622420677 ], [ -3.823671516415795, 40.38193162484108 ], [ -3.823728854026863, 40.382136975123444 ], [ -3.828861806205843, 40.388328777195554 ], [ -3.828962528862884, 40.388449083552828 ], [ -3.829087835793787, 40.388610287580022 ], [ -3.829200242313753, 40.388757106443627 ], [ -3.829368139686928, 40.38897772477101 ], [ -3.829373375934191, 40.388986777337657 ], [ -3.829496950292498, 40.389150650094656 ], [ -3.829500801556125, 40.389159172047982 ], [ -3.829609016755137, 40.389296398004944 ], [ -3.829614960119833, 40.389306517562687 ], [ -3.829729805718689, 40.389453065234051 ], [ -3.829849531707059, 40.389604676878726 ], [ -3.829856162342536, 40.389612133823917 ], [ -3.829958787805098, 40.38974509233239 ], [ -3.830075737971002, 40.389898831771752 ], [ -3.830082719602806, 40.389908961868819 ], [ -3.83016998182027, 40.390016869118931 ], [ -3.830175213871048, 40.390025660415098 ], [ -3.830229679892448, 40.390098405653262 ], [ -3.830234921035115, 40.390108799589562 ], [ -3.830235626653208, 40.390117326985255 ], [ -3.830232500545846, 40.390128529649743 ], [ -3.830204980679257, 40.390152799394954 ], [ -3.830186872167217, 40.390170136675394 ], [ -3.830186180338419, 40.390175204723064 ], [ -3.830190112873718, 40.390184672017263 ], [ -3.830193100637114, 40.39018331092187 ], [ -3.830239077793243, 40.390242250385789 ], [ -3.830253672741696, 40.39026097808938 ], [ -3.830317183802008, 40.39034193223933 ], [ -3.830335193487821, 40.390364895786718 ], [ -3.830540100147686, 40.390629459325666 ], [ -3.830627194587134, 40.390741507071468 ], [ -3.830687939749483, 40.390819176361795 ], [ -3.830777122917933, 40.39093480359076 ], [ -3.830827166433841, 40.390999144243111 ], [ -3.830850892895936, 40.391029648637272 ], [ -3.830868142007885, 40.391051861704618 ], [ -3.83090640252451, 40.391034180412063 ], [ -3.830907312832971, 40.391033758554009 ], [ -3.830909303710678, 40.391036510022637 ], [ -3.830913830219662, 40.391034472984408 ], [ -3.831655088557087, 40.392041213844458 ], [ -3.83168201164014, 40.392075871658626 ], [ -3.831781058522883, 40.39221146773437 ], [ -3.831840170097186, 40.392290888689516 ], [ -3.831926546014387, 40.392408633391909 ], [ -3.832010842459459, 40.39252770740773 ], [ -3.832093756201799, 40.392646900318432 ], [ -3.832126875952675, 40.392699335105732 ], [ -3.832199093820328, 40.392808292265826 ], [ -3.832301716576547, 40.392968772118849 ], [ -3.832376934689997, 40.393093021122986 ], [ -3.832407984856988, 40.393145377028823 ], [ -3.832512322557034, 40.393327344398003 ], [ -3.832652135535565, 40.39359120058419 ], [ -3.83265759609554, 40.393589509906192 ], [ -3.832703536544273, 40.393653711685452 ], [ -3.832757401077292, 40.393748902407978 ], [ -3.832813867523726, 40.393866001450064 ], [ -3.832817140401502, 40.393873427447005 ], [ -3.832904991883604, 40.394073418627883 ], [ -3.832909726001927, 40.394085636811738 ], [ -3.832971452351395, 40.394245239434291 ], [ -3.833019017024329, 40.394360861946424 ], [ -3.833078983249889, 40.394501800557848 ], [ -3.83311788768007, 40.394602980876314 ], [ -3.833158443602974, 40.394698662779184 ], [ -3.833192368846022, 40.394787806843105 ], [ -3.833224811077417, 40.394868475074148 ], [ -3.833249551433108, 40.394934189750153 ], [ -3.833283573783861, 40.395022684432995 ], [ -3.833314059273137, 40.395094672120315 ], [ -3.833362261478728, 40.395223677297146 ], [ -3.833383614943886, 40.395275479378739 ], [ -3.833408876352194, 40.395340423591215 ], [ -3.833438386149788, 40.395412671427344 ], [ -3.83345967927721, 40.395463392844086 ], [ -3.833456344485191, 40.395473223211802 ], [ -3.834161949083855, 40.396058142675159 ], [ -3.833848264623231, 40.396142833361523 ], [ -3.833774147528015, 40.396152375964014 ], [ -3.833704655601344, 40.396154677946548 ], [ -3.833641021477628, 40.396154235846254 ], [ -3.833561991474104, 40.396147598380757 ], [ -3.833507748646343, 40.396144384894519 ], [ -3.833427486068795, 40.396133250806294 ], [ -3.833363707563934, 40.396121096954161 ], [ -3.83329636984892, 40.396107167812076 ], [ -3.833188830492048, 40.39608181478264 ], [ -3.83288145095274, 40.395999341709086 ], [ -3.832679465435272, 40.395959354025671 ], [ -3.832451636906976, 40.395925856566045 ], [ -3.832318332576174, 40.395913301758611 ], [ -3.832235769481849, 40.395906688817242 ], [ -3.832107322271012, 40.395905809645733 ], [ -3.831995479897401, 40.395913821685269 ], [ -3.831842489576122, 40.395929335973008 ], [ -3.831737795226274, 40.395943601759761 ], [ -3.831601388560995, 40.395966203661551 ], [ -3.831516790390145, 40.395985730131684 ], [ -3.831424009910316, 40.396010720794081 ], [ -3.831252599707695, 40.396061501969747 ], [ -3.830846266185909, 40.396172528985133 ], [ -3.830474756771252, 40.396240961114643 ], [ -3.82984213658033, 40.396348200631607 ], [ -3.829409279719401, 40.396410764187209 ], [ -3.829005658025854, 40.396455096657512 ], [ -3.827222662858212, 40.396439924852551 ], [ -3.827089533576724, 40.396441777215578 ], [ -3.826725705559098, 40.396464197201524 ], [ -3.826480843471738, 40.396483062147389 ], [ -3.826246608569894, 40.396503654243993 ], [ -3.826097172190608, 40.396520937344995 ], [ -3.825614715743435, 40.39657483022345 ], [ -3.825252140481983, 40.396603542051274 ], [ -3.825146100398347, 40.396604297930118 ], [ -3.824699277554336, 40.3965849586315 ], [ -3.824159264479582, 40.39655727374641 ], [ -3.823902267507323, 40.396547391723075 ], [ -3.823790293558319, 40.396544585026682 ], [ -3.823683118026499, 40.396548951266077 ], [ -3.823508839099081, 40.396558299859869 ], [ -3.823380467417284, 40.39656371678057 ], [ -3.823201409638823, 40.396567694422295 ], [ -3.823051939353148, 40.396582270219895 ], [ -3.822237778075987, 40.396684453933155 ], [ -3.820817201363798, 40.396627869438611 ], [ -3.820511985381513, 40.396625527592008 ], [ -3.820404634530461, 40.396615479384522 ], [ -3.819967269304443, 40.39650145982948 ], [ -3.819743950190572, 40.396450789074436 ], [ -3.819643582892412, 40.396433481619113 ], [ -3.819558618898858, 40.396423272127457 ], [ -3.819378198450073, 40.396411937246121 ], [ -3.81935177260885, 40.396273383569834 ], [ -3.818495259547373, 40.395992055235929 ], [ -3.818289333024532, 40.395917835047435 ], [ -3.814887953827138, 40.393998573435148 ], [ -3.812595135821164, 40.393322795013475 ], [ -3.810870852574357, 40.39279254000806 ], [ -3.807810369521436, 40.392353575090063 ], [ -3.804284652281913, 40.392024970010013 ], [ -3.800447958423297, 40.392098411284451 ], [ -3.796497376438014, 40.392206744195015 ], [ -3.793785848249645, 40.393580334112968 ], [ -3.789170592270225, 40.393887565265878 ], [ -3.78939521869464, 40.392337371702332 ], [ -3.786852751284376, 40.3927600892982 ], [ -3.781514515494733, 40.394125989686621 ], [ -3.780757249481689, 40.39528065760851 ], [ -3.780080406280092, 40.395748288327454 ], [ -3.779925424149363, 40.396000685381189 ], [ -3.779580650259351, 40.396757067792208 ], [ -3.779450836484884, 40.396944430240879 ], [ -3.779351766240908, 40.397038791233001 ], [ -3.779244197468552, 40.397111587698795 ], [ -3.779127360521709, 40.397197960988365 ], [ -3.77882718042971, 40.397326108154438 ], [ -3.778050682958604, 40.397635836176249 ], [ -3.778171270453592, 40.397977370278163 ], [ -3.777605675415634, 40.399105504321135 ], [ -3.775818471297583, 40.400063447779218 ], [ -3.774600529205479, 40.400313948631521 ], [ -3.774554343403906, 40.400314621095319 ], [ -3.773844923204785, 40.400301977429798 ], [ -3.773692923241613, 40.400282543183806 ], [ -3.770646965690225, 40.399534474259738 ], [ -3.769280807437307, 40.399622299879802 ], [ -3.767010634719774, 40.399236458969213 ], [ -3.765625293531884, 40.39927436751821 ], [ -3.765503396061972, 40.399103099958687 ], [ -3.764745460901935, 40.399300633354628 ], [ -3.764358797267938, 40.399401476102788 ], [ -3.764359614947621, 40.39940084006399 ], [ -3.76506125062972, 40.398893137977744 ], [ -3.765114431582459, 40.398854677804387 ], [ -3.766537328104531, 40.39775435578688 ], [ -3.767819231042467, 40.396766573769952 ], [ -3.768694721448584, 40.396091928370538 ], [ -3.770380984067212, 40.394786024680528 ], [ -3.771565116768913, 40.393841374109954 ], [ -3.771666510557004, 40.393764211512838 ], [ -3.77221529653362, 40.393346494338594 ], [ -3.773382467689577, 40.392458244933067 ], [ -3.777340476740362, 40.389445493674515 ], [ -3.780150445558089, 40.387306392409187 ], [ -3.783255669430095, 40.384876933820735 ], [ -3.787698454475596, 40.381673965791059 ], [ -3.78857581028142, 40.381040868418076 ], [ -3.792166226944839, 40.378235965307489 ], [ -3.796345928630392, 40.37499130573741 ], [ -3.800940045191102, 40.371483800334168 ], [ -3.806930350076416, 40.366452851875181 ] ] ] } },
{ "type": "Feature", "properties": { "barrio": "Cuatro Vientos", "distrito": "Latina", "area_km2": 5.43, "n_poi": 1, "diversidad_poi": 1, "n_restaurantes": 157, "pct_terrazas": 3.2, "accesibilidad_media": 1.8, "densidad_oferta": 29.1 }, "geometry": { "type": "Polygon", "coordinates": [ [ [ -3.771623710212708, 40.359824628948935 ], [ -3.772353638325377, 40.359766005554938 ], [ -3.77343115843381, 40.360544498654463 ], [ -3.776747455561775, 40.361274467409125 ], [ -3.780318136035369, 40.361864877313941 ], [ -3.780768597545486, 40.361682970369912 ], [ -3.780934278546785, 40.361625098884147 ], [ -3.781015285800835, 40.361601163321829 ], [ -3.781124489147946, 40.361582338219968 ], [ -3.781238132059592, 40.361575719187009 ], [ -3.781352886155177, 40.361555994202227 ], [ -3.781451425611056, 40.361529369586286 ], [ -3.781551342392192, 40.361489339044518 ], [ -3.781630368506296, 40.361453692896006 ], [ -3.781701953330681, 40.361416081654674 ], [ -3.781855242661736, 40.361347664569962 ], [ -3.78199663623557, 40.361278803388707 ], [ -3.782493363861674, 40.361052034080274 ], [ -3.782932435244792, 40.360832380970841 ], [ -3.783393003596045, 40.360606679617966 ], [ -3.783817922208151, 40.360407132732824 ], [ -3.784077687387637, 40.36028047510711 ], [ -3.78445921954606, 40.360094705728713 ], [ -3.784709754471978, 40.359953272199263 ], [ -3.784868094886734, 40.359892606118336 ], [ -3.785142540523524, 40.359778710568278 ], [ -3.785592904527281, 40.359586151153408 ], [ -3.78601766511499, 40.359402702831687 ], [ -3.78667767148932, 40.35910637978067 ], [ -3.786874286698878, 40.359017672828877 ], [ -3.787080558002506, 40.358918197012628 ], [ -3.787219619643314, 40.358861051743332 ], [ -3.787391705247536, 40.358794866067214 ], [ -3.787506497560946, 40.358756618312334 ], [ -3.787764551297434, 40.35869592961641 ], [ -3.787841421953702, 40.358706041233262 ], [ -3.787908658710303, 40.35872703566347 ], [ -3.788044691484088, 40.358769014682252 ], [ -3.788418698710764, 40.358910677940194 ], [ -3.788912953502527, 40.359076547068739 ], [ -3.789554609934237, 40.359323644743256 ], [ -3.789970908565819, 40.359484082884052 ], [ -3.790351335307215, 40.359641188954818 ], [ -3.790838354506817, 40.359853581709572 ], [ -3.791157778165614, 40.359989648866311 ], [ -3.791469356285461, 40.360121002111107 ], [ -3.79161291384246, 40.36019591583581 ], [ -3.791840680362082, 40.360298427006406 ], [ -3.791984871198553, 40.360371333206146 ], [ -3.792143124890245, 40.360447718614232 ], [ -3.792309237452622, 40.360530008582245 ], [ -3.792412658788644, 40.360580549171715 ], [ -3.792519264843531, 40.360637025561225 ], [ -3.792644734492173, 40.360707676312458 ], [ -3.792785825032318, 40.360781794656198 ], [ -3.793006926329832, 40.36090303767331 ], [ -3.793220085937235, 40.361011223792829 ], [ -3.793414425643719, 40.361108812397994 ], [ -3.793571110677338, 40.36118401469129 ], [ -3.79375124821625, 40.361268264909206 ], [ -3.794025779700178, 40.361391454573535 ], [ -3.794273990993685, 40.361494865594452 ], [ -3.794698571643472, 40.36165694143795 ], [ -3.795030487680838, 40.361778402818551 ], [ -3.795157909288742, 40.361816112754298 ], [ -3.795416135505999, 40.361883526875978 ], [ -3.795670743869297, 40.361938990419368 ], [ -3.795831133691659, 40.361969819567214 ], [ -3.796048967724409, 40.362004246834509 ], [ -3.796500610874271, 40.362121695986147 ], [ -3.796726748979602, 40.362169943292749 ], [ -3.796868884601042, 40.362199951697399 ], [ -3.796968031401964, 40.362217741646525 ], [ -3.797135080419418, 40.36224638613335 ], [ -3.797314586768112, 40.362274348994191 ], [ -3.797512661990574, 40.362311543076032 ], [ -3.797842234417784, 40.36236128930814 ], [ -3.798184882657456, 40.362416728192414 ], [ -3.798510629943875, 40.362471295357722 ], [ -3.798749121817921, 40.362503591089343 ], [ -3.799002425131981, 40.362524604614876 ], [ -3.799261651208042, 40.362561249772952 ], [ -3.799612481391753, 40.362623294601988 ], [ -3.799881539689838, 40.362674359711171 ], [ -3.800204046913721, 40.362741948231175 ], [ -3.800486644575304, 40.362810155343574 ], [ -3.800823637495363, 40.362890023060352 ], [ -3.801121951837029, 40.362951124221965 ], [ -3.801364069009845, 40.363003078807743 ], [ -3.801540472347303, 40.363047562153938 ], [ -3.801842085228615, 40.363108222370784 ], [ -3.802053876985064, 40.363157952406738 ], [ -3.802536520750786, 40.363255477143873 ], [ -3.80267898474861, 40.36328654909201 ], [ -3.802857845900225, 40.363331578233108 ], [ -3.802900156591457, 40.363353585600407 ], [ -3.803012216136413, 40.363436486705886 ], [ -3.803094575154349, 40.363498352318231 ], [ -3.803163401294486, 40.363554518109211 ], [ -3.803249624581498, 40.363624299186618 ], [ -3.80332483712463, 40.363685351197276 ], [ -3.803396019792344, 40.363743949148684 ], [ -3.803461967006355, 40.363805886161046 ], [ -3.803552649384532, 40.363886925319314 ], [ -3.803629377950542, 40.363956180181319 ], [ -3.803740569353115, 40.364050016427768 ], [ -3.803847677849944, 40.364142772826447 ], [ -3.803940554566773, 40.364229991971818 ], [ -3.804093108521957, 40.364369064157977 ], [ -3.804210596228372, 40.364461392187373 ], [ -3.806930350076416, 40.366452851875181 ], [ -3.800940045191102, 40.371483800334168 ], [ -3.796345928630392, 40.37499130573741 ], [ -3.792166226944839, 40.378235965307489 ], [ -3.78857581028142, 40.381040868418076 ], [ -3.787698454475596, 40.381673965791059 ], [ -3.785306673339978, 40.380500200974673 ], [ -3.785287589472108, 40.380479970972992 ], [ -3.784967247564453, 40.3801419588928 ], [ -3.784520758835256, 40.379592006579308 ], [ -3.784250946474832, 40.378896710125538 ], [ -3.783767432794379, 40.377874387944608 ], [ -3.783346516032034, 40.377312905161276 ], [ -3.782640154635204, 40.376361816638465 ], [ -3.782533760890526, 40.376247760084574 ], [ -3.782382271129934, 40.376114998483231 ], [ -3.782270991443549, 40.376016380262172 ], [ -3.782145262433224, 40.37594155263892 ], [ -3.781999077207317, 40.375849836950664 ], [ -3.781798014493122, 40.375759392097017 ], [ -3.781448690319056, 40.375662559618817 ], [ -3.780973077477388, 40.375564687121688 ], [ -3.780574766112964, 40.375499715496829 ], [ -3.780165972337235, 40.375434811414486 ], [ -3.779315956151193, 40.375301706609797 ], [ -3.778011225211041, 40.375094533410916 ], [ -3.776854638301937, 40.374913739772815 ], [ -3.776219625842022, 40.374812863389067 ], [ -3.775280385869688, 40.374663569023568 ], [ -3.773280539176301, 40.374350003985192 ], [ -3.770081552782344, 40.373848438224023 ], [ -3.769322553581528, 40.373729339395254 ], [ -3.768124232115664, 40.373541347546208 ], [ -3.768123977198683, 40.373541305094889 ], [ -3.765642048856535, 40.373130306989133 ], [ -3.762247460196567, 40.372622972035671 ], [ -3.762587338058914, 40.370863296078952 ], [ -3.762942971837991, 40.369021951742411 ], [ -3.762909454230147, 40.368785954344617 ], [ -3.762159186261534, 40.367489618230913 ], [ -3.761805640771082, 40.366895991243695 ], [ -3.763682718878487, 40.365777934113304 ], [ -3.766720139625964, 40.364092971736589 ], [ -3.768960945050666, 40.362048171904689 ], [ -3.770524754004094, 40.360620998775723 ], [ -3.770744499208571, 40.36054728238144 ], [ -3.771623710212708, 40.359824628948935 ] ] ] } },
{ "type": "Feature", "properties": { "barrio": "Águilas", "distrito": "Latina", "area_km2": 3.61, "n_poi": 25, "diversidad_poi": 7, "n_restaurantes": 1055, "pct_terrazas": 6.7, "accesibilidad_media": 4.6, "densidad_oferta": 299.2 }, "geometry": { "type": "Polygon", "coordinates": [ [ [ -3.770090130333705, 40.392598661467517 ], [ -3.767507646951748, 40.390389843354654 ], [ -3.76729213153665, 40.390533615016778 ], [ -3.76271007644115, 40.386421419660323 ], [ -3.761780788793299, 40.385587348614749 ], [ -3.759306070409519, 40.383630073915711 ], [ -3.75885284462734, 40.383229888403172 ], [ -3.758366047525219, 40.382819020260797 ], [ -3.757876864084346, 40.382205100148852 ], [ -3.757435498328385, 40.381462846566798 ], [ -3.756833618776859, 40.380450645972338 ], [ -3.756400909771784, 40.379595447700893 ], [ -3.755950211717121, 40.378552343867646 ], [ -3.756771545394477, 40.377995621243834 ], [ -3.757241859978629, 40.377473892133395 ], [ -3.75742239076285, 40.377173969454127 ], [ -3.757581871447814, 40.376908959459151 ], [ -3.757750767225674, 40.376538119963769 ], [ -3.757813739902518, 40.376312660320359 ], [ -3.757861991989042, 40.376140180451024 ], [ -3.757910763906322, 40.375919498531346 ], [ -3.75793050274859, 40.375830719738765 ], [ -3.757877187587646, 40.375540254898439 ], [ -3.75889029013673, 40.375229741593529 ], [ -3.760015960919925, 40.374884695578359 ], [ -3.761845332620579, 40.374435548980763 ], [ -3.762247460196567, 40.372622972035671 ], [ -3.765642048856535, 40.373130306989133 ], [ -3.768123977198683, 40.373541305094889 ], [ -3.768124232115664, 40.373541347546208 ], [ -3.769322553581528, 40.373729339395254 ], [ -3.770081552782344, 40.373848438224023 ], [ -3.773280539176301, 40.374350003985192 ], [ -3.775280385869688, 40.374663569023568 ], [ -3.776219625842022, 40.374812863389067 ], [ -3.776854638301937, 40.374913739772815 ], [ -3.778011225211041, 40.375094533410916 ], [ -3.779315956151193, 40.375301706609797 ], [ -3.780165972337235, 40.375434811414486 ], [ -3.780574766112964, 40.375499715496829 ], [ -3.780973077477388, 40.375564687121688 ], [ -3.781448690319056, 40.375662559618817 ], [ -3.781798014493122, 40.375759392097017 ], [ -3.781999077207317, 40.375849836950664 ], [ -3.782145262433224, 40.37594155263892 ], [ -3.782270991443549, 40.376016380262172 ], [ -3.782382271129934, 40.376114998483231 ], [ -3.782533760890526, 40.376247760084574 ], [ -3.782640154635204, 40.376361816638465 ], [ -3.783346516032034, 40.377312905161276 ], [ -3.783767432794379, 40.377874387944608 ], [ -3.784250946474832, 40.378896710125538 ], [ -3.784520758835256, 40.379592006579308 ], [ -3.784967247564453, 40.3801419588928 ], [ -3.785287589472108, 40.380479970972992 ], [ -3.785306673339978, 40.380500200974673 ], [ -3.787698454475596, 40.381673965791059 ], [ -3.783255669430095, 40.384876933820735 ], [ -3.780150445558089, 40.387306392409187 ], [ -3.777340476740362, 40.389445493674515 ], [ -3.773382467689577, 40.392458244933067 ], [ -3.77221529653362, 40.393346494338594 ], [ -3.771666510557004, 40.393764211512838 ], [ -3.771565116768913, 40.393841374109954 ], [ -3.77057911182625, 40.393012528622464 ], [ -3.770282886351316, 40.392763506394203 ], [ -3.770090130333705, 40.392598661467517 ] ] ] } },
{ "type": "Feature", "properties": { "barrio": "Comillas", "distrito": "Carabanchel", "area_km2": 0.666, "n_poi": 7, "diversidad_poi": 3, "n_restaurantes": 888, "pct_terrazas": 4.7, "accesibilidad_media": 1.5, "densidad_oferta": 1343.8 }, "geometry": { "type": "Polygon", "coordinates": [ [ [ -3.716870726736246, 40.38592067444764 ], [ -3.717555637591822, 40.385280838074976 ], [ -3.717408859416848, 40.385693914480207 ], [ -3.717062673172488, 40.386668322201338 ], [ -3.716676089710501, 40.3877564034836 ], [ -3.716529875671259, 40.388167673311266 ], [ -3.716436914928976, 40.388334466875691 ], [ -3.716206511745455, 40.389084729031246 ], [ -3.716203891749096, 40.38909321469599 ], [ -3.716184988377823, 40.389155043081317 ], [ -3.716179093072582, 40.389173440101267 ], [ -3.715923349016389, 40.389971446307513 ], [ -3.715808725558738, 40.390329365028776 ], [ -3.715610360836809, 40.390979787933574 ], [ -3.715354110627778, 40.391805704118909 ], [ -3.715278206560027, 40.392015004980067 ], [ -3.715222570870839, 40.392647967369513 ], [ -3.715233675120897, 40.392962585700722 ], [ -3.715233691333964, 40.392964118044183 ], [ -3.715574157790301, 40.3941615743691 ], [ -3.715622944955554, 40.394340283630974 ], [ -3.715616187652372, 40.394447713603114 ], [ -3.715298160475119, 40.39527157906916 ], [ -3.715101428832537, 40.39600027842117 ], [ -3.715801156794152, 40.397717950507037 ], [ -3.714899239190435, 40.399667957225994 ], [ -3.714053408842495, 40.3993461483389 ], [ -3.713447525866045, 40.398959250737107 ], [ -3.713184007248805, 40.398743846177133 ], [ -3.712737202489424, 40.398355964397773 ], [ -3.712164564374079, 40.397890747314584 ], [ -3.711386617335389, 40.397331291808804 ], [ -3.710804236648572, 40.397013606291445 ], [ -3.710294369104447, 40.396800698346105 ], [ -3.709698106227342, 40.396551651516866 ], [ -3.708785669849801, 40.396276969642685 ], [ -3.708228801313978, 40.396109296804923 ], [ -3.707343988055145, 40.395894795102286 ], [ -3.704640740335097, 40.395233981686275 ], [ -3.706299972160626, 40.393264389849342 ], [ -3.706776984282558, 40.392750122605953 ], [ -3.707229444061137, 40.392288615657506 ], [ -3.707535562288864, 40.392018813854094 ], [ -3.707937115031589, 40.391703922138944 ], [ -3.708132805023034, 40.391578400398657 ], [ -3.708279367300907, 40.39148732186829 ], [ -3.708450344135668, 40.39139852692503 ], [ -3.708688405031749, 40.391280131183827 ], [ -3.708778190481288, 40.391235437280244 ], [ -3.708794834611109, 40.391227136994665 ], [ -3.709006550089994, 40.391135839234678 ], [ -3.70910542878407, 40.391093160508426 ], [ -3.709483535216706, 40.390947958979297 ], [ -3.709484356153656, 40.390947593579071 ], [ -3.710248441936562, 40.39064452573642 ], [ -3.71188347692287, 40.38999528428873 ], [ -3.712009026896667, 40.389945863149123 ], [ -3.712878710924573, 40.389524829420125 ], [ -3.71301237139282, 40.389429050510081 ], [ -3.713356645969927, 40.389183412577161 ], [ -3.713683076896987, 40.388910586226558 ], [ -3.713684845857912, 40.388908956376603 ], [ -3.71389742790753, 40.388713136250757 ], [ -3.714231820334692, 40.388402512030957 ], [ -3.714596111935177, 40.388045034116324 ], [ -3.715022880219251, 40.38764644767766 ], [ -3.715428645880532, 40.387267450115651 ], [ -3.716391362241658, 40.3863684219723 ], [ -3.716870726736246, 40.38592067444764 ] ] ] } },
{ "type": "Feature", "properties": { "barrio": "Opañel", "distrito": "Carabanchel", "area_km2": 1.107, "n_poi": 5, "diversidad_poi": 2, "n_restaurantes": 1383, "pct_terrazas": 4.1, "accesibilidad_media": 6.5, "densidad_oferta": 1253.8 }, "geometry": { "type": "Polygon", "coordinates": [ [ [ -3.717555637591822, 40.385280838074976 ], [ -3.721137515004357, 40.385234520693167 ], [ -3.721822779024734, 40.385239978593596 ], [ -3.721943236881479, 40.385244903234991 ], [ -3.72230708950442, 40.385260020383321 ], [ -3.722755906265645, 40.385299020890557 ], [ -3.723129120161757, 40.385352185368227 ], [ -3.723610653748582, 40.385420888115597 ], [ -3.725047675183242, 40.385633788641783 ], [ -3.726014257161547, 40.385768541419786 ], [ -3.726889722422579, 40.385964489128014 ], [ -3.727698806272997, 40.386264813653966 ], [ -3.729612236726509, 40.3870833144681 ], [ -3.732234713171429, 40.388214420584468 ], [ -3.731772679440485, 40.388524192785312 ], [ -3.730088988618122, 40.389622135582272 ], [ -3.728675984693251, 40.390543483090688 ], [ -3.727516061204758, 40.391281598332391 ], [ -3.726702391462153, 40.391799328392274 ], [ -3.724697126874874, 40.392888309307956 ], [ -3.724021546079037, 40.393255243966657 ], [ -3.722700834714355, 40.39398494712141 ], [ -3.721432551576363, 40.394705659364064 ], [ -3.720938886513587, 40.394986035752005 ], [ -3.720417169204278, 40.395266134354458 ], [ -3.718331076011616, 40.396385777842987 ], [ -3.717921993389484, 40.396611020881572 ], [ -3.717215227591168, 40.396999910377552 ], [ -3.716786848473228, 40.39721743119398 ], [ -3.715801156794152, 40.397717950507037 ], [ -3.715101428832537, 40.39600027842117 ], [ -3.715298160475119, 40.39527157906916 ], [ -3.715616187652372, 40.394447713603114 ], [ -3.715622944955554, 40.394340283630974 ], [ -3.715574157790301, 40.3941615743691 ], [ -3.715233691333964, 40.392964118044183 ], [ -3.715233675120897, 40.392962585700722 ], [ -3.715222570870839, 40.392647967369513 ], [ -3.715278206560027, 40.392015004980067 ], [ -3.715354110627778, 40.391805704118909 ], [ -3.715610360836809, 40.390979787933574 ], [ -3.715808725558738, 40.390329365028776 ], [ -3.715923349016389, 40.389971446307513 ], [ -3.716179093072582, 40.389173440101267 ], [ -3.716184988377823, 40.389155043081317 ], [ -3.716203891749096, 40.38909321469599 ], [ -3.716206511745455, 40.389084729031246 ], [ -3.716436914928976, 40.388334466875691 ], [ -3.716529875671259, 40.388167673311266 ], [ -3.716676089710501, 40.3877564034836 ], [ -3.717062673172488, 40.386668322201338 ], [ -3.717408859416848, 40.385693914480207 ], [ -3.717555637591822, 40.385280838074976 ] ] ] } },
{ "type": "Feature", "properties": { "barrio": "San Isidro", "distrito": "Carabanchel", "area_km2": 1.899, "n_poi": 12, "diversidad_poi": 3, "n_restaurantes": 1248, "pct_terrazas": 2.7, "accesibilidad_media": 4.8, "densidad_oferta": 663.5 }, "geometry": { "type": "Polygon", "coordinates": [ [ [ -3.719316211507032, 40.399835095402224 ], [ -3.719007300692487, 40.399830077946561 ], [ -3.71896326402902, 40.399833413953885 ], [ -3.717309893328182, 40.399958629373053 ], [ -3.717073861207174, 40.399980902532114 ], [ -3.716774244578055, 40.399996723401564 ], [ -3.716419776436615, 40.399984953464802 ], [ -3.715901289004857, 40.39991879233245 ], [ -3.714899239190435, 40.399667957225994 ], [ -3.715801156794152, 40.397717950507037 ], [ -3.716786848473228, 40.39721743119398 ], [ -3.717215227591168, 40.396999910377552 ], [ -3.717921993389484, 40.396611020881572 ], [ -3.718331076011616, 40.396385777842987 ], [ -3.720417169204278, 40.395266134354458 ], [ -3.720938886513587, 40.394986035752005 ], [ -3.721432551576363, 40.394705659364064 ], [ -3.722700834714355, 40.39398494712141 ], [ -3.724021546079037, 40.393255243966657 ], [ -3.724697126874874, 40.392888309307956 ], [ -3.726702391462153, 40.391799328392274 ], [ -3.727516061204758, 40.391281598332391 ], [ -3.728675984693251, 40.390543483090688 ], [ -3.730088988618122, 40.389622135582272 ], [ -3.731772679440485, 40.388524192785312 ], [ -3.734965839696464, 40.389880729686901 ], [ -3.736100659645349, 40.390472442461153 ], [ -3.737367697550193, 40.39109645521431 ], [ -3.738531709564649, 40.391681741486444 ], [ -3.740237745926453, 40.392525714812606 ], [ -3.740878622958961, 40.39300099091502 ], [ -3.740839945499224, 40.393030518193697 ], [ -3.739761092290022, 40.393857335071345 ], [ -3.739164580997114, 40.394293673253735 ], [ -3.739150203157973, 40.394304215679298 ], [ -3.738978133133454, 40.394430091045592 ], [ -3.738706238278833, 40.394715613034556 ], [ -3.738630866318206, 40.394794742765058 ], [ -3.738565597846824, 40.394892818840809 ], [ -3.738431235511382, 40.395094578225347 ], [ -3.738321102003318, 40.395259968107268 ], [ -3.737865031512159, 40.395945315930092 ], [ -3.737594842967396, 40.396226319838 ], [ -3.737508742107537, 40.396315967776175 ], [ -3.737113533219702, 40.396726957852145 ], [ -3.734763838637051, 40.398540744202002 ], [ -3.734114659347516, 40.399027752380221 ], [ -3.73350638114929, 40.399484045013971 ], [ -3.732125217962047, 40.400520006927799 ], [ -3.73090287249613, 40.401436930687616 ], [ -3.730313778581273, 40.401884076113845 ], [ -3.730308752544825, 40.401887891663129 ], [ -3.72959236094139, 40.402431603632358 ], [ -3.72861801066518, 40.402889186968302 ], [ -3.728327004418343, 40.403190930965678 ], [ -3.728326538892811, 40.4031914744414 ], [ -3.728156735320933, 40.403367589868019 ], [ -3.72779076587843, 40.403690524491275 ], [ -3.727587059089606, 40.403870184919185 ], [ -3.72707680209894, 40.404134835648513 ], [ -3.726818945620447, 40.404342312829201 ], [ -3.726630019245859, 40.404494220854104 ], [ -3.726338287976688, 40.404828757313041 ], [ -3.72618652666071, 40.404951962523171 ], [ -3.725999016318793, 40.405104221878148 ], [ -3.725656616109413, 40.405319073248045 ], [ -3.725520472675541, 40.405404341536837 ], [ -3.725179798114376, 40.405494765641613 ], [ -3.725071214978667, 40.405523554861425 ], [ -3.724650872037129, 40.405492943052536 ], [ -3.72477138791579, 40.405038221467962 ], [ -3.72476372868778, 40.40454367059872 ], [ -3.723600180797729, 40.404550951896816 ], [ -3.722720742513611, 40.404545365734997 ], [ -3.722657590468341, 40.404182873896765 ], [ -3.722579204500176, 40.403785174314763 ], [ -3.722397786078792, 40.402566285141887 ], [ -3.722251581166425, 40.402073679555954 ], [ -3.72221881905367, 40.401963162860007 ], [ -3.721948708478693, 40.401332770454729 ], [ -3.721835398642669, 40.401150231791554 ], [ -3.721708181128468, 40.400945348157833 ], [ -3.72113131581165, 40.400511372732417 ], [ -3.720354569939989, 40.400085575885122 ], [ -3.719989696620786, 40.399948926014787 ], [ -3.719734706717527, 40.399895016784093 ], [ -3.719316211507032, 40.399835095402224 ] ] ] } },
{ "type": "Feature", "properties": { "barrio": "Vista Alegre", "distrito": "Carabanchel", "area_km2": 1.589, "n_poi": 8, "diversidad_poi": 6, "n_restaurantes": 2323, "pct_terrazas": 4.3, "accesibilidad_media": 8.4, "densidad_oferta": 1467.0 }, "geometry": { "type": "Polygon", "coordinates": [ [ [ -3.739477510185558, 40.384643921910659 ], [ -3.740998628387089, 40.383582022138903 ], [ -3.741814398881832, 40.382963189571299 ], [ -3.741372658861295, 40.38236484279205 ], [ -3.741942511557685, 40.382215605686604 ], [ -3.742556023904965, 40.382073112512629 ], [ -3.742724019790198, 40.382019512469228 ], [ -3.742891778688342, 40.38194447118493 ], [ -3.743166725504649, 40.381803515982206 ], [ -3.743569019145264, 40.381565885587698 ], [ -3.743736774874052, 40.38145850048592 ], [ -3.744030130763771, 40.381192109367539 ], [ -3.744520619002106, 40.380886881479825 ], [ -3.745250402177887, 40.38054236332092 ], [ -3.745819340189556, 40.380322931343891 ], [ -3.746559568065758, 40.379655360940625 ], [ -3.747090642345394, 40.379176435190864 ], [ -3.748450066583795, 40.377927822213195 ], [ -3.748576711836126, 40.377811506863381 ], [ -3.748601389015322, 40.37778459102757 ], [ -3.748616636430789, 40.377767915600295 ], [ -3.749476090008616, 40.376978832699741 ], [ -3.749530010564641, 40.376912177231489 ], [ -3.749709429506506, 40.376732274759028 ], [ -3.749929875642894, 40.376396069423109 ], [ -3.749994792977498, 40.376365107604713 ], [ -3.750301678213301, 40.376218252527067 ], [ -3.750633901938265, 40.375870690720923 ], [ -3.750791381658552, 40.375826876130688 ], [ -3.752053291911253, 40.376352925341578 ], [ -3.753265132255584, 40.376876764296213 ], [ -3.753201379898842, 40.376980513786151 ], [ -3.753402110549557, 40.377023082256102 ], [ -3.75350601883432, 40.377045109046918 ], [ -3.753539789521071, 40.377052276446847 ], [ -3.753865211059238, 40.377174123218346 ], [ -3.754267200463695, 40.377369795545995 ], [ -3.75485384270087, 40.377655163853262 ], [ -3.754943156747239, 40.377709897501944 ], [ -3.755147639961997, 40.37783505174589 ], [ -3.75550454092811, 40.378095969659725 ], [ -3.755528652228078, 40.378113650120966 ], [ -3.75594604160889, 40.378548137759296 ], [ -3.755950211717121, 40.378552343867646 ], [ -3.756400909771784, 40.379595447700893 ], [ -3.756833618776859, 40.380450645972338 ], [ -3.757435498328385, 40.381462846566798 ], [ -3.757876864084346, 40.382205100148852 ], [ -3.758366047525219, 40.382819020260797 ], [ -3.75885284462734, 40.383229888403172 ], [ -3.759306070409519, 40.383630073915711 ], [ -3.758649811530689, 40.384108795551718 ], [ -3.755631995611397, 40.383647624406393 ], [ -3.754782784814378, 40.383591902459095 ], [ -3.753589528355525, 40.383532378098316 ], [ -3.75303741073678, 40.383548222699424 ], [ -3.751707528129881, 40.384106959741452 ], [ -3.751587450788841, 40.384157469460561 ], [ -3.749546694880794, 40.385325484565065 ], [ -3.749516034377845, 40.385344151006365 ], [ -3.746868309044499, 40.386947041039853 ], [ -3.746184589503101, 40.387361003083242 ], [ -3.745351991150669, 40.387865018746567 ], [ -3.745132479007627, 40.387916973466915 ], [ -3.744898629505919, 40.387972172405888 ], [ -3.744735639811206, 40.388010697291449 ], [ -3.744432376238503, 40.388653015866964 ], [ -3.743814436008555, 40.389962045667971 ], [ -3.743570970247316, 40.390407848787994 ], [ -3.743274427272809, 40.390752369350373 ], [ -3.742847687807879, 40.391354483196842 ], [ -3.742249702743286, 40.391899494410566 ], [ -3.740878622958961, 40.39300099091502 ], [ -3.740237745926453, 40.392525714812606 ], [ -3.738531709564649, 40.391681741486444 ], [ -3.737367697550193, 40.39109645521431 ], [ -3.736100659645349, 40.390472442461153 ], [ -3.734965839696464, 40.389880729686901 ], [ -3.731772679440485, 40.388524192785312 ], [ -3.732234713171429, 40.388214420584468 ], [ -3.733554356488163, 40.387329658059784 ], [ -3.733715321264342, 40.387223411698287 ], [ -3.734509617337566, 40.386699629935627 ], [ -3.734868157134928, 40.386463117696628 ], [ -3.73576530411408, 40.385875700149178 ], [ -3.736582994902498, 40.385382747379509 ], [ -3.736972616335642, 40.385275401001437 ], [ -3.739477510185558, 40.384643921910659 ] ] ] } },
{ "type": "Feature", "properties": { "barrio": "Puerta Bonita", "distrito": "Carabanchel", "area_km2": 1.609, "n_poi": 6, "diversidad_poi": 2, "n_restaurantes": 967, "pct_terrazas": 2.8, "accesibilidad_media": 5.7, "densidad_oferta": 604.7 }, "geometry": { "type": "Polygon", "coordinates": [ [ [ -3.735758520569278, 40.374757344553096 ], [ -3.736432445189005, 40.373870616471009 ], [ -3.736442200979152, 40.373857852417125 ], [ -3.736703511036419, 40.373861774582615 ], [ -3.736802001930603, 40.373863220099466 ], [ -3.737331364303608, 40.373841200012983 ], [ -3.73756131162432, 40.373831627274242 ], [ -3.738307197808237, 40.37380056562035 ], [ -3.738389734362204, 40.373797245828399 ], [ -3.738730599642299, 40.373783629127487 ], [ -3.739194455091504, 40.373771298324776 ], [ -3.739649995525054, 40.373731090643389 ], [ -3.740479139341295, 40.373622906017587 ], [ -3.740608632140018, 40.373592498118853 ], [ -3.74074772391342, 40.37355983577568 ], [ -3.741295111426579, 40.373431015282641 ], [ -3.741446384362313, 40.373401217287743 ], [ -3.742046538820394, 40.373282955921603 ], [ -3.742662872310703, 40.37313657105274 ], [ -3.743368610611737, 40.372968977401378 ], [ -3.743922989971844, 40.372844874356211 ], [ -3.744321494230575, 40.372867718494348 ], [ -3.744576067339855, 40.372891397061387 ], [ -3.744703413346319, 40.372903280797161 ], [ -3.74478498358638, 40.372908612299646 ], [ -3.744969107611619, 40.372920760695642 ], [ -3.745591262282777, 40.372929458473806 ], [ -3.7466526595075, 40.372884419982498 ], [ -3.746777158492892, 40.372905238820316 ], [ -3.747018015988524, 40.37294548722258 ], [ -3.747158259021213, 40.373005303422822 ], [ -3.747735098663743, 40.37325176218237 ], [ -3.748242900458951, 40.373390285347668 ], [ -3.74891658553092, 40.373574038862557 ], [ -3.748991873072606, 40.373607606545932 ], [ -3.749183171230922, 40.373692946593877 ], [ -3.749442049619663, 40.373849831038079 ], [ -3.749525998001607, 40.373899558610937 ], [ -3.749642675972871, 40.373969074148341 ], [ -3.749645905121954, 40.37397346767149 ], [ -3.74965116758777, 40.373980640832599 ], [ -3.749755094000553, 40.374121951297866 ], [ -3.749777338804892, 40.374152167718393 ], [ -3.750366125178038, 40.374135650471082 ], [ -3.750358090967064, 40.374154711788101 ], [ -3.750310378559447, 40.374271148570948 ], [ -3.750277350226756, 40.374351994239554 ], [ -3.750267034102269, 40.374388457903173 ], [ -3.750221578756095, 40.374549114645824 ], [ -3.750193292108596, 40.374696506717093 ], [ -3.750190070912133, 40.374714185434108 ], [ -3.750257579180045, 40.374821497119541 ], [ -3.750333366481602, 40.374921276598648 ], [ -3.750771116415806, 40.375497093904968 ], [ -3.750791381658552, 40.375826876130688 ], [ -3.750633901938265, 40.375870690720923 ], [ -3.750301678213301, 40.376218252527067 ], [ -3.749994792977498, 40.376365107604713 ], [ -3.749929875642894, 40.376396069423109 ], [ -3.749709429506506, 40.376732274759028 ], [ -3.749530010564641, 40.376912177231489 ], [ -3.749476090008616, 40.376978832699741 ], [ -3.748616636430789, 40.377767915600295 ], [ -3.748601389015322, 40.37778459102757 ], [ -3.748576711836126, 40.377811506863381 ], [ -3.748450066583795, 40.377927822213195 ], [ -3.747090642345394, 40.379176435190864 ], [ -3.746559568065758, 40.379655360940625 ], [ -3.745819340189556, 40.380322931343891 ], [ -3.745250402177887, 40.38054236332092 ], [ -3.744520619002106, 40.380886881479825 ], [ -3.744030130763771, 40.381192109367539 ], [ -3.743736774874052, 40.38145850048592 ], [ -3.743569019145264, 40.381565885587698 ], [ -3.743166725504649, 40.381803515982206 ], [ -3.742891778688342, 40.38194447118493 ], [ -3.742724019790198, 40.382019512469228 ], [ -3.742556023904965, 40.382073112512629 ], [ -3.741942511557685, 40.382215605686604 ], [ -3.741372658861295, 40.38236484279205 ], [ -3.741814398881832, 40.382963189571299 ], [ -3.740998628387089, 40.383582022138903 ], [ -3.739477510185558, 40.384643921910659 ], [ -3.736972616335642, 40.385275401001437 ], [ -3.736582994902498, 40.385382747379509 ], [ -3.73576530411408, 40.385875700149178 ], [ -3.734868157134928, 40.386463117696628 ], [ -3.734509617337566, 40.386699629935627 ], [ -3.733715321264342, 40.387223411698287 ], [ -3.733554356488163, 40.387329658059784 ], [ -3.732234713171429, 40.388214420584468 ], [ -3.729612236726509, 40.3870833144681 ], [ -3.727698806272997, 40.386264813653966 ], [ -3.727935289393179, 40.385620887561387 ], [ -3.728144487600667, 40.385288487560317 ], [ -3.728267273091188, 40.38509347849665 ], [ -3.728558499609905, 40.384676686517786 ], [ -3.728710628964939, 40.384449870200626 ], [ -3.729271481270435, 40.383613806783679 ], [ -3.729587322192346, 40.383142712298081 ], [ -3.729787214193211, 40.382844692556738 ], [ -3.730310787849562, 40.382224626833576 ], [ -3.730369415362977, 40.382155337941057 ], [ -3.731294946397277, 40.381056238486117 ], [ -3.732305343349537, 40.379757224731129 ], [ -3.732693993017573, 40.379257732268854 ], [ -3.735220555288852, 40.378447017989856 ], [ -3.737161746298394, 40.377823944469128 ], [ -3.73439637122884, 40.375890601289541 ], [ -3.735758520569278, 40.374757344553096 ] ] ] } },
{ "type": "Feature", "properties": { "barrio": "Buenavista", "distrito": "Carabanchel", "area_km2": 5.613, "n_poi": 18, "diversidad_poi": 4, "n_restaurantes": 1625, "pct_terrazas": 4.9, "accesibilidad_media": 3.8, "densidad_oferta": 292.7 }, "geometry": { "type": "Polygon", "coordinates": [ [ [ -3.720891409751191, 40.365547799846055 ], [ -3.723459954467472, 40.365372135125398 ], [ -3.727114805439762, 40.364542198105106 ], [ -3.730557022493318, 40.363344835145014 ], [ -3.734126558127538, 40.36255062232599 ], [ -3.738556297582297, 40.361547298764592 ], [ -3.743384095456733, 40.36047034867493 ], [ -3.746675328947655, 40.359778347582285 ], [ -3.750365028676748, 40.358959346101514 ], [ -3.754415653982945, 40.357987240790777 ], [ -3.757707210466359, 40.357260779348891 ], [ -3.761518879946758, 40.357940552552229 ], [ -3.766247553110983, 40.358765759384518 ], [ -3.771148669499723, 40.359862778891411 ], [ -3.771623709035099, 40.359824628956801 ], [ -3.770744499208571, 40.36054728238144 ], [ -3.770524754004094, 40.360620998775723 ], [ -3.768960945050666, 40.362048171904689 ], [ -3.766720139625964, 40.364092971736589 ], [ -3.763682718878487, 40.365777934113304 ], [ -3.761805640771082, 40.366895991243695 ], [ -3.762159186261534, 40.367489618230913 ], [ -3.762909454230147, 40.368785954344617 ], [ -3.762942971837991, 40.369021951742411 ], [ -3.762587338058914, 40.370863296078952 ], [ -3.762247460196567, 40.372622972035671 ], [ -3.761845332620579, 40.374435548980763 ], [ -3.760015960919925, 40.374884695578359 ], [ -3.75889029013673, 40.375229741593529 ], [ -3.757877187587646, 40.375540254898439 ], [ -3.75793050274859, 40.375830719738765 ], [ -3.757910763906322, 40.375919498531346 ], [ -3.757861991989042, 40.376140180451024 ], [ -3.757813739902518, 40.376312660320359 ], [ -3.757750767225674, 40.376538119963769 ], [ -3.757581871447814, 40.376908959459151 ], [ -3.75742239076285, 40.377173969454127 ], [ -3.757241859978629, 40.377473892133395 ], [ -3.756771545394477, 40.377995621243834 ], [ -3.755950211717121, 40.378552343867646 ], [ -3.75594604160889, 40.378548137759296 ], [ -3.755528652228078, 40.378113650120966 ], [ -3.75550454092811, 40.378095969659725 ], [ -3.755147639961997, 40.37783505174589 ], [ -3.754943156747239, 40.377709897501944 ], [ -3.75485384270087, 40.377655163853262 ], [ -3.754267200463695, 40.377369795545995 ], [ -3.753865211059238, 40.377174123218346 ], [ -3.753539789521071, 40.377052276446847 ], [ -3.75350601883432, 40.377045109046918 ], [ -3.753402110549557, 40.377023082256102 ], [ -3.753201379898842, 40.376980513786151 ], [ -3.753265132255584, 40.376876764296213 ], [ -3.752053291911253, 40.376352925341578 ], [ -3.750791381658552, 40.375826876130688 ], [ -3.750771116415806, 40.375497093904968 ], [ -3.750333366481602, 40.374921276598648 ], [ -3.750257579180045, 40.374821497119541 ], [ -3.750190070912133, 40.374714185434108 ], [ -3.750193292108596, 40.374696506717093 ], [ -3.750221578756095, 40.374549114645824 ], [ -3.750267034102269, 40.374388457903173 ], [ -3.750277350226756, 40.374351994239554 ], [ -3.750310378559447, 40.374271148570948 ], [ -3.750358090967064, 40.374154711788101 ], [ -3.750366125178038, 40.374135650471082 ], [ -3.749777338804892, 40.374152167718393 ], [ -3.749755094000553, 40.374121951297866 ], [ -3.74965116758777, 40.373980640832599 ], [ -3.749645905121954, 40.37397346767149 ], [ -3.749642675972871, 40.373969074148341 ], [ -3.749525998001607, 40.373899558610937 ], [ -3.749442049619663, 40.373849831038079 ], [ -3.749183171230922, 40.373692946593877 ], [ -3.748991873072606, 40.373607606545932 ], [ -3.74891658553092, 40.373574038862557 ], [ -3.748242900458951, 40.373390285347668 ], [ -3.747735098663743, 40.37325176218237 ], [ -3.747158259021213, 40.373005303422822 ], [ -3.747018015988524, 40.37294548722258 ], [ -3.746777158492892, 40.372905238820316 ], [ -3.7466526595075, 40.372884419982498 ], [ -3.745591262282777, 40.372929458473806 ], [ -3.744969107611619, 40.372920760695642 ], [ -3.74478498358638, 40.372908612299646 ], [ -3.744703413346319, 40.372903280797161 ], [ -3.744576067339855, 40.372891397061387 ], [ -3.744321494230575, 40.372867718494348 ], [ -3.743922989971844, 40.372844874356211 ], [ -3.743368610611737, 40.372968977401378 ], [ -3.742662872310703, 40.37313657105274 ], [ -3.742046538820394, 40.373282955921603 ], [ -3.741446384362313, 40.373401217287743 ], [ -3.741295111426579, 40.373431015282641 ], [ -3.74074772391342, 40.37355983577568 ], [ -3.740608632140018, 40.373592498118853 ], [ -3.740479139341295, 40.373622906017587 ], [ -3.739649995525054, 40.373731090643389 ], [ -3.739194455091504, 40.373771298324776 ], [ -3.738730599642299, 40.373783629127487 ], [ -3.738389734362204, 40.373797245828399 ], [ -3.738307197808237, 40.37380056562035 ], [ -3.73756131162432, 40.373831627274242 ], [ -3.737331364303608, 40.373841200012983 ], [ -3.736802001930603, 40.373863220099466 ], [ -3.736703511036419, 40.373861774582615 ], [ -3.736442200979152, 40.373857852417125 ], [ -3.736247691553665, 40.373854944946103 ], [ -3.736107493479369, 40.373852773443659 ], [ -3.736066259389559, 40.373852225086019 ], [ -3.736025024320002, 40.373851586628923 ], [ -3.735777201362566, 40.373831269750639 ], [ -3.734860890976564, 40.3737560989168 ], [ -3.734658253048941, 40.373742250224133 ], [ -3.733920083459149, 40.373691977296751 ], [ -3.733917607983238, 40.373691811924203 ], [ -3.731947085495804, 40.373500053722459 ], [ -3.731658375292476, 40.373472014638082 ], [ -3.731430608773988, 40.373449894856705 ], [ -3.729978197194476, 40.373305998413819 ], [ -3.729372802387984, 40.373246029322765 ], [ -3.728873652563049, 40.373196561461121 ], [ -3.727626460778069, 40.37327323689793 ], [ -3.726431178591897, 40.373346691712165 ], [ -3.722712739761622, 40.373605736380469 ], [ -3.719764409380038, 40.373809335278494 ], [ -3.720193594615134, 40.370691130676192 ], [ -3.720437248542727, 40.367873271480853 ], [ -3.720716601030051, 40.366442324232466 ], [ -3.720891266151175, 40.365548029572736 ], [ -3.720891409751191, 40.365547799846055 ] ] ] } },
{ "type": "Feature", "properties": { "barrio": "Abrantes", "distrito": "Carabanchel", "area_km2": 1.565, "n_poi": 11, "diversidad_poi": 3, "n_restaurantes": 705, "pct_terrazas": 4.0, "accesibilidad_media": 9.3, "densidad_oferta": 457.5 }, "geometry": { "type": "Polygon", "coordinates": [ [ [ -3.721822779024734, 40.385239978593596 ], [ -3.721137515004357, 40.385234520693167 ], [ -3.717555637591822, 40.385280838074976 ], [ -3.718215624981766, 40.383314380360616 ], [ -3.718351680020703, 40.382890919757706 ], [ -3.718727881974969, 40.38154028069998 ], [ -3.718959565389415, 40.380393333442399 ], [ -3.719034995777838, 40.379653307005078 ], [ -3.719367240150222, 40.37639633945539 ], [ -3.719712296311405, 40.374148491991754 ], [ -3.719712405472511, 40.374147680493103 ], [ -3.719764409380038, 40.373809335278494 ], [ -3.722712739761622, 40.373605736380469 ], [ -3.726431178591897, 40.373346691712165 ], [ -3.727626460778069, 40.37327323689793 ], [ -3.728873652563049, 40.373196561461121 ], [ -3.729372802387984, 40.373246029322765 ], [ -3.729978197194476, 40.373305998413819 ], [ -3.731430608773988, 40.373449894856705 ], [ -3.731658375292476, 40.373472014638082 ], [ -3.731947085495804, 40.373500053722459 ], [ -3.733917607983238, 40.373691811924203 ], [ -3.733920083459149, 40.373691977296751 ], [ -3.734658253048941, 40.373742250224133 ], [ -3.734860890976564, 40.3737560989168 ], [ -3.735777201362566, 40.373831269750639 ], [ -3.736025024320002, 40.373851586628923 ], [ -3.736066259389559, 40.373852225086019 ], [ -3.736107493479369, 40.373852773443659 ], [ -3.736247691553665, 40.373854944946103 ], [ -3.736442200979152, 40.373857852417125 ], [ -3.736432445189005, 40.373870616471009 ], [ -3.735758520569278, 40.374757344553096 ], [ -3.73439637122884, 40.375890601289541 ], [ -3.737161746298394, 40.377823944469128 ], [ -3.735220555288852, 40.378447017989856 ], [ -3.732693993017573, 40.379257732268854 ], [ -3.732305343349537, 40.379757224731129 ], [ -3.731294946397277, 40.381056238486117 ], [ -3.730369415362977, 40.382155337941057 ], [ -3.730310787849562, 40.382224626833576 ], [ -3.729787214193211, 40.382844692556738 ], [ -3.729587322192346, 40.383142712298081 ], [ -3.729271481270435, 40.383613806783679 ], [ -3.728710628964939, 40.384449870200626 ], [ -3.728558499609905, 40.384676686517786 ], [ -3.728267273091188, 40.38509347849665 ], [ -3.728144487600667, 40.385288487560317 ], [ -3.727935289393179, 40.385620887561387 ], [ -3.727698806272997, 40.386264813653966 ], [ -3.726889722422579, 40.385964489128014 ], [ -3.726014257161547, 40.385768541419786 ], [ -3.725047675183242, 40.385633788641783 ], [ -3.723610653748582, 40.385420888115597 ], [ -3.723129120161757, 40.385352185368227 ], [ -3.722755906265645, 40.385299020890557 ], [ -3.72230708950442, 40.385260020383321 ], [ -3.721943236881479, 40.385244903234991 ], [ -3.721822779024734, 40.385239978593596 ] ] ] } },
{ "type": "Feature", "properties": { "barrio": "Orcasitas", "distrito": "Usera", "area_km2": 1.356, "n_poi": 17, "diversidad_poi": 4, "n_restaurantes": 335, "pct_terrazas": 10.1, "accesibilidad_media": 0.3, "densidad_oferta": 259.6 }, "geometry": { "type": "Polygon", "coordinates": [ [ [ -3.712321633322516, 40.373342395953912 ], [ -3.710774002347461, 40.372932084079679 ], [ -3.708788723153428, 40.372402628745483 ], [ -3.706808143825749, 40.371868965386916 ], [ -3.704911363189197, 40.371359804353695 ], [ -3.70415983386891, 40.371198159295531 ], [ -3.703452902071813, 40.371156691710326 ], [ -3.703112606385649, 40.370566318274818 ], [ -3.703399138711584, 40.369506813901523 ], [ -3.703456045404139, 40.369281510149186 ], [ -3.703845274140865, 40.367643625026702 ], [ -3.704136575387746, 40.366410573683133 ], [ -3.704370694430924, 40.365535353397284 ], [ -3.704900576189178, 40.363655253518857 ], [ -3.705145578910625, 40.363680517942001 ], [ -3.706367047994829, 40.36381712791637 ], [ -3.70709710291239, 40.363880870157438 ], [ -3.707102053953756, 40.363881290342299 ], [ -3.70798762589211, 40.363938492144626 ], [ -3.708093676113109, 40.363943428533183 ], [ -3.709766225508961, 40.364022196818134 ], [ -3.714153079999703, 40.36435918704079 ], [ -3.720981834213908, 40.364785073014282 ], [ -3.72098435045999, 40.364785229401598 ], [ -3.720984872579462, 40.364785263083967 ], [ -3.720891410928913, 40.365547799838716 ], [ -3.720891266151175, 40.365548029572736 ], [ -3.720716601030051, 40.366442324232466 ], [ -3.720437248542727, 40.367873271480853 ], [ -3.720193594615134, 40.370691130676192 ], [ -3.719764409380038, 40.373809335278494 ], [ -3.718498947813274, 40.373831431749679 ], [ -3.716885233573325, 40.373826301364616 ], [ -3.716690042696962, 40.373825708483849 ], [ -3.714492409062553, 40.373796861721225 ], [ -3.71329635247185, 40.373541891977105 ], [ -3.712634990163266, 40.373400919181627 ], [ -3.712321633322516, 40.373342395953912 ] ] ] } },
{ "type": "Feature", "properties": { "barrio": "Orcasur", "distrito": "Usera", "area_km2": 1.387, "n_poi": 9, "diversidad_poi": 3, "n_restaurantes": 264, "pct_terrazas": 6.1, "accesibilidad_media": 3.7, "densidad_oferta": 196.8 }, "geometry": { "type": "Polygon", "coordinates": [ [ [ -3.702617407767443, 40.363579851376997 ], [ -3.703235631920004, 40.363558800780261 ], [ -3.703660160446549, 40.363564870033443 ], [ -3.704015890206099, 40.363580725145432 ], [ -3.70401695106818, 40.363580808778728 ], [ -3.704084939655157, 40.363583819249399 ], [ -3.704281084018414, 40.36359965309326 ], [ -3.704504106179353, 40.363617846332282 ], [ -3.704900576189178, 40.363655253518857 ], [ -3.704370694430924, 40.365535353397284 ], [ -3.704136575387746, 40.366410573683133 ], [ -3.703845274140865, 40.367643625026702 ], [ -3.703456045404139, 40.369281510149186 ], [ -3.703399138711584, 40.369506813901523 ], [ -3.703112606385649, 40.370566318274818 ], [ -3.703452902071813, 40.371156691710326 ], [ -3.703197575123066, 40.371727890718681 ], [ -3.702844402208398, 40.372677976396581 ], [ -3.702723865880307, 40.373128804960977 ], [ -3.702626783320377, 40.374087591101073 ], [ -3.702530791212708, 40.37503558828525 ], [ -3.701673388100906, 40.376869732423657 ], [ -3.700957208366199, 40.377841111149642 ], [ -3.700089558015571, 40.378531866182392 ], [ -3.696800217500134, 40.379890628924571 ], [ -3.695538528544602, 40.380367501355316 ], [ -3.695563552147085, 40.380708645311827 ], [ -3.695133772463222, 40.381094481241604 ], [ -3.694018392983548, 40.382224860419853 ], [ -3.693311009830413, 40.382944750434277 ], [ -3.692151256870423, 40.384105746183636 ], [ -3.689746062121079, 40.382331135804783 ], [ -3.690303324245167, 40.381977204335683 ], [ -3.690606707400475, 40.38174155088938 ], [ -3.690903410932735, 40.381462986563911 ], [ -3.691140245140645, 40.381229319400497 ], [ -3.691298491512474, 40.381040663473421 ], [ -3.691507806662852, 40.380752033360466 ], [ -3.692056529669493, 40.379946860499508 ], [ -3.692881269289958, 40.378735142522238 ], [ -3.693541476837943, 40.377741309485572 ], [ -3.694228868181847, 40.376718389232934 ], [ -3.694523272134193, 40.376261778673545 ], [ -3.69460608934017, 40.376124565348213 ], [ -3.694708992604047, 40.375934647836928 ], [ -3.694769451778823, 40.375796254270689 ], [ -3.694816175682432, 40.375659257625458 ], [ -3.694875838847683, 40.375443308462195 ], [ -3.694923159969433, 40.375197197956169 ], [ -3.69494031313282, 40.375026199280768 ], [ -3.694943689665996, 40.374852654529519 ], [ -3.694938120862624, 40.37467935091825 ], [ -3.694823838513717, 40.373482334874829 ], [ -3.694601593250239, 40.37115437442214 ], [ -3.694560919416045, 40.370840385258823 ], [ -3.694438138535367, 40.370102478645336 ], [ -3.694349907630416, 40.369334642384906 ], [ -3.694266632743938, 40.368752854157158 ], [ -3.694148450383868, 40.367062625502207 ], [ -3.694012422958247, 40.364578348021809 ], [ -3.694004025288381, 40.364528848223216 ], [ -3.69552652169555, 40.364515656755998 ], [ -3.69622864917719, 40.364497922800922 ], [ -3.696599235748411, 40.364480647788355 ], [ -3.696759689918206, 40.364473196438716 ], [ -3.696903150907444, 40.364462421998738 ], [ -3.697134640374979, 40.364444992378175 ], [ -3.697447200380998, 40.364420046295564 ], [ -3.698160962778115, 40.364331418722308 ], [ -3.698747609566081, 40.364239770104014 ], [ -3.699120227649813, 40.364168419091968 ], [ -3.699339566484645, 40.364126463600826 ], [ -3.700046352525746, 40.363967415228167 ], [ -3.700700318066376, 40.363825889106714 ], [ -3.700792446070253, 40.363805781085389 ], [ -3.701073103639165, 40.363759756985594 ], [ -3.701123783789445, 40.363751973078443 ], [ -3.701651298340348, 40.363671658443202 ], [ -3.702103349158201, 40.363617295384621 ], [ -3.702617407767443, 40.363579851376997 ] ] ] } },
{ "type": "Feature", "properties": { "barrio": "San Fermín", "distrito": "Usera", "area_km2": 1.475, "n_poi": 10, "diversidad_poi": 4, "n_restaurantes": 411, "pct_terrazas": 6.1, "accesibilidad_media": 3.1, "densidad_oferta": 285.4 }, "geometry": { "type": "Polygon", "coordinates": [ [ [ -3.682749897647629, 40.363359708940642 ], [ -3.68192474497413, 40.361296317308359 ], [ -3.68314129867649, 40.361729734801372 ], [ -3.685404299322645, 40.362543772947625 ], [ -3.687239759749697, 40.36320034815396 ], [ -3.689024910061439, 40.363793711896591 ], [ -3.689443365870399, 40.363908970067229 ], [ -3.690044730724471, 40.364058993640498 ], [ -3.690614522994702, 40.364173345390356 ], [ -3.691247860343723, 40.364270467462916 ], [ -3.691652201684003, 40.364317783969973 ], [ -3.692228703830075, 40.364385150070554 ], [ -3.693244055752107, 40.364464841370598 ], [ -3.693869643101313, 40.364517671520609 ], [ -3.694004025288381, 40.364528848223216 ], [ -3.694012422958247, 40.364578348021809 ], [ -3.694148450383868, 40.367062625502207 ], [ -3.694266632743938, 40.368752854157158 ], [ -3.694349907630416, 40.369334642384906 ], [ -3.694438138535367, 40.370102478645336 ], [ -3.694560919416045, 40.370840385258823 ], [ -3.694601593250239, 40.37115437442214 ], [ -3.694823838513717, 40.373482334874829 ], [ -3.694938120862624, 40.37467935091825 ], [ -3.694943689665996, 40.374852654529519 ], [ -3.69494031313282, 40.375026199280768 ], [ -3.694923159969433, 40.375197197956169 ], [ -3.694875838847683, 40.375443308462195 ], [ -3.694816175682432, 40.375659257625458 ], [ -3.694769451778823, 40.375796254270689 ], [ -3.694708992604047, 40.375934647836928 ], [ -3.69460608934017, 40.376124565348213 ], [ -3.694523272134193, 40.376261778673545 ], [ -3.694228868181847, 40.376718389232934 ], [ -3.693541476837943, 40.377741309485572 ], [ -3.692881269289958, 40.378735142522238 ], [ -3.692056529669493, 40.379946860499508 ], [ -3.691507806662852, 40.380752033360466 ], [ -3.691298491512474, 40.381040663473421 ], [ -3.691140245140645, 40.381229319400497 ], [ -3.690903410932735, 40.381462986563911 ], [ -3.690606707400475, 40.38174155088938 ], [ -3.690303324245167, 40.381977204335683 ], [ -3.689746062121079, 40.382331135804783 ], [ -3.689544265081773, 40.382069115898872 ], [ -3.689432181262838, 40.381873342556375 ], [ -3.689326372898948, 40.381657721577042 ], [ -3.689185289367911, 40.381369677551703 ], [ -3.689012805048554, 40.380753317036493 ], [ -3.688951604748912, 40.380466447148542 ], [ -3.688899391561346, 40.380214190704443 ], [ -3.688888976977028, 40.380039270730947 ], [ -3.688865178539059, 40.379835084223977 ], [ -3.688829415949189, 40.379701217461822 ], [ -3.688758788942093, 40.379590578407857 ], [ -3.688652955105376, 40.379412377083959 ], [ -3.688544516436354, 40.379197884472923 ], [ -3.688375305672494, 40.378984184160231 ], [ -3.688209925391137, 40.378853105824973 ], [ -3.687981632186094, 40.378691037251592 ], [ -3.687894089414122, 40.378572701799705 ], [ -3.687859952826575, 40.378399574155502 ], [ -3.687875392925035, 40.378219547931323 ], [ -3.687837074866564, 40.378059651592167 ], [ -3.687361580497373, 40.377013968248036 ], [ -3.687280527504812, 40.376786929445721 ], [ -3.687252650337217, 40.37662649243255 ], [ -3.68726824822207, 40.376439030076163 ], [ -3.687317790449163, 40.376147644085869 ], [ -3.687610977684954, 40.375292701446789 ], [ -3.687728948294815, 40.374846998470275 ], [ -3.687761533013445, 40.374609247009978 ], [ -3.687741894778581, 40.374398572190714 ], [ -3.687678409271453, 40.374172329996455 ], [ -3.687607271535827, 40.374092031342677 ], [ -3.687595117958244, 40.374078409753906 ], [ -3.687590244691955, 40.374074114354904 ], [ -3.687336686209959, 40.373882644660711 ], [ -3.687129395565172, 40.373676585817812 ], [ -3.687050393763144, 40.373603234519393 ], [ -3.686981743512398, 40.373521842300569 ], [ -3.686891256247582, 40.373344811958546 ], [ -3.686804508796808, 40.373022115273351 ], [ -3.686632978278127, 40.372570237508555 ], [ -3.686510524877018, 40.372327557104533 ], [ -3.686420261983342, 40.372172472128099 ], [ -3.68633309302802, 40.372065252169747 ], [ -3.686232842773222, 40.371954118728716 ], [ -3.686161768384495, 40.371890695548913 ], [ -3.686048840611428, 40.371815550206826 ], [ -3.685883784605676, 40.371744703170052 ], [ -3.685747684020765, 40.371699621450766 ], [ -3.685561922578062, 40.371644858181376 ], [ -3.685318817557315, 40.371594423683447 ], [ -3.684913368461298, 40.371483100876041 ], [ -3.684272320047577, 40.371289371699319 ], [ -3.683523568192129, 40.371020458440654 ], [ -3.683046473231169, 40.370787846502381 ], [ -3.68277582153416, 40.370591923398457 ], [ -3.682586272537303, 40.370419463620706 ], [ -3.682462133179575, 40.370266570042546 ], [ -3.682339717902759, 40.370025879476486 ], [ -3.682277818250579, 40.369836706283778 ], [ -3.682270853741706, 40.369663170429362 ], [ -3.682295248569665, 40.369495436120935 ], [ -3.682345768243923, 40.36933153690218 ], [ -3.682359588996464, 40.369149898117954 ], [ -3.682350055800579, 40.368980367544815 ], [ -3.682268392505158, 40.368641675691535 ], [ -3.681857962788796, 40.367514845836361 ], [ -3.681791131997272, 40.367353633259583 ], [ -3.681754293954336, 40.367062560171945 ], [ -3.681736055529632, 40.36680529497476 ], [ -3.681752466116111, 40.366621645393749 ], [ -3.681815423201053, 40.366397819973976 ], [ -3.682000842456266, 40.366161301971616 ], [ -3.682257244321378, 40.365980230533751 ], [ -3.682537339675032, 40.365820964928169 ], [ -3.682694929576846, 40.365670401258917 ], [ -3.682787656974658, 40.365554136998604 ], [ -3.682875229453333, 40.36544388786438 ], [ -3.683010605034451, 40.365159780182999 ], [ -3.683107220451417, 40.364911814372221 ], [ -3.683148166480031, 40.364736127833879 ], [ -3.683144706800012, 40.364490618869425 ], [ -3.683081604206889, 40.364181745116475 ], [ -3.682749897647629, 40.363359708940642 ] ] ] } },
{ "type": "Feature", "properties": { "barrio": "Almendrales", "distrito": "Usera", "area_km2": 0.78, "n_poi": 6, "diversidad_poi": 2, "n_restaurantes": 805, "pct_terrazas": 3.4, "accesibilidad_media": 3.6, "densidad_oferta": 1039.7 }, "geometry": { "type": "Polygon", "coordinates": [ [ [ -3.694018392983548, 40.382224860419853 ], [ -3.695133772463222, 40.381094481241604 ], [ -3.695563552147085, 40.380708645311827 ], [ -3.695538528544602, 40.380367501355316 ], [ -3.696800217500134, 40.379890628924571 ], [ -3.700089558015571, 40.378531866182392 ], [ -3.700226066602402, 40.378677709667002 ], [ -3.700276574279892, 40.379438134165284 ], [ -3.701604318245847, 40.379447211595412 ], [ -3.702223170295427, 40.380267972601096 ], [ -3.702763188363265, 40.380824071509622 ], [ -3.703084566258644, 40.381176088139505 ], [ -3.704753289509999, 40.380212774049667 ], [ -3.704896177238851, 40.38110588041792 ], [ -3.70496337256019, 40.381472412209014 ], [ -3.705073856617338, 40.382058863202687 ], [ -3.705304512298183, 40.383335670536241 ], [ -3.705569778832858, 40.384801368561618 ], [ -3.705755055885603, 40.385848359089479 ], [ -3.703365933587722, 40.386102544981206 ], [ -3.702509162245667, 40.386214507307102 ], [ -3.702335965189827, 40.386270424738633 ], [ -3.700524792660273, 40.387467090110015 ], [ -3.699406941970541, 40.388174218742655 ], [ -3.699402263023948, 40.388177490314398 ], [ -3.698090402457372, 40.389096050664179 ], [ -3.695618591080994, 40.386982623266753 ], [ -3.694637941873022, 40.386169005378868 ], [ -3.692151256870423, 40.384105746183636 ], [ -3.693311009830413, 40.382944750434277 ], [ -3.694018392983548, 40.382224860419853 ] ] ] } },
{ "type": "Feature", "properties": { "barrio": "Moscardó", "distrito": "Usera", "area_km2": 0.909, "n_poi": 12, "diversidad_poi": 4, "n_restaurantes": 1044, "pct_terrazas": 3.4, "accesibilidad_media": 3.2, "densidad_oferta": 1161.7 }, "geometry": { "type": "Polygon", "coordinates": [ [ [ -3.710767555593739, 40.385281553220373 ], [ -3.711837056315016, 40.385134438132475 ], [ -3.714716836726295, 40.385173537520743 ], [ -3.716019573758428, 40.38519125151624 ], [ -3.716293883951186, 40.385194959016694 ], [ -3.716963045330991, 40.385204059010213 ], [ -3.717555637591822, 40.385280838074976 ], [ -3.716870726736246, 40.38592067444764 ], [ -3.716391362241658, 40.3863684219723 ], [ -3.715428645880532, 40.387267450115651 ], [ -3.715022880219251, 40.38764644767766 ], [ -3.714596111935177, 40.388045034116324 ], [ -3.714231820334692, 40.388402512030957 ], [ -3.71389742790753, 40.388713136250757 ], [ -3.713684845857912, 40.388908956376603 ], [ -3.713683076896987, 40.388910586226558 ], [ -3.713356645969927, 40.389183412577161 ], [ -3.71301237139282, 40.389429050510081 ], [ -3.712878710924573, 40.389524829420125 ], [ -3.712009026896667, 40.389945863149123 ], [ -3.71188347692287, 40.38999528428873 ], [ -3.710248441936562, 40.39064452573642 ], [ -3.709484356153656, 40.390947593579071 ], [ -3.709483535216706, 40.390947958979297 ], [ -3.70910542878407, 40.391093160508426 ], [ -3.709006550089994, 40.391135839234678 ], [ -3.708794834611109, 40.391227136994665 ], [ -3.708778190481288, 40.391235437280244 ], [ -3.708688405031749, 40.391280131183827 ], [ -3.708450344135668, 40.39139852692503 ], [ -3.708279367300907, 40.39148732186829 ], [ -3.708132805023034, 40.391578400398657 ], [ -3.707937115031589, 40.391703922138944 ], [ -3.707535562288864, 40.392018813854094 ], [ -3.707229444061137, 40.392288615657506 ], [ -3.706776984282558, 40.392750122605953 ], [ -3.706299972160626, 40.393264389849342 ], [ -3.704640740335097, 40.395233981686275 ], [ -3.704399400081601, 40.395084819499331 ], [ -3.703377004970458, 40.394453013234568 ], [ -3.70239332998628, 40.393644745947256 ], [ -3.699556930210574, 40.390646400130294 ], [ -3.698090402457372, 40.389096050664179 ], [ -3.699402263023948, 40.388177490314398 ], [ -3.699406941970541, 40.388174218742655 ], [ -3.700524792660273, 40.387467090110015 ], [ -3.702335965189827, 40.386270424738633 ], [ -3.702509162245667, 40.386214507307102 ], [ -3.703365933587722, 40.386102544981206 ], [ -3.705755055885603, 40.385848359089479 ], [ -3.708215246422739, 40.385564499176937 ], [ -3.708799136772814, 40.385497140012895 ], [ -3.710767555593739, 40.385281553220373 ] ] ] } },
{ "type": "Feature", "properties": { "barrio": "Zofío", "distrito": "Usera", "area_km2": 0.774, "n_poi": 10, "diversidad_poi": 4, "n_restaurantes": 365, "pct_terrazas": 3.0, "accesibilidad_media": 1.1, "densidad_oferta": 484.5 }, "geometry": { "type": "Polygon", "coordinates": [ [ [ -3.712115616231571, 40.377801648322993 ], [ -3.712321633322516, 40.373342395953912 ], [ -3.712634990163266, 40.373400919181627 ], [ -3.71329635247185, 40.373541891977105 ], [ -3.714492409062553, 40.373796861721225 ], [ -3.716690042696962, 40.373825708483849 ], [ -3.716885233573325, 40.373826301364616 ], [ -3.718498947813274, 40.373831431749679 ], [ -3.719764409380038, 40.373809335278494 ], [ -3.719712405472511, 40.374147680493103 ], [ -3.719712296311405, 40.374148491991754 ], [ -3.719367240150222, 40.37639633945539 ], [ -3.719034995777838, 40.379653307005078 ], [ -3.718959565389415, 40.380393333442399 ], [ -3.718727881974969, 40.38154028069998 ], [ -3.718351680020703, 40.382890919757706 ], [ -3.718215624981766, 40.383314380360616 ], [ -3.717555637591822, 40.385280838074976 ], [ -3.716963045330991, 40.385204059010213 ], [ -3.716293883951186, 40.385194959016694 ], [ -3.716019573758428, 40.38519125151624 ], [ -3.714716836726295, 40.385173537520743 ], [ -3.711837056315016, 40.385134438132475 ], [ -3.711681425722194, 40.384988907377114 ], [ -3.711652155189846, 40.384961518804964 ], [ -3.711427775879541, 40.384484605108497 ], [ -3.711340558255731, 40.384144776437381 ], [ -3.71132619036149, 40.383999458101123 ], [ -3.711297674031427, 40.383707377706614 ], [ -3.711297019626042, 40.383701165459151 ], [ -3.711267240952926, 40.38328882143422 ], [ -3.711259249980541, 40.383178509211348 ], [ -3.711255572630984, 40.382828437610435 ], [ -3.711254387335213, 40.382816552898916 ], [ -3.711241229855869, 40.382685459637585 ], [ -3.711244369649111, 40.381907774502075 ], [ -3.711244807205616, 40.381803536594944 ], [ -3.7112423178629, 40.380983362134621 ], [ -3.71131146196132, 40.38055635526775 ], [ -3.711632753530443, 40.379270581335433 ], [ -3.711844535109672, 40.378696209139783 ], [ -3.712115753780379, 40.377960386911681 ], [ -3.712115616231571, 40.377801648322993 ] ] ] } },
{ "type": "Feature", "properties": { "barrio": "Pradolongo", "distrito": "Usera", "area_km2": 1.096, "n_poi": 10, "diversidad_poi": 4, "n_restaurantes": 813, "pct_terrazas": 1.4, "accesibilidad_media": 0.8, "densidad_oferta": 750.9 }, "geometry": { "type": "Polygon", "coordinates": [ [ [ -3.704896177238851, 40.38110588041792 ], [ -3.704753289509999, 40.380212774049667 ], [ -3.703084566258644, 40.381176088139505 ], [ -3.702763188363265, 40.380824071509622 ], [ -3.702223170295427, 40.380267972601096 ], [ -3.701604318245847, 40.379447211595412 ], [ -3.700276574279892, 40.379438134165284 ], [ -3.700226066602402, 40.378677709667002 ], [ -3.700089558015571, 40.378531866182392 ], [ -3.700957208366199, 40.377841111149642 ], [ -3.701673388100906, 40.376869732423657 ], [ -3.702530791212708, 40.37503558828525 ], [ -3.702626783320377, 40.374087591101073 ], [ -3.702723865880307, 40.373128804960977 ], [ -3.702844402208398, 40.372677976396581 ], [ -3.703197575123066, 40.371727890718681 ], [ -3.703452902071813, 40.371156691710326 ], [ -3.70415983386891, 40.371198159295531 ], [ -3.704911363189197, 40.371359804353695 ], [ -3.706808143825749, 40.371868965386916 ], [ -3.708788723153428, 40.372402628745483 ], [ -3.710774002347461, 40.372932084079679 ], [ -3.712321633322516, 40.373342395953912 ], [ -3.712115616231571, 40.377801648322993 ], [ -3.712115753780379, 40.377960386911681 ], [ -3.711844535109672, 40.378696209139783 ], [ -3.711632753530443, 40.379270581335433 ], [ -3.71131146196132, 40.38055635526775 ], [ -3.7112423178629, 40.380983362134621 ], [ -3.711244807205616, 40.381803536594944 ], [ -3.711244369649111, 40.381907774502075 ], [ -3.711241229855869, 40.382685459637585 ], [ -3.711254387335213, 40.382816552898916 ], [ -3.711255572630984, 40.382828437610435 ], [ -3.711259249980541, 40.383178509211348 ], [ -3.711267240952926, 40.38328882143422 ], [ -3.711297019626042, 40.383701165459151 ], [ -3.711297674031427, 40.383707377706614 ], [ -3.71132619036149, 40.383999458101123 ], [ -3.711340558255731, 40.384144776437381 ], [ -3.711427775879541, 40.384484605108497 ], [ -3.711652155189846, 40.384961518804964 ], [ -3.711681425722194, 40.384988907377114 ], [ -3.711837056315016, 40.385134438132475 ], [ -3.710767555593739, 40.385281553220373 ], [ -3.708799136772814, 40.385497140012895 ], [ -3.708215246422739, 40.385564499176937 ], [ -3.705755055885603, 40.385848359089479 ], [ -3.705569778832858, 40.384801368561618 ], [ -3.705304512298183, 40.383335670536241 ], [ -3.705073856617338, 40.382058863202687 ], [ -3.70496337256019, 40.381472412209014 ], [ -3.704896177238851, 40.38110588041792 ] ] ] } },
{ "type": "Feature", "properties": { "barrio": "Entrevías", "distrito": "Puente de Vallecas", "area_km2": 5.972, "n_poi": 19, "diversidad_poi": 6, "n_restaurantes": 634, "pct_terrazas": 9.5, "accesibilidad_media": 0.5, "densidad_oferta": 109.3 }, "geometry": { "type": "Polygon", "coordinates": [ [ [ -3.654384256242526, 40.376030706838868 ], [ -3.652812360035256, 40.376018492502439 ], [ -3.652361344919608, 40.376046438843389 ], [ -3.652766131625876, 40.37564649567625 ], [ -3.653304799902738, 40.374325602153021 ], [ -3.65358902673368, 40.37362858278464 ], [ -3.654404870522438, 40.370885737954261 ], [ -3.654715704051864, 40.37036045998326 ], [ -3.655603324058246, 40.369590383420949 ], [ -3.655996972099984, 40.369371935653596 ], [ -3.657069533467433, 40.368776659499453 ], [ -3.664447288033418, 40.36414396715729 ], [ -3.666023761574225, 40.363283639387788 ], [ -3.666502517032887, 40.363031783174911 ], [ -3.666696079831309, 40.362929947158754 ], [ -3.667175232477971, 40.362695112235073 ], [ -3.667245004690653, 40.362664259727552 ], [ -3.667563493378518, 40.362523413507006 ], [ -3.667888549562536, 40.362391807893147 ], [ -3.668246098123654, 40.362247041369542 ], [ -3.66887469088734, 40.362023590055799 ], [ -3.66944041590891, 40.361850680142908 ], [ -3.669541982461607, 40.36181955211535 ], [ -3.670121276648993, 40.36166142539404 ], [ -3.670811424903698, 40.36150652767553 ], [ -3.671172406077692, 40.361435967491772 ], [ -3.671509877009441, 40.361369957168854 ], [ -3.672152495301999, 40.361256318090625 ], [ -3.673026421921202, 40.361119711276878 ], [ -3.673709987466135, 40.361022550718893 ], [ -3.674467265956801, 40.360938153750247 ], [ -3.675169142166618, 40.360869072782961 ], [ -3.675936318448079, 40.360794606757651 ], [ -3.676677626384586, 40.360747783790117 ], [ -3.677027054684719, 40.360725744799055 ], [ -3.677572583403613, 40.360707557000801 ], [ -3.678069075291665, 40.360687154106273 ], [ -3.678745405113708, 40.360678193960666 ], [ -3.679350175964401, 40.360702146178042 ], [ -3.679801672237821, 40.360756991292533 ], [ -3.680328499341804, 40.360828890877208 ], [ -3.680773940136274, 40.360931262173018 ], [ -3.681206462417797, 40.361048706248781 ], [ -3.68192474497413, 40.361296317308359 ], [ -3.682749897647629, 40.363359708940642 ], [ -3.683081604206889, 40.364181745116475 ], [ -3.683144706800012, 40.364490618869425 ], [ -3.683148166480031, 40.364736127833879 ], [ -3.683107220451417, 40.364911814372221 ], [ -3.683010605034451, 40.365159780182999 ], [ -3.682875229453333, 40.36544388786438 ], [ -3.682787656974658, 40.365554136998604 ], [ -3.682694929576846, 40.365670401258917 ], [ -3.682537339675032, 40.365820964928169 ], [ -3.682257244321378, 40.365980230533751 ], [ -3.682000842456266, 40.366161301971616 ], [ -3.681815423201053, 40.366397819973976 ], [ -3.681752466116111, 40.366621645393749 ], [ -3.681736055529632, 40.36680529497476 ], [ -3.681754293954336, 40.367062560171945 ], [ -3.681791131997272, 40.367353633259583 ], [ -3.681857962788796, 40.367514845836361 ], [ -3.682268392505158, 40.368641675691535 ], [ -3.682350055800579, 40.368980367544815 ], [ -3.682359588996464, 40.369149898117954 ], [ -3.682345768243923, 40.36933153690218 ], [ -3.682295248569665, 40.369495436120935 ], [ -3.682270853741706, 40.369663170429362 ], [ -3.682277818250579, 40.369836706283778 ], [ -3.682339717902759, 40.370025879476486 ], [ -3.682462133179575, 40.370266570042546 ], [ -3.682586272537303, 40.370419463620706 ], [ -3.68277582153416, 40.370591923398457 ], [ -3.683046473231169, 40.370787846502381 ], [ -3.683523568192129, 40.371020458440654 ], [ -3.684272320047577, 40.371289371699319 ], [ -3.684913368461298, 40.371483100876041 ], [ -3.685318817557315, 40.371594423683447 ], [ -3.685561922578062, 40.371644858181376 ], [ -3.685747684020765, 40.371699621450766 ], [ -3.685883784605676, 40.371744703170052 ], [ -3.686048840611428, 40.371815550206826 ], [ -3.686161768384495, 40.371890695548913 ], [ -3.686232842773222, 40.371954118728716 ], [ -3.68633309302802, 40.372065252169747 ], [ -3.686420261983342, 40.372172472128099 ], [ -3.686510524877018, 40.372327557104533 ], [ -3.686632978278127, 40.372570237508555 ], [ -3.686804508796808, 40.373022115273351 ], [ -3.686891256247582, 40.373344811958546 ], [ -3.686981743512398, 40.373521842300569 ], [ -3.687050393763144, 40.373603234519393 ], [ -3.687129395565172, 40.373676585817812 ], [ -3.687336686209959, 40.373882644660711 ], [ -3.687590244691955, 40.374074114354904 ], [ -3.687595117958244, 40.374078409753906 ], [ -3.687607271535827, 40.374092031342677 ], [ -3.687678409271453, 40.374172329996455 ], [ -3.687741894778581, 40.374398572190714 ], [ -3.687761533013445, 40.374609247009978 ], [ -3.687728948294815, 40.374846998470275 ], [ -3.687610977684954, 40.375292701446789 ], [ -3.687317790449163, 40.376147644085869 ], [ -3.68726824822207, 40.376439030076163 ], [ -3.687252650337217, 40.37662649243255 ], [ -3.687280527504812, 40.376786929445721 ], [ -3.687361580497373, 40.377013968248036 ], [ -3.687837074866564, 40.378059651592167 ], [ -3.687875392925035, 40.378219547931323 ], [ -3.687859952826575, 40.378399574155502 ], [ -3.687894089414122, 40.378572701799705 ], [ -3.687981632186094, 40.378691037251592 ], [ -3.688209925391137, 40.378853105824973 ], [ -3.688375305672494, 40.378984184160231 ], [ -3.688544516436354, 40.379197884472923 ], [ -3.688652955105376, 40.379412377083959 ], [ -3.688758788942093, 40.379590578407857 ], [ -3.688829415949189, 40.379701217461822 ], [ -3.688865178539059, 40.379835084223977 ], [ -3.688888976977028, 40.380039270730947 ], [ -3.688899391561346, 40.380214190704443 ], [ -3.688951604748912, 40.380466447148542 ], [ -3.689012805048554, 40.380753317036493 ], [ -3.689185289367911, 40.381369677551703 ], [ -3.689326372898948, 40.381657721577042 ], [ -3.689432181262838, 40.381873342556375 ], [ -3.689544265081773, 40.382069115898872 ], [ -3.689746062121079, 40.382331135804783 ], [ -3.689480596532131, 40.382486382625451 ], [ -3.689114138829836, 40.382657186719257 ], [ -3.688755661848127, 40.38279453637643 ], [ -3.68822076297357, 40.382971111990912 ], [ -3.687453035440855, 40.383163385861053 ], [ -3.686977170452983, 40.383276086108062 ], [ -3.684865791727993, 40.383677688698938 ], [ -3.684310991335427, 40.383789538229806 ], [ -3.683968589693762, 40.38388347298654 ], [ -3.683598175775753, 40.384002674382479 ], [ -3.683349161002325, 40.384139393477618 ], [ -3.683149838195336, 40.384277340118494 ], [ -3.682942827076716, 40.384441164510655 ], [ -3.682726339442833, 40.384650635923592 ], [ -3.682347548699395, 40.385122445714167 ], [ -3.679149242174513, 40.38999259866273 ], [ -3.678717920010203, 40.390499905996379 ], [ -3.678287968257384, 40.390909455025962 ], [ -3.677564981113077, 40.391483601522602 ], [ -3.676444504700013, 40.3923316772524 ], [ -3.67525665223235, 40.393262952477897 ], [ -3.674540750551879, 40.393749289163544 ], [ -3.673519853206419, 40.394314244021643 ], [ -3.673147282191836, 40.393557302468516 ], [ -3.672493630824883, 40.391750630267964 ], [ -3.672429058625728, 40.391442174153106 ], [ -3.67219798987602, 40.390433054280031 ], [ -3.67213413986777, 40.390232521761369 ], [ -3.672117765502186, 40.390138021460444 ], [ -3.672061633676743, 40.38993158811779 ], [ -3.672012251983257, 40.389764124887577 ], [ -3.671966407171807, 40.389608713263677 ], [ -3.671642875088652, 40.388482109156691 ], [ -3.671403248604486, 40.387700607539678 ], [ -3.671222234803763, 40.387113721085129 ], [ -3.671086450690348, 40.386715582697782 ], [ -3.670781284248148, 40.385821482144237 ], [ -3.670405809192475, 40.385071934791846 ], [ -3.670288743533117, 40.384838104700812 ], [ -3.670079745128656, 40.384445434411731 ], [ -3.669711083335626, 40.383882874104032 ], [ -3.669380827716173, 40.383379280058655 ], [ -3.669079433688331, 40.382970474897093 ], [ -3.668896618308767, 40.38272260913098 ], [ -3.668773581139159, 40.382574938083785 ], [ -3.668705624641213, 40.382493438303719 ], [ -3.668648279258734, 40.382424669156812 ], [ -3.668306214172295, 40.382036097271566 ], [ -3.668222018652239, 40.381944327869576 ], [ -3.667988566678429, 40.381674140343762 ], [ -3.667713241323301, 40.381398425586383 ], [ -3.66724588280927, 40.380930390988695 ], [ -3.666958782279641, 40.380642671023026 ], [ -3.666376066967892, 40.38019484695981 ], [ -3.666337252801473, 40.380165249563596 ], [ -3.665619031564934, 40.379617658871055 ], [ -3.665459291576049, 40.379521998735008 ], [ -3.665246264054074, 40.379386193122009 ], [ -3.665066511275015, 40.379267763517298 ], [ -3.664299014080244, 40.378786754950447 ], [ -3.663673709277329, 40.378437270946606 ], [ -3.663055178174804, 40.378117294583042 ], [ -3.662438566862002, 40.377836492632575 ], [ -3.662159805565191, 40.377711508370233 ], [ -3.661846930584373, 40.37757924020967 ], [ -3.66153892134608, 40.377450637099635 ], [ -3.661250611580835, 40.377336695472898 ], [ -3.660369340266825, 40.377058024293554 ], [ -3.659958328155729, 40.376948382793699 ], [ -3.659314413668997, 40.376776640119921 ], [ -3.658998313224879, 40.376687356990708 ], [ -3.658691193376434, 40.376600723676312 ], [ -3.658154121686952, 40.376452512139736 ], [ -3.656884296580138, 40.37625070700323 ], [ -3.656670005249985, 40.376224803886906 ], [ -3.656377639537444, 40.37618934251774 ], [ -3.655817071317877, 40.376119813883143 ], [ -3.655701608714876, 40.376105511678261 ], [ -3.654751059167596, 40.376028634252201 ], [ -3.654384256242526, 40.376030706838868 ] ] ] } },
{ "type": "Feature", "properties": { "barrio": "San Diego", "distrito": "Puente de Vallecas", "area_km2": 1.07, "n_poi": 8, "diversidad_poi": 5, "n_restaurantes": 1711, "pct_terrazas": 2.5, "accesibilidad_media": 3.7, "densidad_oferta": 1606.5 }, "geometry": { "type": "Polygon", "coordinates": [ [ [ -3.663445274497056, 40.383077112210209 ], [ -3.66393867020105, 40.3824649981307 ], [ -3.664189741015907, 40.382683201076183 ], [ -3.666600297785946, 40.380845998840449 ], [ -3.666958782279641, 40.380642671023026 ], [ -3.66724588280927, 40.380930390988695 ], [ -3.667713241323301, 40.381398425586383 ], [ -3.667988566678429, 40.381674140343762 ], [ -3.668222018652239, 40.381944327869576 ], [ -3.668306214172295, 40.382036097271566 ], [ -3.668648279258734, 40.382424669156812 ], [ -3.668705624641213, 40.382493438303719 ], [ -3.668773581139159, 40.382574938083785 ], [ -3.668896618308767, 40.38272260913098 ], [ -3.669079433688331, 40.382970474897093 ], [ -3.669380827716173, 40.383379280058655 ], [ -3.669711083335626, 40.383882874104032 ], [ -3.670079745128656, 40.384445434411731 ], [ -3.670288743533117, 40.384838104700812 ], [ -3.670405809192475, 40.385071934791846 ], [ -3.670781284248148, 40.385821482144237 ], [ -3.671086450690348, 40.386715582697782 ], [ -3.671222234803763, 40.387113721085129 ], [ -3.671403248604486, 40.387700607539678 ], [ -3.671642875088652, 40.388482109156691 ], [ -3.671966407171807, 40.389608713263677 ], [ -3.672012251983257, 40.389764124887577 ], [ -3.672061633676743, 40.38993158811779 ], [ -3.672117765502186, 40.390138021460444 ], [ -3.67213413986777, 40.390232521761369 ], [ -3.67219798987602, 40.390433054280031 ], [ -3.672429058625728, 40.391442174153106 ], [ -3.672493630824883, 40.391750630267964 ], [ -3.673147282191836, 40.393557302468516 ], [ -3.673519853206419, 40.394314244021643 ], [ -3.672924359976891, 40.394671220408682 ], [ -3.672043430795839, 40.395308503132824 ], [ -3.671080949828569, 40.396435191655527 ], [ -3.670963092304665, 40.39657315422081 ], [ -3.670396081259365, 40.397072748915789 ], [ -3.670055019223626, 40.397388868936638 ], [ -3.669626696456631, 40.397829907839075 ], [ -3.669257455406611, 40.398323667575418 ], [ -3.667486321467921, 40.397411714894446 ], [ -3.665344608408064, 40.396279970390445 ], [ -3.665271523239387, 40.396241201382182 ], [ -3.664094818729357, 40.395614973561891 ], [ -3.663586356383778, 40.395349055193876 ], [ -3.662914690712975, 40.39499776236562 ], [ -3.662385511484738, 40.394721057339467 ], [ -3.663835570354298, 40.393092379389572 ], [ -3.663835297651206, 40.393016615399553 ], [ -3.663841783072142, 40.392957118164844 ], [ -3.664165652235631, 40.392101379362487 ], [ -3.664420934654169, 40.391472972728202 ], [ -3.664546001575563, 40.391250721324404 ], [ -3.665116416806542, 40.3903430241675 ], [ -3.664744758919492, 40.38927154195455 ], [ -3.664660974838339, 40.389030308599999 ], [ -3.664255128125695, 40.387499105632735 ], [ -3.664250448001641, 40.387478321496978 ], [ -3.6643128898112, 40.387406161169991 ], [ -3.664189112357889, 40.38677460993167 ], [ -3.664116703259656, 40.386365969379561 ], [ -3.663965614994574, 40.385513262419359 ], [ -3.663707781685818, 40.384305714533951 ], [ -3.663445274497056, 40.383077112210209 ] ] ] } },
{ "type": "Feature", "properties": { "barrio": "Palomeras Bajas", "distrito": "Puente de Vallecas", "area_km2": 1.724, "n_poi": 17, "diversidad_poi": 3, "n_restaurantes": 839, "pct_terrazas": 5.7, "accesibilidad_media": 2.4, "densidad_oferta": 496.5 }, "geometry": { "type": "Polygon", "coordinates": [ [ [ -3.65309202449501, 40.383617293610335 ], [ -3.65296759912945, 40.382283921860086 ], [ -3.652883558939011, 40.381424293780057 ], [ -3.652858849429856, 40.379667921889052 ], [ -3.652833677392681, 40.377875516502733 ], [ -3.652995794823997, 40.377377028495175 ], [ -3.653120509430783, 40.377141187108215 ], [ -3.653306227256329, 40.37692815440267 ], [ -3.653492776883145, 40.376764757841656 ], [ -3.653727730029255, 40.376624692156653 ], [ -3.653935715986395, 40.376534507928838 ], [ -3.654113220627206, 40.376483775504155 ], [ -3.654314955775035, 40.376453806869364 ], [ -3.654384256242526, 40.376030706838868 ], [ -3.654751059167596, 40.376028634252201 ], [ -3.655701608714876, 40.376105511678261 ], [ -3.655817071317877, 40.376119813883143 ], [ -3.656377639537444, 40.37618934251774 ], [ -3.656670005249985, 40.376224803886906 ], [ -3.656884296580138, 40.37625070700323 ], [ -3.658154121686952, 40.376452512139736 ], [ -3.658691193376434, 40.376600723676312 ], [ -3.658998313224879, 40.376687356990708 ], [ -3.659314413668997, 40.376776640119921 ], [ -3.659958328155729, 40.376948382793699 ], [ -3.660369340266825, 40.377058024293554 ], [ -3.661250611580835, 40.377336695472898 ], [ -3.66153892134608, 40.377450637099635 ], [ -3.661846930584373, 40.37757924020967 ], [ -3.662159805565191, 40.377711508370233 ], [ -3.662438566862002, 40.377836492632575 ], [ -3.663055178174804, 40.378117294583042 ], [ -3.663673709277329, 40.378437270946606 ], [ -3.664299014080244, 40.378786754950447 ], [ -3.665066511275015, 40.379267763517298 ], [ -3.665246264054074, 40.379386193122009 ], [ -3.665459291576049, 40.379521998735008 ], [ -3.665619031564934, 40.379617658871055 ], [ -3.666337252801473, 40.380165249563596 ], [ -3.666376066967892, 40.38019484695981 ], [ -3.666958782279641, 40.380642671023026 ], [ -3.666600297785946, 40.380845998840449 ], [ -3.664189741015907, 40.382683201076183 ], [ -3.66393867020105, 40.3824649981307 ], [ -3.663445274497056, 40.383077112210209 ], [ -3.663707781685818, 40.384305714533951 ], [ -3.663965614994574, 40.385513262419359 ], [ -3.664116703259656, 40.386365969379561 ], [ -3.664189112357889, 40.38677460993167 ], [ -3.6643128898112, 40.387406161169991 ], [ -3.664250448001641, 40.387478321496978 ], [ -3.664255128125695, 40.387499105632735 ], [ -3.664660974838339, 40.389030308599999 ], [ -3.664744758919492, 40.38927154195455 ], [ -3.665116416806542, 40.3903430241675 ], [ -3.664546001575563, 40.391250721324404 ], [ -3.664420934654169, 40.391472972728202 ], [ -3.664165652235631, 40.392101379362487 ], [ -3.663841783072142, 40.392957118164844 ], [ -3.663835297651206, 40.393016615399553 ], [ -3.663835570354298, 40.393092379389572 ], [ -3.662385511484738, 40.394721057339467 ], [ -3.660030034681034, 40.393485027840789 ], [ -3.658870257726177, 40.392844686521578 ], [ -3.65823703745271, 40.392528192566992 ], [ -3.657241162910188, 40.392006453191215 ], [ -3.657208831627506, 40.391989519673189 ], [ -3.657002278396385, 40.391891951067798 ], [ -3.656963301533326, 40.391882262515111 ], [ -3.656930467365168, 40.391874069696918 ], [ -3.656806036655337, 40.391849189810877 ], [ -3.655255453931929, 40.391678868024982 ], [ -3.654366725530307, 40.391608665782826 ], [ -3.654065334658018, 40.391584871610732 ], [ -3.653729747618299, 40.3915582969829 ], [ -3.652932467643277, 40.389365560931999 ], [ -3.652997214451725, 40.3882736526608 ], [ -3.653078298490136, 40.38690876433818 ], [ -3.653086422594864, 40.384929593698047 ], [ -3.653090024564767, 40.384057219674027 ], [ -3.653089996722715, 40.384054336916648 ], [ -3.65309202449501, 40.383617293610335 ] ] ] } },
{ "type": "Feature", "properties": { "barrio": "Palomeras Sureste", "distrito": "Puente de Vallecas", "area_km2": 3.109, "n_poi": 14, "diversidad_poi": 5, "n_restaurantes": 1035, "pct_terrazas": 5.4, "accesibilidad_media": 3.8, "densidad_oferta": 337.4 }, "geometry": { "type": "Polygon", "coordinates": [ [ [ -3.652361344919608, 40.376046438843389 ], [ -3.652812360035256, 40.376018492502439 ], [ -3.654384256242526, 40.376030706838868 ], [ -3.654314955775035, 40.376453806869364 ], [ -3.654113220627206, 40.376483775504155 ], [ -3.653935715986395, 40.376534507928838 ], [ -3.653727730029255, 40.376624692156653 ], [ -3.653492776883145, 40.376764757841656 ], [ -3.653306227256329, 40.37692815440267 ], [ -3.653120509430783, 40.377141187108215 ], [ -3.652995794823997, 40.377377028495175 ], [ -3.652833677392681, 40.377875516502733 ], [ -3.652858849429856, 40.379667921889052 ], [ -3.652883558939011, 40.381424293780057 ], [ -3.652444388372384, 40.381474787397806 ], [ -3.651699915333752, 40.381641141265426 ], [ -3.650823182597421, 40.381922289240222 ], [ -3.650569105556822, 40.382023987631001 ], [ -3.650185546258433, 40.382198395456967 ], [ -3.64967921172582, 40.38245691531877 ], [ -3.649216726879003, 40.38274302494321 ], [ -3.648596253036731, 40.383213443548151 ], [ -3.648151006322159, 40.383627651847632 ], [ -3.647884793982393, 40.383964369939456 ], [ -3.647036437401719, 40.385037413771691 ], [ -3.646513651943928, 40.385698718887411 ], [ -3.645916060886204, 40.386473052386911 ], [ -3.644995965226335, 40.38766522072207 ], [ -3.643937283742708, 40.389054998690483 ], [ -3.643312737617567, 40.389887306954975 ], [ -3.642753648438729, 40.390579156414759 ], [ -3.641955456925214, 40.391715486592403 ], [ -3.641011516258213, 40.392929375765391 ], [ -3.640428987131979, 40.393726929381899 ], [ -3.639980874424025, 40.394796805404468 ], [ -3.639469332782534, 40.394692962386657 ], [ -3.639014457369208, 40.394600425693561 ], [ -3.632611870378724, 40.393248248745053 ], [ -3.629791855365508, 40.39256219191072 ], [ -3.627464296386601, 40.392057004948065 ], [ -3.625117051636932, 40.391545200788791 ], [ -3.623021366719533, 40.391084899735148 ], [ -3.621888685420228, 40.390838567174541 ], [ -3.623700465906907, 40.386429796974362 ], [ -3.624328662659076, 40.385011802278257 ], [ -3.624764730806641, 40.384160792955853 ], [ -3.625323434897339, 40.383233624191639 ], [ -3.62458566071078, 40.382092630810554 ], [ -3.625904706041645, 40.381792899874931 ], [ -3.627161759517802, 40.381504479448068 ], [ -3.630191382482326, 40.380778668712573 ], [ -3.632586249279312, 40.380209394196676 ], [ -3.633026665163624, 40.380102041432238 ], [ -3.634376218124691, 40.379773115923562 ], [ -3.64151066259938, 40.377954079581656 ], [ -3.645067607134389, 40.377229815980648 ], [ -3.648576004956392, 40.376524184017804 ], [ -3.649907340535443, 40.376312756663822 ], [ -3.6515052329305, 40.376099905377906 ], [ -3.652361344919608, 40.376046438843389 ] ] ] } },
{ "type": "Feature", "properties": { "barrio": "Portazgo", "distrito": "Puente de Vallecas", "area_km2": 1.245, "n_poi": 4, "diversidad_poi": 1, "n_restaurantes": 869, "pct_terrazas": 6.7, "accesibilidad_media": 2.2, "densidad_oferta": 701.2 }, "geometry": { "type": "Polygon", "coordinates": [ [ [ -3.652444388372384, 40.381474787397806 ], [ -3.652883558939011, 40.381424293780057 ], [ -3.65296759912945, 40.382283921860086 ], [ -3.65309202449501, 40.383617293610335 ], [ -3.653089996722715, 40.384054336916648 ], [ -3.653090024564767, 40.384057219674027 ], [ -3.653086422594864, 40.384929593698047 ], [ -3.653078298490136, 40.38690876433818 ], [ -3.652997214451725, 40.3882736526608 ], [ -3.652932467643277, 40.389365560931999 ], [ -3.653729747618299, 40.3915582969829 ], [ -3.654065334658018, 40.391584871610732 ], [ -3.653842693605382, 40.393137767195007 ], [ -3.653810486310646, 40.393243264713206 ], [ -3.653769713199291, 40.393376829833223 ], [ -3.653686622377354, 40.393508651271375 ], [ -3.653472975500306, 40.393847607957746 ], [ -3.65346108553238, 40.393860918517845 ], [ -3.653449196421914, 40.393874318261908 ], [ -3.65333577929724, 40.394001717076776 ], [ -3.653068264401384, 40.394302417527889 ], [ -3.652609542074576, 40.394716448144067 ], [ -3.652257557439885, 40.395055911141206 ], [ -3.651702014161827, 40.395486969073303 ], [ -3.649178653854098, 40.397145026847788 ], [ -3.648713194158582, 40.397450880567334 ], [ -3.648334851582055, 40.397699486715119 ], [ -3.647060808206332, 40.398536528761163 ], [ -3.645439682461388, 40.397075556338969 ], [ -3.645440385995444, 40.397075192048256 ], [ -3.644913994555069, 40.39662784847819 ], [ -3.644911853873809, 40.396625788326602 ], [ -3.644295497145273, 40.396208582636149 ], [ -3.643767161634336, 40.395939264251041 ], [ -3.643419017007171, 40.395771196819467 ], [ -3.64310794169553, 40.395635174720979 ], [ -3.642634269631949, 40.395450503730878 ], [ -3.642282025884955, 40.395346510289244 ], [ -3.639980874424025, 40.394796805404468 ], [ -3.640428987131979, 40.393726929381899 ], [ -3.641011516258213, 40.392929375765391 ], [ -3.641955456925214, 40.391715486592403 ], [ -3.642753648438729, 40.390579156414759 ], [ -3.643312737617567, 40.389887306954975 ], [ -3.643937283742708, 40.389054998690483 ], [ -3.644995965226335, 40.38766522072207 ], [ -3.645916060886204, 40.386473052386911 ], [ -3.646513651943928, 40.385698718887411 ], [ -3.647036437401719, 40.385037413771691 ], [ -3.647884793982393, 40.383964369939456 ], [ -3.648151006322159, 40.383627651847632 ], [ -3.648596253036731, 40.383213443548151 ], [ -3.649216726879003, 40.38274302494321 ], [ -3.64967921172582, 40.38245691531877 ], [ -3.650185546258433, 40.382198395456967 ], [ -3.650569105556822, 40.382023987631001 ], [ -3.650823182597421, 40.381922289240222 ], [ -3.651699915333752, 40.381641141265426 ], [ -3.652444388372384, 40.381474787397806 ] ] ] } },
{ "type": "Feature", "properties": { "barrio": "Numancia", "distrito": "Puente de Vallecas", "area_km2": 1.849, "n_poi": 9, "diversidad_poi": 5, "n_restaurantes": 1438, "pct_terrazas": 3.5, "accesibilidad_media": 4.8, "densidad_oferta": 782.6 }, "geometry": { "type": "Polygon", "coordinates": [ [ [ -3.653842693605382, 40.393137767195007 ], [ -3.654065334658018, 40.391584871610732 ], [ -3.654366725530307, 40.391608665782826 ], [ -3.655255453931929, 40.391678868024982 ], [ -3.656806036655337, 40.391849189810877 ], [ -3.656930467365168, 40.391874069696918 ], [ -3.656963301533326, 40.391882262515111 ], [ -3.657002278396385, 40.391891951067798 ], [ -3.657208831627506, 40.391989519673189 ], [ -3.657241162910188, 40.392006453191215 ], [ -3.65823703745271, 40.392528192566992 ], [ -3.658870257726177, 40.392844686521578 ], [ -3.660030034681034, 40.393485027840789 ], [ -3.662385511484738, 40.394721057339467 ], [ -3.662914690712975, 40.39499776236562 ], [ -3.663586356383778, 40.395349055193876 ], [ -3.664094818729357, 40.395614973561891 ], [ -3.665271523239387, 40.396241201382182 ], [ -3.665344608408064, 40.396279970390445 ], [ -3.667486321467921, 40.397411714894446 ], [ -3.669257455406611, 40.398323667575418 ], [ -3.668276465923432, 40.399635287796073 ], [ -3.666784620645087, 40.402622017698597 ], [ -3.666694186361396, 40.402892089807139 ], [ -3.666330439627602, 40.403864551295541 ], [ -3.665565417690779, 40.405556080200164 ], [ -3.665210512290004, 40.406340197330415 ], [ -3.65888306414377, 40.405901130483194 ], [ -3.658670212684048, 40.405887476448896 ], [ -3.658553112552867, 40.405879853319945 ], [ -3.657770285401146, 40.405812318771233 ], [ -3.657370319769785, 40.40577774181736 ], [ -3.656714382425158, 40.405694344279659 ], [ -3.656429039247881, 40.405630646112535 ], [ -3.656114966713564, 40.405545307408588 ], [ -3.655964842626497, 40.405486247051456 ], [ -3.655814719674294, 40.405427276582536 ], [ -3.655326154366109, 40.405224544265629 ], [ -3.65485688185084, 40.405029988953963 ], [ -3.654427904491336, 40.404785654648606 ], [ -3.654015163507454, 40.404550415253944 ], [ -3.652969848775044, 40.40370783658954 ], [ -3.652967235390235, 40.403705689169328 ], [ -3.651329417043571, 40.402385527182332 ], [ -3.648918245870447, 40.400301560832695 ], [ -3.647060808206332, 40.398536528761163 ], [ -3.648334851582055, 40.397699486715119 ], [ -3.648713194158582, 40.397450880567334 ], [ -3.649178653854098, 40.397145026847788 ], [ -3.651702014161827, 40.395486969073303 ], [ -3.652257557439885, 40.395055911141206 ], [ -3.652609542074576, 40.394716448144067 ], [ -3.653068264401384, 40.394302417527889 ], [ -3.65333577929724, 40.394001717076776 ], [ -3.653449196421914, 40.393874318261908 ], [ -3.65346108553238, 40.393860918517845 ], [ -3.653472975500306, 40.393847607957746 ], [ -3.653686622377354, 40.393508651271375 ], [ -3.653769713199291, 40.393376829833223 ], [ -3.653810486310646, 40.393243264713206 ], [ -3.653842693605382, 40.393137767195007 ] ] ] } },
{ "type": "Feature", "properties": { "barrio": "Pavones", "distrito": "Moratalaz", "area_km2": 1.01, "n_poi": 6, "diversidad_poi": 3, "n_restaurantes": 161, "pct_terrazas": 6.8, "accesibilidad_media": 5.4, "densidad_oferta": 165.3 }, "geometry": { "type": "Polygon", "coordinates": [ [ [ -3.626218257817214, 40.403974621938417 ], [ -3.625273181923288, 40.40365613917492 ], [ -3.625447678462435, 40.403312033019652 ], [ -3.625664245680232, 40.402866007074103 ], [ -3.625917586125136, 40.402274832623945 ], [ -3.62610758920505, 40.401765027391633 ], [ -3.626245964537216, 40.40131876866937 ], [ -3.626408754171125, 40.400749610621844 ], [ -3.626606683317977, 40.399880340223383 ], [ -3.62679208741679, 40.399027110383848 ], [ -3.626885058353112, 40.398600702412189 ], [ -3.627070392324053, 40.397946148990044 ], [ -3.62729159653512, 40.3973088395201 ], [ -3.627488664925889, 40.396825964736685 ], [ -3.627713053070833, 40.396334113264651 ], [ -3.627977456743154, 40.395802709390708 ], [ -3.629791855365508, 40.39256219191072 ], [ -3.632611870378724, 40.393248248745053 ], [ -3.639014457369208, 40.394600425693561 ], [ -3.639469332782534, 40.394692962386657 ], [ -3.639980874424025, 40.394796805404468 ], [ -3.639687163011332, 40.39561086899581 ], [ -3.638513718897417, 40.397437991527724 ], [ -3.637953447632201, 40.398278744817318 ], [ -3.636166339589002, 40.400959949759709 ], [ -3.634855606495502, 40.402894816182119 ], [ -3.634290870032689, 40.403759089353159 ], [ -3.632260125211303, 40.40379523525597 ], [ -3.631576846931655, 40.403807340753197 ], [ -3.6292372349188, 40.4038320534872 ], [ -3.628197475698231, 40.403845171224987 ], [ -3.628105847616072, 40.403838641019163 ], [ -3.628020724390684, 40.403821804152187 ], [ -3.628007501050726, 40.403819174149362 ], [ -3.627921635132881, 40.403785944708595 ], [ -3.627875731228146, 40.403753851371938 ], [ -3.627874679019206, 40.40375475709326 ], [ -3.627638923931176, 40.40395135131434 ], [ -3.627266001878023, 40.404224994403378 ], [ -3.626993297149895, 40.40438962531389 ], [ -3.626948338998432, 40.404357976037119 ], [ -3.626879493521479, 40.404317357078277 ], [ -3.626727983226767, 40.404220157771881 ], [ -3.626218257817214, 40.403974621938417 ] ] ] } },
{ "type": "Feature", "properties": { "barrio": "Horcajo", "distrito": "Moratalaz", "area_km2": 0.746, "n_poi": 5, "diversidad_poi": 2, "n_restaurantes": 95, "pct_terrazas": 8.4, "accesibilidad_media": 1.6, "densidad_oferta": 134.0 }, "geometry": { "type": "Polygon", "coordinates": [ [ [ -3.621812366539072, 40.413066714758799 ], [ -3.621373031091327, 40.413060241503921 ], [ -3.620361624623696, 40.413083317821552 ], [ -3.623932838784701, 40.406212225219178 ], [ -3.623950583502789, 40.406178385945928 ], [ -3.625273181923288, 40.40365613917492 ], [ -3.626218257817214, 40.403974621938417 ], [ -3.626727983226767, 40.404220157771881 ], [ -3.626879493521479, 40.404317357078277 ], [ -3.626948338998432, 40.404357976037119 ], [ -3.626993297149895, 40.40438962531389 ], [ -3.627266001878023, 40.404224994403378 ], [ -3.627638923931176, 40.40395135131434 ], [ -3.627874679019206, 40.40375475709326 ], [ -3.627875731228146, 40.403753851371938 ], [ -3.627921635132881, 40.403785944708595 ], [ -3.628007501050726, 40.403819174149362 ], [ -3.628020724390684, 40.403821804152187 ], [ -3.628105847616072, 40.403838641019163 ], [ -3.628197475698231, 40.403845171224987 ], [ -3.6292372349188, 40.4038320534872 ], [ -3.631576846931655, 40.403807340753197 ], [ -3.632260125211303, 40.40379523525597 ], [ -3.634290870032689, 40.403759089353159 ], [ -3.633902146367597, 40.404367980154113 ], [ -3.633662691223099, 40.40472118473528 ], [ -3.633485345006591, 40.404961887276777 ], [ -3.633272790822535, 40.405218276194915 ], [ -3.633089976570761, 40.405416395110549 ], [ -3.632834569920841, 40.405690495451836 ], [ -3.632484129453677, 40.406073223171205 ], [ -3.632184096776527, 40.406440269588572 ], [ -3.63171429134273, 40.407040315868414 ], [ -3.631272099807283, 40.407632369734145 ], [ -3.630429029828118, 40.409178138895548 ], [ -3.62969669416853, 40.410520837635836 ], [ -3.62759032493572, 40.414382429501302 ], [ -3.626698169636245, 40.414073830629292 ], [ -3.625648897019849, 40.41371291983539 ], [ -3.625075295651795, 40.413539257156842 ], [ -3.624235766864292, 40.413349545577454 ], [ -3.623304086972931, 40.413186720385895 ], [ -3.622476975807504, 40.413102876648736 ], [ -3.62215995151706, 40.413080254917595 ], [ -3.621812366539072, 40.413066714758799 ] ] ] } },
{ "type": "Feature", "properties": { "barrio": "Marroquina", "distrito": "Moratalaz", "area_km2": 1.79, "n_poi": 16, "diversidad_poi": 3, "n_restaurantes": 802, "pct_terrazas": 10.1, "accesibilidad_media": 2.7, "densidad_oferta": 457.0 }, "geometry": { "type": "Polygon", "coordinates": [ [ [ -3.642885142026231, 40.414512797492861 ], [ -3.640947178196231, 40.414423265472131 ], [ -3.639086895113795, 40.414458678686614 ], [ -3.637533043624738, 40.414592376915621 ], [ -3.634906461083346, 40.414961310028104 ], [ -3.634504396451423, 40.415021531101033 ], [ -3.633805135933051, 40.415126260796939 ], [ -3.633437235938207, 40.415147192425152 ], [ -3.632487385374255, 40.415201301774509 ], [ -3.631899976545473, 40.415192705502335 ], [ -3.631897147879142, 40.415192720962061 ], [ -3.63144872350604, 40.415186156423772 ], [ -3.630669288866331, 40.415112113771386 ], [ -3.629937344201438, 40.415011500648788 ], [ -3.62903379804298, 40.414823255691232 ], [ -3.628612229046992, 40.414700587330152 ], [ -3.628047303054563, 40.414536170732006 ], [ -3.62759032493572, 40.414382429501302 ], [ -3.62969669416853, 40.410520837635836 ], [ -3.630429029828118, 40.409178138895548 ], [ -3.631272099807283, 40.407632369734145 ], [ -3.63171429134273, 40.407040315868414 ], [ -3.632184096776527, 40.406440269588572 ], [ -3.632484129453677, 40.406073223171205 ], [ -3.632834569920841, 40.405690495451836 ], [ -3.633089976570761, 40.405416395110549 ], [ -3.633272790822535, 40.405218276194915 ], [ -3.633485345006591, 40.404961887276777 ], [ -3.633662691223099, 40.40472118473528 ], [ -3.633902146367597, 40.404367980154113 ], [ -3.634290870032689, 40.403759089353159 ], [ -3.634724277946598, 40.403755724489926 ], [ -3.635176530729122, 40.403751354474068 ], [ -3.635508745153605, 40.403764487696364 ], [ -3.63583487178287, 40.403794410334967 ], [ -3.636151144218398, 40.403854116241504 ], [ -3.636392371259347, 40.403916124453637 ], [ -3.636647405528661, 40.403992742743242 ], [ -3.637190237427837, 40.404233454543622 ], [ -3.637644344314738, 40.404525282341346 ], [ -3.63820718475311, 40.404999755610184 ], [ -3.638503469400236, 40.405325603501673 ], [ -3.638717565196506, 40.405583705026551 ], [ -3.639035069841495, 40.405997092622634 ], [ -3.63928348023589, 40.405920406242274 ], [ -3.639408037307508, 40.405881970364881 ], [ -3.639448355322898, 40.406207246292439 ], [ -3.639550033397411, 40.407026692841256 ], [ -3.639790819694121, 40.407526268064188 ], [ -3.640090111359326, 40.408167773956734 ], [ -3.640231819253726, 40.40847140689845 ], [ -3.640260328861639, 40.408532511635102 ], [ -3.640644924918822, 40.409120841378979 ], [ -3.640654350408529, 40.409132950501132 ], [ -3.640934470298481, 40.409490954633654 ], [ -3.641169722470044, 40.409740555668861 ], [ -3.641252228550737, 40.409828206832827 ], [ -3.64171751516046, 40.409578023632641 ], [ -3.643262505278349, 40.408954173730486 ], [ -3.643729976408816, 40.408768059911665 ], [ -3.645848543655612, 40.407904999666208 ], [ -3.647758864725845, 40.407096489443319 ], [ -3.647835864293308, 40.407064076729313 ], [ -3.649073289206394, 40.406546154759432 ], [ -3.651039133882017, 40.405722955080726 ], [ -3.651287123319035, 40.406081203450427 ], [ -3.651575152199557, 40.406497153979032 ], [ -3.651607059716327, 40.406543011434749 ], [ -3.652093242179222, 40.407183073274233 ], [ -3.652525749098186, 40.407780192368953 ], [ -3.652782431877032, 40.408207128422639 ], [ -3.653030274860224, 40.408670240166991 ], [ -3.653063972449142, 40.408742572854159 ], [ -3.653082287006796, 40.408820578945516 ], [ -3.653079936986171, 40.408894466592685 ], [ -3.653041578294281, 40.409022971504108 ], [ -3.652562921969629, 40.410202434973598 ], [ -3.652552297131249, 40.410225017609285 ], [ -3.652480698437285, 40.410377583936508 ], [ -3.652381274768211, 40.410602470750653 ], [ -3.651677717482665, 40.412283019304816 ], [ -3.652311967341476, 40.412250350623012 ], [ -3.65297461822456, 40.412241752453014 ], [ -3.653065713229163, 40.412240608216159 ], [ -3.653173940259018, 40.412243691475638 ], [ -3.653385913786692, 40.412249792920157 ], [ -3.653542515993788, 40.412270531388387 ], [ -3.65357462207091, 40.412275576062505 ], [ -3.653677788186531, 40.412291570420408 ], [ -3.653806279767615, 40.412318323347584 ], [ -3.653944928816358, 40.412347269145783 ], [ -3.6528789261952, 40.413316623715758 ], [ -3.652784287898537, 40.413402653187767 ], [ -3.651560319919039, 40.414556218965359 ], [ -3.650391250743219, 40.41567450858237 ], [ -3.650264615689033, 40.415829003733748 ], [ -3.650134078189525, 40.416092441120178 ], [ -3.647720139992327, 40.415366590082471 ], [ -3.646471542007684, 40.415054824155199 ], [ -3.646084832773329, 40.414981755589451 ], [ -3.645417568693247, 40.414855744678249 ], [ -3.644108690456863, 40.414647802887551 ], [ -3.642885142026231, 40.414512797492861 ] ] ] } },
{ "type": "Feature", "properties": { "barrio": "Media Legua", "distrito": "Moratalaz", "area_km2": 0.999, "n_poi": 2, "diversidad_poi": 2, "n_restaurantes": 402, "pct_terrazas": 6.2, "accesibilidad_media": 3.4, "densidad_oferta": 404.4 }, "geometry": { "type": "Polygon", "coordinates": [ [ [ -3.653173940259018, 40.412243691475638 ], [ -3.653065713229163, 40.412240608216159 ], [ -3.65297461822456, 40.412241752453014 ], [ -3.652311967341476, 40.412250350623012 ], [ -3.651677717482665, 40.412283019304816 ], [ -3.652381274768211, 40.410602470750653 ], [ -3.652480698437285, 40.410377583936508 ], [ -3.652552297131249, 40.410225017609285 ], [ -3.652562921969629, 40.410202434973598 ], [ -3.653041578294281, 40.409022971504108 ], [ -3.653079936986171, 40.408894466592685 ], [ -3.653082287006796, 40.408820578945516 ], [ -3.653063972449142, 40.408742572854159 ], [ -3.653030274860224, 40.408670240166991 ], [ -3.652782431877032, 40.408207128422639 ], [ -3.652525749098186, 40.407780192368953 ], [ -3.652093242179222, 40.407183073274233 ], [ -3.651607059716327, 40.406543011434749 ], [ -3.651575152199557, 40.406497153979032 ], [ -3.651287123319035, 40.406081203450427 ], [ -3.651039133882017, 40.405722955080726 ], [ -3.651253672953525, 40.405667243784038 ], [ -3.651338783627688, 40.405645143486829 ], [ -3.651599783710369, 40.405629171008606 ], [ -3.651817677426953, 40.405615873406582 ], [ -3.651852423135989, 40.405613785620865 ], [ -3.651972985002693, 40.405614008578389 ], [ -3.652465371977807, 40.405615109504112 ], [ -3.652594704368783, 40.405632669835896 ], [ -3.653134811006475, 40.405706023419953 ], [ -3.653655767192749, 40.405797680171318 ], [ -3.653890586931774, 40.405852842029709 ], [ -3.65410886840284, 40.405904041987064 ], [ -3.654698375659037, 40.406052155260753 ], [ -3.655067826132421, 40.406172769913987 ], [ -3.655136279274667, 40.406195175027776 ], [ -3.655185221376735, 40.406210935659054 ], [ -3.655359002675445, 40.406266709756217 ], [ -3.655713467409329, 40.406372902667862 ], [ -3.656313064926934, 40.406552120946458 ], [ -3.656709280489602, 40.406637083558216 ], [ -3.656988345007861, 40.406696853598355 ], [ -3.657679299188066, 40.406817167746517 ], [ -3.658435311140374, 40.407009991581248 ], [ -3.659000621108243, 40.407176598244078 ], [ -3.659438854090811, 40.407291312193067 ], [ -3.660503156142344, 40.407554259748977 ], [ -3.661994532778533, 40.407958001760996 ], [ -3.664094464012118, 40.408523284063428 ], [ -3.663763404218498, 40.409170772108247 ], [ -3.663389659051943, 40.409900665842031 ], [ -3.662917216930351, 40.410962928048399 ], [ -3.662916757001455, 40.410964100962808 ], [ -3.662534277914133, 40.411574492462094 ], [ -3.662487511553607, 40.411649084304173 ], [ -3.661482193235793, 40.413253579382136 ], [ -3.66115945600449, 40.413768668846892 ], [ -3.661053849449352, 40.413937289868059 ], [ -3.660585328436361, 40.414695734082393 ], [ -3.65944206138891, 40.416546674942879 ], [ -3.6589713086209, 40.417442602365128 ], [ -3.658695477181209, 40.418674358705587 ], [ -3.656292358896229, 40.418049977608483 ], [ -3.654013206637878, 40.417454126451183 ], [ -3.650134078189525, 40.416092441120178 ], [ -3.650264615689033, 40.415829003733748 ], [ -3.650391250743219, 40.41567450858237 ], [ -3.651560319919039, 40.414556218965359 ], [ -3.652784287898537, 40.413402653187767 ], [ -3.6528789261952, 40.413316623715758 ], [ -3.653944928816358, 40.412347269145783 ], [ -3.653806279767615, 40.412318323347584 ], [ -3.653677788186531, 40.412291570420408 ], [ -3.65357462207091, 40.412275576062505 ], [ -3.653542515993788, 40.412270531388387 ], [ -3.653385913786692, 40.412249792920157 ], [ -3.653173940259018, 40.412243691475638 ] ] ] } },
{ "type": "Feature", "properties": { "barrio": "Fontarrón", "distrito": "Moratalaz", "area_km2": 0.965, "n_poi": 4, "diversidad_poi": 2, "n_restaurantes": 308, "pct_terrazas": 4.5, "accesibilidad_media": 2.5, "densidad_oferta": 323.3 }, "geometry": { "type": "Polygon", "coordinates": [ [ [ -3.651972985002693, 40.405614008578389 ], [ -3.651852423135989, 40.405613785620865 ], [ -3.651817677426953, 40.405615873406582 ], [ -3.651599783710369, 40.405629171008606 ], [ -3.651338783627688, 40.405645143486829 ], [ -3.651253672953525, 40.405667243784038 ], [ -3.651039133882017, 40.405722955080726 ], [ -3.650842743152727, 40.405362523811085 ], [ -3.650580280640747, 40.405226519693528 ], [ -3.649517036135736, 40.404746895464115 ], [ -3.649167517193847, 40.404589213884258 ], [ -3.648324321167749, 40.404208796867181 ], [ -3.648264672644436, 40.404182283353286 ], [ -3.648139378480282, 40.404130732203051 ], [ -3.648069210796559, 40.40410112437494 ], [ -3.647811742195854, 40.403980941007781 ], [ -3.64776060250757, 40.403956993093146 ], [ -3.647548473549114, 40.403882593318983 ], [ -3.647487578251388, 40.40386131164977 ], [ -3.64710137973623, 40.403736531232347 ], [ -3.646676734928891, 40.403657910856886 ], [ -3.646340961452248, 40.403630144823666 ], [ -3.644417874434049, 40.403572928692853 ], [ -3.644352980291467, 40.403515271870575 ], [ -3.644229472171824, 40.403428119744746 ], [ -3.643849668192934, 40.403280950287922 ], [ -3.643171678523293, 40.40301822686753 ], [ -3.642816555130009, 40.402863531062458 ], [ -3.642233297640844, 40.40266045788092 ], [ -3.641781068491095, 40.40257962943101 ], [ -3.641266757870548, 40.402550765576692 ], [ -3.640877613684719, 40.402560846613369 ], [ -3.640519466128047, 40.402558863547938 ], [ -3.640249198322483, 40.402528555630013 ], [ -3.640094321032702, 40.402500491255665 ], [ -3.639994452823819, 40.402482395268265 ], [ -3.639598810279393, 40.40235358789775 ], [ -3.639598343179967, 40.402354040034837 ], [ -3.638940115391444, 40.40208478683742 ], [ -3.638478648392773, 40.401885887390918 ], [ -3.63778989150583, 40.401602380740457 ], [ -3.636477933360483, 40.401062293550339 ], [ -3.636166339589002, 40.400959949759709 ], [ -3.637953447632201, 40.398278744817318 ], [ -3.638513718897417, 40.397437991527724 ], [ -3.639687163011332, 40.39561086899581 ], [ -3.639980874424025, 40.394796805404468 ], [ -3.642282025884955, 40.395346510289244 ], [ -3.642634269631949, 40.395450503730878 ], [ -3.64310794169553, 40.395635174720979 ], [ -3.643419017007171, 40.395771196819467 ], [ -3.643767161634336, 40.395939264251041 ], [ -3.644295497145273, 40.396208582636149 ], [ -3.644911853873809, 40.396625788326602 ], [ -3.644913994555069, 40.39662784847819 ], [ -3.645440385995444, 40.397075192048256 ], [ -3.645439682461388, 40.397075556338969 ], [ -3.647060808206332, 40.398536528761163 ], [ -3.648918245870447, 40.400301560832695 ], [ -3.651329417043571, 40.402385527182332 ], [ -3.652967235390235, 40.403705689169328 ], [ -3.652969848775044, 40.40370783658954 ], [ -3.654015163507454, 40.404550415253944 ], [ -3.654427904491336, 40.404785654648606 ], [ -3.65485688185084, 40.405029988953963 ], [ -3.655326154366109, 40.405224544265629 ], [ -3.655814719674294, 40.405427276582536 ], [ -3.655964842626497, 40.405486247051456 ], [ -3.656114966713564, 40.405545307408588 ], [ -3.656429039247881, 40.405630646112535 ], [ -3.656714382425158, 40.405694344279659 ], [ -3.657370319769785, 40.40577774181736 ], [ -3.657770285401146, 40.405812318771233 ], [ -3.658553112552867, 40.405879853319945 ], [ -3.658670212684048, 40.405887476448896 ], [ -3.65888306414377, 40.405901130483194 ], [ -3.665210512290004, 40.406340197330415 ], [ -3.665151426625898, 40.406455762356046 ], [ -3.664094464012118, 40.408523284063428 ], [ -3.661994532778533, 40.407958001760996 ], [ -3.660503156142344, 40.407554259748977 ], [ -3.659438854090811, 40.407291312193067 ], [ -3.659000621108243, 40.407176598244078 ], [ -3.658435311140374, 40.407009991581248 ], [ -3.657679299188066, 40.406817167746517 ], [ -3.656988345007861, 40.406696853598355 ], [ -3.656709280489602, 40.406637083558216 ], [ -3.656313064926934, 40.406552120946458 ], [ -3.655713467409329, 40.406372902667862 ], [ -3.655359002675445, 40.406266709756217 ], [ -3.655185221376735, 40.406210935659054 ], [ -3.655136279274667, 40.406195175027776 ], [ -3.655067826132421, 40.406172769913987 ], [ -3.654698375659037, 40.406052155260753 ], [ -3.65410886840284, 40.405904041987064 ], [ -3.653890586931774, 40.405852842029709 ], [ -3.653655767192749, 40.405797680171318 ], [ -3.653134811006475, 40.405706023419953 ], [ -3.652594704368783, 40.405632669835896 ], [ -3.652465371977807, 40.405615109504112 ], [ -3.651972985002693, 40.405614008578389 ] ] ] } },
{ "type": "Feature", "properties": { "barrio": "Vinateros", "distrito": "Moratalaz", "area_km2": 0.594, "n_poi": 6, "diversidad_poi": 4, "n_restaurantes": 293, "pct_terrazas": 7.5, "accesibilidad_media": 4.8, "densidad_oferta": 503.4 }, "geometry": { "type": "Polygon", "coordinates": [ [ [ -3.640644924918822, 40.409120841378979 ], [ -3.640260328861639, 40.408532511635102 ], [ -3.640231819253726, 40.40847140689845 ], [ -3.640090111359326, 40.408167773956734 ], [ -3.639790819694121, 40.407526268064188 ], [ -3.639550033397411, 40.407026692841256 ], [ -3.639448355322898, 40.406207246292439 ], [ -3.639408037307508, 40.405881970364881 ], [ -3.63928348023589, 40.405920406242274 ], [ -3.639035069841495, 40.405997092622634 ], [ -3.638717565196506, 40.405583705026551 ], [ -3.638503469400236, 40.405325603501673 ], [ -3.63820718475311, 40.404999755610184 ], [ -3.637644344314738, 40.404525282341346 ], [ -3.637190237427837, 40.404233454543622 ], [ -3.636647405528661, 40.403992742743242 ], [ -3.636392371259347, 40.403916124453637 ], [ -3.636151144218398, 40.403854116241504 ], [ -3.63583487178287, 40.403794410334967 ], [ -3.635508745153605, 40.403764487696364 ], [ -3.635176530729122, 40.403751354474068 ], [ -3.634724277946598, 40.403755724489926 ], [ -3.634290870032689, 40.403759089353159 ], [ -3.634855606495502, 40.402894816182119 ], [ -3.636166339589002, 40.400959949759709 ], [ -3.636477933360483, 40.401062293550339 ], [ -3.63778989150583, 40.401602380740457 ], [ -3.638478648392773, 40.401885887390918 ], [ -3.638940115391444, 40.40208478683742 ], [ -3.639598343179967, 40.402354040034837 ], [ -3.639598810279393, 40.40235358789775 ], [ -3.639994452823819, 40.402482395268265 ], [ -3.640094321032702, 40.402500491255665 ], [ -3.640249198322483, 40.402528555630013 ], [ -3.640519466128047, 40.402558863547938 ], [ -3.640877613684719, 40.402560846613369 ], [ -3.641266757870548, 40.402550765576692 ], [ -3.641781068491095, 40.40257962943101 ], [ -3.642233297640844, 40.40266045788092 ], [ -3.642816555130009, 40.402863531062458 ], [ -3.643171678523293, 40.40301822686753 ], [ -3.643849668192934, 40.403280950287922 ], [ -3.644229472171824, 40.403428119744746 ], [ -3.644352980291467, 40.403515271870575 ], [ -3.644417874434049, 40.403572928692853 ], [ -3.646340961452248, 40.403630144823666 ], [ -3.646676734928891, 40.403657910856886 ], [ -3.64710137973623, 40.403736531232347 ], [ -3.647487578251388, 40.40386131164977 ], [ -3.647548473549114, 40.403882593318983 ], [ -3.64776060250757, 40.403956993093146 ], [ -3.647811742195854, 40.403980941007781 ], [ -3.648069210796559, 40.40410112437494 ], [ -3.648139378480282, 40.404130732203051 ], [ -3.648264672644436, 40.404182283353286 ], [ -3.648324321167749, 40.404208796867181 ], [ -3.649167517193847, 40.404589213884258 ], [ -3.649517036135736, 40.404746895464115 ], [ -3.650580280640747, 40.405226519693528 ], [ -3.650842743152727, 40.405362523811085 ], [ -3.651039133882017, 40.405722955080726 ], [ -3.649073289206394, 40.406546154759432 ], [ -3.647835864293308, 40.407064076729313 ], [ -3.647758864725845, 40.407096489443319 ], [ -3.645848543655612, 40.407904999666208 ], [ -3.643729976408816, 40.408768059911665 ], [ -3.643262505278349, 40.408954173730486 ], [ -3.64171751516046, 40.409578023632641 ], [ -3.641252228550737, 40.409828206832827 ], [ -3.641169722470044, 40.409740555668861 ], [ -3.640934470298481, 40.409490954633654 ], [ -3.640654350408529, 40.409132950501132 ], [ -3.640644924918822, 40.409120841378979 ] ] ] } },
{ "type": "Feature", "properties": { "barrio": "Ventas", "distrito": "Ciudad Lineal", "area_km2": 3.198, "n_poi": 12, "diversidad_poi": 5, "n_restaurantes": 1598, "pct_terrazas": 3.3, "accesibilidad_media": 3.2, "densidad_oferta": 503.4 }, "geometry": { "type": "Polygon", "coordinates": [ [ [ -3.626776478033507, 40.415858376380626 ], [ -3.62759032493572, 40.414382429501302 ], [ -3.628047303054563, 40.414536170732006 ], [ -3.628612229046992, 40.414700587330152 ], [ -3.62903379804298, 40.414823255691232 ], [ -3.629937344201438, 40.415011500648788 ], [ -3.630669288866331, 40.415112113771386 ], [ -3.63144872350604, 40.415186156423772 ], [ -3.631897147879142, 40.415192720962061 ], [ -3.631899976545473, 40.415192705502335 ], [ -3.632487385374255, 40.415201301774509 ], [ -3.633437235938207, 40.415147192425152 ], [ -3.633805135933051, 40.415126260796939 ], [ -3.634504396451423, 40.415021531101033 ], [ -3.634906461083346, 40.414961310028104 ], [ -3.637533043624738, 40.414592376915621 ], [ -3.639086895113795, 40.414458678686614 ], [ -3.640947178196231, 40.414423265472131 ], [ -3.642885142026231, 40.414512797492861 ], [ -3.644108690456863, 40.414647802887551 ], [ -3.645417568693247, 40.414855744678249 ], [ -3.646084832773329, 40.414981755589451 ], [ -3.646471542007684, 40.415054824155199 ], [ -3.647720139992327, 40.415366590082471 ], [ -3.650134078189525, 40.416092441120178 ], [ -3.654013206637878, 40.417454126451183 ], [ -3.656292358896229, 40.418049977608483 ], [ -3.658695477181209, 40.418674358705587 ], [ -3.659152434263834, 40.421461954739314 ], [ -3.659540493640016, 40.423829398416643 ], [ -3.65965218093082, 40.424510927857128 ], [ -3.660111830260668, 40.426938230280761 ], [ -3.660589040869439, 40.429457952251816 ], [ -3.660809964859227, 40.431421564583161 ], [ -3.659743959295033, 40.431542146021762 ], [ -3.657086933611684, 40.431890946945025 ], [ -3.656930921195425, 40.431911380478994 ], [ -3.655374911184992, 40.432115602543533 ], [ -3.655015198057156, 40.432162862932422 ], [ -3.65415118561809, 40.432277386009488 ], [ -3.653272868584019, 40.43240036186706 ], [ -3.652407571464384, 40.43251677107633 ], [ -3.65223026455196, 40.432542274309093 ], [ -3.650314025887075, 40.432817375567836 ], [ -3.648818766910943, 40.433029365904133 ], [ -3.64866241113169, 40.433051412739651 ], [ -3.64823931265292, 40.433116665396533 ], [ -3.646155128832421, 40.430406768125344 ], [ -3.646114409479904, 40.430204741882818 ], [ -3.645773572164963, 40.428514292613009 ], [ -3.645550560875405, 40.427407782613471 ], [ -3.645570750936886, 40.427275417114231 ], [ -3.64567959505047, 40.426563545238572 ], [ -3.639569560280521, 40.423239947949888 ], [ -3.638931016671348, 40.422892568810411 ], [ -3.635696148459001, 40.421162518155697 ], [ -3.634681977782297, 40.420614832153497 ], [ -3.63080115269845, 40.418518989078265 ], [ -3.629907175724274, 40.418022138575779 ], [ -3.628103767580209, 40.416769396277971 ], [ -3.627747431639158, 40.416551775238588 ], [ -3.626776478033507, 40.415858376380626 ] ] ] } },
{ "type": "Feature", "properties": { "barrio": "Pueblo Nuevo", "distrito": "Ciudad Lineal", "area_km2": 2.319, "n_poi": 15, "diversidad_poi": 4, "n_restaurantes": 2232, "pct_terrazas": 3.0, "accesibilidad_media": 6.2, "densidad_oferta": 969.0 }, "geometry": { "type": "Polygon", "coordinates": [ [ [ -3.620361624623696, 40.413083317821552 ], [ -3.621373031091327, 40.413060241503921 ], [ -3.621812366539072, 40.413066714758799 ], [ -3.62215995151706, 40.413080254917595 ], [ -3.622476975807504, 40.413102876648736 ], [ -3.623304086972931, 40.413186720385895 ], [ -3.624235766864292, 40.413349545577454 ], [ -3.625075295651795, 40.413539257156842 ], [ -3.625648897019849, 40.41371291983539 ], [ -3.626698169636245, 40.414073830629292 ], [ -3.62759032493572, 40.414382429501302 ], [ -3.626776478033507, 40.415858376380626 ], [ -3.627747431639158, 40.416551775238588 ], [ -3.628103767580209, 40.416769396277971 ], [ -3.629907175724274, 40.418022138575779 ], [ -3.63080115269845, 40.418518989078265 ], [ -3.634681977782297, 40.420614832153497 ], [ -3.635696148459001, 40.421162518155697 ], [ -3.638931016671348, 40.422892568810411 ], [ -3.639569560280521, 40.423239947949888 ], [ -3.64567959505047, 40.426563545238572 ], [ -3.645570750936886, 40.427275417114231 ], [ -3.645550560875405, 40.427407782613471 ], [ -3.645773572164963, 40.428514292613009 ], [ -3.646114409479904, 40.430204741882818 ], [ -3.646155128832421, 40.430406768125344 ], [ -3.64823931265292, 40.433116665396533 ], [ -3.647703074983851, 40.433321558029405 ], [ -3.647204669948148, 40.433537857133096 ], [ -3.646344135772703, 40.433969872650479 ], [ -3.645573677759188, 40.434341287630907 ], [ -3.645431190743658, 40.434408659077874 ], [ -3.644939762292399, 40.434641036526813 ], [ -3.644180128864603, 40.435011842179435 ], [ -3.642777923344567, 40.435692337976583 ], [ -3.641273934686046, 40.436422209439137 ], [ -3.640243717472222, 40.436922235191069 ], [ -3.639947270746396, 40.437067928290467 ], [ -3.639477237576403, 40.437310074886128 ], [ -3.638029387183962, 40.437886800396548 ], [ -3.63657143620457, 40.435868599413141 ], [ -3.635689945769903, 40.434648119469493 ], [ -3.635171062905921, 40.433958351444581 ], [ -3.634858071556488, 40.433522588248294 ], [ -3.634443417625875, 40.432944767253055 ], [ -3.633919587418993, 40.4322274519442 ], [ -3.633838136513402, 40.43211600446994 ], [ -3.633703614428465, 40.431927280925876 ], [ -3.63307247331129, 40.431041898738506 ], [ -3.632362947390845, 40.430068021560061 ], [ -3.632106896312457, 40.429716444811874 ], [ -3.632023537463963, 40.429602034346743 ], [ -3.631645320009223, 40.429082743498682 ], [ -3.631273967270521, 40.42856584631334 ], [ -3.630701836387607, 40.427769138595195 ], [ -3.630065942879399, 40.426883855214378 ], [ -3.629521073994406, 40.426175822018401 ], [ -3.629401851341564, 40.425994397338805 ], [ -3.628408992859633, 40.424483110045216 ], [ -3.627414746701747, 40.423249390261475 ], [ -3.626599595948814, 40.422117487120573 ], [ -3.626165044658825, 40.4215142454077 ], [ -3.625402717981499, 40.420455831500099 ], [ -3.624569001867176, 40.419322931794682 ], [ -3.624459165095272, 40.419159469172058 ], [ -3.624300025951778, 40.418954198547667 ], [ -3.624172516246087, 40.418765965153824 ], [ -3.624113080642369, 40.418673581852772 ], [ -3.623848719844283, 40.41822968609916 ], [ -3.622824721802486, 40.416869147943295 ], [ -3.622319951637079, 40.416146628022155 ], [ -3.622100661768677, 40.415846180964657 ], [ -3.621886960348234, 40.415525073546952 ], [ -3.621620132563092, 40.415155960945 ], [ -3.621360210597167, 40.414781406043737 ], [ -3.620361624623696, 40.413083317821552 ] ] ] } },
{ "type": "Feature", "properties": { "barrio": "Quintana", "distrito": "Ciudad Lineal", "area_km2": 0.723, "n_poi": 0, "diversidad_poi": 0, "n_restaurantes": 1264, "pct_terrazas": 3.3, "accesibilidad_media": 7.3, "densidad_oferta": 1748.3 }, "geometry": { "type": "Polygon", "coordinates": [ [ [ -3.644939762292399, 40.434641036526813 ], [ -3.645431190743658, 40.434408659077874 ], [ -3.645573677759188, 40.434341287630907 ], [ -3.646344135772703, 40.433969872650479 ], [ -3.647204669948148, 40.433537857133096 ], [ -3.647703074983851, 40.433321558029405 ], [ -3.64823931265292, 40.433116665396533 ], [ -3.64866241113169, 40.433051412739651 ], [ -3.648818766910943, 40.433029365904133 ], [ -3.650314025887075, 40.432817375567836 ], [ -3.65223026455196, 40.432542274309093 ], [ -3.652407571464384, 40.43251677107633 ], [ -3.653272868584019, 40.43240036186706 ], [ -3.65415118561809, 40.432277386009488 ], [ -3.655015198057156, 40.432162862932422 ], [ -3.655374911184992, 40.432115602543533 ], [ -3.655446085472355, 40.432415652092651 ], [ -3.655643254122106, 40.433246159620325 ], [ -3.655892919962682, 40.434237272830998 ], [ -3.655887816070646, 40.434258022556769 ], [ -3.65581367064116, 40.43456294659746 ], [ -3.654940890361912, 40.434493651937203 ], [ -3.65340686258415, 40.434697902303292 ], [ -3.652030727050292, 40.435381787145175 ], [ -3.650819194283176, 40.435983827962218 ], [ -3.649690305811419, 40.43652629421657 ], [ -3.648439576539559, 40.437127360066867 ], [ -3.646552701928259, 40.438034127530223 ], [ -3.645995166617663, 40.43938219826088 ], [ -3.644667507451778, 40.43993725477312 ], [ -3.644433798900065, 40.440034952591724 ], [ -3.643385087158636, 40.440478261355558 ], [ -3.643182406832601, 40.440565693844093 ], [ -3.640703928466471, 40.441635290179626 ], [ -3.639939740959247, 40.441946904600798 ], [ -3.638358725158659, 40.442591937840405 ], [ -3.637522712803093, 40.441418070217701 ], [ -3.637315389574196, 40.441127229100317 ], [ -3.636589989323796, 40.440125899795873 ], [ -3.635467650211523, 40.438577193114426 ], [ -3.638029387183962, 40.437886800396548 ], [ -3.639477237576403, 40.437310074886128 ], [ -3.639947270746396, 40.437067928290467 ], [ -3.640243717472222, 40.436922235191069 ], [ -3.641273934686046, 40.436422209439137 ], [ -3.642777923344567, 40.435692337976583 ], [ -3.644180128864603, 40.435011842179435 ], [ -3.644939762292399, 40.434641036526813 ] ] ] } },
{ "type": "Feature", "properties": { "barrio": "La Concepción", "distrito": "Ciudad Lineal", "area_km2": 0.886, "n_poi": 8, "diversidad_poi": 5, "n_restaurantes": 935, "pct_terrazas": 5.9, "accesibilidad_media": 3.0, "densidad_oferta": 1064.3 }, "geometry": { "type": "Polygon", "coordinates": [ [ [ -3.648439576539559, 40.437127360066867 ], [ -3.649690305811419, 40.43652629421657 ], [ -3.650819194283176, 40.435983827962218 ], [ -3.652030727050292, 40.435381787145175 ], [ -3.65340686258415, 40.434697902303292 ], [ -3.654940890361912, 40.434493651937203 ], [ -3.65581367064116, 40.43456294659746 ], [ -3.655887816070646, 40.434258022556769 ], [ -3.655892919962682, 40.434237272830998 ], [ -3.655643254122106, 40.433246159620325 ], [ -3.655446085472355, 40.432415652092651 ], [ -3.655374911184992, 40.432115602543533 ], [ -3.656930921195425, 40.431911380478994 ], [ -3.657086933611684, 40.431890946945025 ], [ -3.659743959295033, 40.431542146021762 ], [ -3.660809964859227, 40.431421564583161 ], [ -3.660192987282316, 40.433938694822565 ], [ -3.660018312542261, 40.434655728903934 ], [ -3.659903757530679, 40.435118815362031 ], [ -3.659825784294296, 40.435585207306808 ], [ -3.659714668952545, 40.436243680550263 ], [ -3.659690264976792, 40.43638877503497 ], [ -3.657705989644895, 40.436150779771687 ], [ -3.656393833855217, 40.435979665099119 ], [ -3.654975263846943, 40.436810041365803 ], [ -3.654509820818764, 40.436607627523713 ], [ -3.654326842947518, 40.437095239043934 ], [ -3.653994789448326, 40.437980540338344 ], [ -3.653847609843235, 40.43807461447534 ], [ -3.651830040827885, 40.43905653141416 ], [ -3.651115803302055, 40.439404153405889 ], [ -3.650696833972002, 40.439608039777561 ], [ -3.650430245594644, 40.439767646579696 ], [ -3.650012424459506, 40.440017740293747 ], [ -3.649973721759253, 40.440039309289752 ], [ -3.649898546043897, 40.440081352724242 ], [ -3.649787602093909, 40.440400895775042 ], [ -3.649436862182845, 40.441410702348172 ], [ -3.648499916712238, 40.442440460779977 ], [ -3.647740630729083, 40.443419936828157 ], [ -3.647104302093514, 40.444189533775635 ], [ -3.644905075304716, 40.446910912159296 ], [ -3.643122372281458, 40.446073434312169 ], [ -3.640471570843799, 40.44478586735687 ], [ -3.640224908889697, 40.444626599308933 ], [ -3.640013184241688, 40.444458309366681 ], [ -3.639718988023648, 40.444210204187947 ], [ -3.639447853438172, 40.443944132822047 ], [ -3.639165163718463, 40.443678034603359 ], [ -3.638987789629379, 40.443438201368586 ], [ -3.638358725158659, 40.442591937840405 ], [ -3.639939740959247, 40.441946904600798 ], [ -3.640703928466471, 40.441635290179626 ], [ -3.643182406832601, 40.440565693844093 ], [ -3.643385087158636, 40.440478261355558 ], [ -3.644433798900065, 40.440034952591724 ], [ -3.644667507451778, 40.43993725477312 ], [ -3.645995166617663, 40.43938219826088 ], [ -3.646552701928259, 40.438034127530223 ], [ -3.648439576539559, 40.437127360066867 ] ] ] } },
{ "type": "Feature", "properties": { "barrio": "San Pascual", "distrito": "Ciudad Lineal", "area_km2": 1.053, "n_poi": 7, "diversidad_poi": 4, "n_restaurantes": 625, "pct_terrazas": 2.2, "accesibilidad_media": 3.0, "densidad_oferta": 600.2 }, "geometry": { "type": "Polygon", "coordinates": [ [ [ -3.654326842947518, 40.437095239043934 ], [ -3.654509820818764, 40.436607627523713 ], [ -3.654975263846943, 40.436810041365803 ], [ -3.656393833855217, 40.435979665099119 ], [ -3.657705989644895, 40.436150779771687 ], [ -3.659690264976792, 40.43638877503497 ], [ -3.659601842101927, 40.43692027062157 ], [ -3.659591482364332, 40.436982221730162 ], [ -3.659399286621591, 40.438273049094192 ], [ -3.659301359254984, 40.438930545528855 ], [ -3.659287552674623, 40.439243327404533 ], [ -3.659231465640242, 40.440503019103602 ], [ -3.659238978926894, 40.440680814296499 ], [ -3.659245257719669, 40.440828795770344 ], [ -3.65931098607715, 40.441739595712065 ], [ -3.659354247178911, 40.442136737615193 ], [ -3.659485053514031, 40.442623651315785 ], [ -3.65975162825836, 40.443284296470942 ], [ -3.660120554470811, 40.443944449295749 ], [ -3.66060152593175, 40.444606303859636 ], [ -3.656818828537985, 40.445914670724029 ], [ -3.655859821576086, 40.446246413116761 ], [ -3.652852713005297, 40.447452868801115 ], [ -3.648116432955377, 40.449452813584621 ], [ -3.647442394284615, 40.448570364581641 ], [ -3.646473579875829, 40.447689467578243 ], [ -3.644905075304716, 40.446910912159296 ], [ -3.647104302093514, 40.444189533775635 ], [ -3.647740630729083, 40.443419936828157 ], [ -3.648499916712238, 40.442440460779977 ], [ -3.649436862182845, 40.441410702348172 ], [ -3.649787602093909, 40.440400895775042 ], [ -3.649898546043897, 40.440081352724242 ], [ -3.649973721759253, 40.440039309289752 ], [ -3.650012424459506, 40.440017740293747 ], [ -3.650430245594644, 40.439767646579696 ], [ -3.650696833972002, 40.439608039777561 ], [ -3.651115803302055, 40.439404153405889 ], [ -3.651830040827885, 40.43905653141416 ], [ -3.653847609843235, 40.43807461447534 ], [ -3.653994789448326, 40.437980540338344 ], [ -3.654326842947518, 40.437095239043934 ] ] ] } },
{ "type": "Feature", "properties": { "barrio": "San Juan Bautista", "distrito": "Ciudad Lineal", "area_km2": 1.011, "n_poi": 6, "diversidad_poi": 4, "n_restaurantes": 457, "pct_terrazas": 3.1, "accesibilidad_media": 2.2, "densidad_oferta": 458.0 }, "geometry": { "type": "Polygon", "coordinates": [ [ [ -3.656818828537985, 40.445914670724029 ], [ -3.66060152593175, 40.444606303859636 ], [ -3.66119505334381, 40.445670847818775 ], [ -3.661476432161474, 40.446383387699107 ], [ -3.661688218119849, 40.446984972923119 ], [ -3.661883689354072, 40.447678362801049 ], [ -3.66215514835856, 40.44847194851441 ], [ -3.662293002505721, 40.448952782934327 ], [ -3.66233732371064, 40.449107125326059 ], [ -3.662582063777866, 40.45014509789825 ], [ -3.662840452693465, 40.451371279621689 ], [ -3.662897362855458, 40.451726450264808 ], [ -3.663127745240485, 40.453161711177252 ], [ -3.660697816833133, 40.4537963220126 ], [ -3.658672394592166, 40.45472452942721 ], [ -3.6564277663179, 40.455844484836298 ], [ -3.654206674536205, 40.456918048148346 ], [ -3.652867840830589, 40.455444159330284 ], [ -3.651307034310966, 40.453705285832058 ], [ -3.650081259963651, 40.452079646478211 ], [ -3.649995033203433, 40.4520408512088 ], [ -3.649930284052571, 40.451954547756493 ], [ -3.64966518530601, 40.451600178678433 ], [ -3.649664468217158, 40.451599191718053 ], [ -3.649325662467277, 40.45114631537173 ], [ -3.648116432955377, 40.449452813584621 ], [ -3.652852713005297, 40.447452868801115 ], [ -3.655859821576086, 40.446246413116761 ], [ -3.656818828537985, 40.445914670724029 ] ] ] } },
{ "type": "Feature", "properties": { "barrio": "Colina", "distrito": "Ciudad Lineal", "area_km2": 0.56, "n_poi": 0, "diversidad_poi": 0, "n_restaurantes": 298, "pct_terrazas": 1.7, "accesibilidad_media": 3.0, "densidad_oferta": 532.1 }, "geometry": { "type": "Polygon", "coordinates": [ [ [ -3.660697816833133, 40.4537963220126 ], [ -3.663127745240485, 40.453161711177252 ], [ -3.663300524252316, 40.454302705822016 ], [ -3.663418700880662, 40.455083382381275 ], [ -3.663806177830862, 40.456816029805722 ], [ -3.664354653216355, 40.458535409634727 ], [ -3.664850561351589, 40.45982454734758 ], [ -3.664937273898464, 40.460030355279017 ], [ -3.664560614990399, 40.460191887710366 ], [ -3.664234547463083, 40.460340875978439 ], [ -3.663812847276839, 40.460564105184069 ], [ -3.663439668611554, 40.460816334470543 ], [ -3.662876261107304, 40.461286857581847 ], [ -3.66372657249727, 40.461889555795146 ], [ -3.66204197836649, 40.463374426200232 ], [ -3.660431092518643, 40.462250290556895 ], [ -3.660336577083221, 40.462186055040483 ], [ -3.656283844319629, 40.459431073447703 ], [ -3.656249841513617, 40.459342527037386 ], [ -3.655872500744515, 40.458901601122186 ], [ -3.655454409795714, 40.458368922294348 ], [ -3.655145571437168, 40.458009768370623 ], [ -3.654206674536205, 40.456918048148346 ], [ -3.6564277663179, 40.455844484836298 ], [ -3.658672394592166, 40.45472452942721 ], [ -3.660697816833133, 40.4537963220126 ] ] ] } },
{ "type": "Feature", "properties": { "barrio": "Atalaya", "distrito": "Ciudad Lineal", "area_km2": 0.249, "n_poi": 2, "diversidad_poi": 2, "n_restaurantes": 44, "pct_terrazas": 0.0, "accesibilidad_media": 0.0, "densidad_oferta": 184.7 }, "geometry": { "type": "Polygon", "coordinates": [ [ [ -3.662937149936603, 40.465672098318514 ], [ -3.662487164136994, 40.464063321200499 ], [ -3.66204197836649, 40.463374426200232 ], [ -3.66372657249727, 40.461889555795146 ], [ -3.662876261107304, 40.461286857581847 ], [ -3.663439668611554, 40.460816334470543 ], [ -3.663812847276839, 40.460564105184069 ], [ -3.664234547463083, 40.460340875978439 ], [ -3.664560614990399, 40.460191887710366 ], [ -3.664937273898464, 40.460030355279017 ], [ -3.667721459129683, 40.465380643829697 ], [ -3.66822785822563, 40.466359523819214 ], [ -3.668406555454714, 40.466704258709406 ], [ -3.664507030659577, 40.467315171638738 ], [ -3.663449965229128, 40.467478259611298 ], [ -3.662937149936603, 40.465672098318514 ] ] ] } },
{ "type": "Feature", "properties": { "barrio": "Costillares", "distrito": "Ciudad Lineal", "area_km2": 1.427, "n_poi": 5, "diversidad_poi": 2, "n_restaurantes": 509, "pct_terrazas": 4.7, "accesibilidad_media": 6.9, "densidad_oferta": 360.2 }, "geometry": { "type": "Polygon", "coordinates": [ [ [ -3.664507030659577, 40.467315171638738 ], [ -3.668406555454714, 40.466704258709406 ], [ -3.671106101796094, 40.470249362247948 ], [ -3.671998961802906, 40.471421750434693 ], [ -3.673248421828626, 40.47306241740155 ], [ -3.673564799891668, 40.473746612140232 ], [ -3.673743249023655, 40.474132600736986 ], [ -3.674082633486422, 40.475146389601413 ], [ -3.674182262917354, 40.475447610505555 ], [ -3.674226300686749, 40.475580867324126 ], [ -3.674332949596916, 40.476112136867961 ], [ -3.67436725310498, 40.476416261184234 ], [ -3.674367383690865, 40.476417521676638 ], [ -3.674388608485425, 40.476605235537576 ], [ -3.674432591099482, 40.477204798069671 ], [ -3.674438393656582, 40.477785123073147 ], [ -3.674404985828378, 40.478185105798943 ], [ -3.67439055962079, 40.478357832215153 ], [ -3.67435915881924, 40.478733600618781 ], [ -3.674232470038091, 40.479372715223526 ], [ -3.674199601947167, 40.479566329218635 ], [ -3.674166851369316, 40.479760032602506 ], [ -3.674077720908558, 40.480238298205052 ], [ -3.674038835487029, 40.480427247251455 ], [ -3.673879802505315, 40.481199987824141 ], [ -3.673709806121942, 40.482051876167738 ], [ -3.673682054547033, 40.482190955955893 ], [ -3.673648187854043, 40.482455502994874 ], [ -3.673616278824798, 40.482704761225129 ], [ -3.673524884456439, 40.483417992765226 ], [ -3.673461406299199, 40.48405565749016 ], [ -3.671344776236458, 40.484132454350075 ], [ -3.671087213470704, 40.484144578044173 ], [ -3.670268293743557, 40.484183105689148 ], [ -3.669045789210255, 40.484179095472996 ], [ -3.66721102155269, 40.484100764913926 ], [ -3.666266512992938, 40.48399097932554 ], [ -3.666118268389245, 40.483973724043437 ], [ -3.664723881671463, 40.483768315783514 ], [ -3.664695996571256, 40.48376424105269 ], [ -3.664004182028108, 40.483662264392748 ], [ -3.663727772699107, 40.483617634377929 ], [ -3.659346993046804, 40.482910594210715 ], [ -3.659586785926657, 40.482794814050671 ], [ -3.661006260611384, 40.482108703133214 ], [ -3.661180116656407, 40.482007169643097 ], [ -3.663421859306025, 40.479842279412161 ], [ -3.664876164296937, 40.478367273956813 ], [ -3.665227806183698, 40.477955705964249 ], [ -3.66552543849206, 40.477475258176717 ], [ -3.66552706426295, 40.477472636216625 ], [ -3.665641586795796, 40.477146753233335 ], [ -3.665675211415196, 40.477051244770166 ], [ -3.665758635425509, 40.47678995393143 ], [ -3.665732472099329, 40.476362358229082 ], [ -3.665555734445948, 40.475344727253031 ], [ -3.665439421764403, 40.474819269859921 ], [ -3.665434166973161, 40.474800831736253 ], [ -3.665424621560701, 40.474766021098056 ], [ -3.66515760408986, 40.473803863635652 ], [ -3.664643283909205, 40.471950422745486 ], [ -3.663449965229128, 40.467478259611298 ], [ -3.664507030659577, 40.467315171638738 ] ] ] } },
{ "type": "Feature", "properties": { "barrio": "Palomas", "distrito": "Hortaleza", "area_km2": 1.069, "n_poi": 4, "diversidad_poi": 2, "n_restaurantes": 151, "pct_terrazas": 13.2, "accesibilidad_media": 2.1, "densidad_oferta": 145.0 }, "geometry": { "type": "Polygon", "coordinates": [ [ [ -3.605707899103975, 40.452977107871391 ], [ -3.605434578617404, 40.45275889543128 ], [ -3.605413580708975, 40.452775587400644 ], [ -3.605399837008608, 40.452768381898075 ], [ -3.605258261950621, 40.452654140309903 ], [ -3.605181230012517, 40.452588994027366 ], [ -3.605078926619623, 40.452489415987635 ], [ -3.604971880083967, 40.452382713123434 ], [ -3.604885252617349, 40.452291396115903 ], [ -3.604776486262387, 40.452166823672151 ], [ -3.60467706942682, 40.452041011223869 ], [ -3.60459334950101, 40.451925842724428 ], [ -3.604530877605875, 40.451831344142164 ], [ -3.604488316916564, 40.451765222510495 ], [ -3.60530177017092, 40.451236856334027 ], [ -3.606232628703259, 40.450624169563859 ], [ -3.606861274010102, 40.45021390929621 ], [ -3.60697884246926, 40.450142579332535 ], [ -3.607025816820042, 40.450114006510823 ], [ -3.607757285766213, 40.449670281498818 ], [ -3.609078110188621, 40.449686813453134 ], [ -3.614788703694429, 40.44970926809772 ], [ -3.616673073146118, 40.449697453447826 ], [ -3.619937995323823, 40.449683544941685 ], [ -3.622311542189618, 40.449673523822526 ], [ -3.62628773537149, 40.449525702783191 ], [ -3.626297182099659, 40.449590697588398 ], [ -3.626638123333469, 40.451930214807298 ], [ -3.626564822022218, 40.452393405020707 ], [ -3.626427716021848, 40.452690904891575 ], [ -3.626197343102831, 40.452965214372711 ], [ -3.625826870550081, 40.453240189175801 ], [ -3.62551767030978, 40.453407986193589 ], [ -3.622669878222337, 40.454451436188293 ], [ -3.622393792037706, 40.454552558180588 ], [ -3.621457461337077, 40.454895515681116 ], [ -3.620453899009145, 40.455263057111829 ], [ -3.620144576452886, 40.455407055720407 ], [ -3.619758190697682, 40.455622908131105 ], [ -3.619499729798337, 40.455796362926058 ], [ -3.619294836882956, 40.455934035573954 ], [ -3.618801768239456, 40.45638766252663 ], [ -3.618509843456965, 40.456745258132877 ], [ -3.618469148744869, 40.456796106486301 ], [ -3.618033515839294, 40.457341225458713 ], [ -3.617666341918192, 40.457802463491468 ], [ -3.617390576384766, 40.45814861941615 ], [ -3.613896565770113, 40.456153754460409 ], [ -3.61233745714598, 40.455286776410802 ], [ -3.608976414394077, 40.454219530966945 ], [ -3.607715021490755, 40.453883539526714 ], [ -3.606627630910566, 40.453499055469706 ], [ -3.606184310084875, 40.453274978287233 ], [ -3.605707899103975, 40.452977107871391 ] ] ] } },
{ "type": "Feature", "properties": { "barrio": "Piovera", "distrito": "Hortaleza", "area_km2": 3.14, "n_poi": 10, "diversidad_poi": 2, "n_restaurantes": 348, "pct_terrazas": 7.5, "accesibilidad_media": 0.9, "densidad_oferta": 114.0 }, "geometry": { "type": "Polygon", "coordinates": [ [ [ -3.629653730265372, 40.462639117576856 ], [ -3.624598176448102, 40.462576552074417 ], [ -3.62342442344251, 40.462668910138859 ], [ -3.622751191238118, 40.461846126924101 ], [ -3.622173908844236, 40.461215201358719 ], [ -3.621513961564911, 40.460584147960624 ], [ -3.620926647312225, 40.460141710273255 ], [ -3.620251140499157, 40.45974019233369 ], [ -3.617390576384766, 40.45814861941615 ], [ -3.617666341918192, 40.457802463491468 ], [ -3.618033515839294, 40.457341225458713 ], [ -3.618469148744869, 40.456796106486301 ], [ -3.618509843456965, 40.456745258132877 ], [ -3.618801768239456, 40.45638766252663 ], [ -3.619294836882956, 40.455934035573954 ], [ -3.619499729798337, 40.455796362926058 ], [ -3.619758190697682, 40.455622908131105 ], [ -3.620144576452886, 40.455407055720407 ], [ -3.620453899009145, 40.455263057111829 ], [ -3.621457461337077, 40.454895515681116 ], [ -3.622393792037706, 40.454552558180588 ], [ -3.622669878222337, 40.454451436188293 ], [ -3.62551767030978, 40.453407986193589 ], [ -3.625826870550081, 40.453240189175801 ], [ -3.626197343102831, 40.452965214372711 ], [ -3.626427716021848, 40.452690904891575 ], [ -3.626564822022218, 40.452393405020707 ], [ -3.626638123333469, 40.451930214807298 ], [ -3.626297182099659, 40.449590697588398 ], [ -3.62628773537149, 40.449525702783191 ], [ -3.627665493322644, 40.449489599414427 ], [ -3.628411788303546, 40.449470058287709 ], [ -3.629442020981033, 40.449434915248283 ], [ -3.630681033562813, 40.449392679092149 ], [ -3.631961029853121, 40.449256511868754 ], [ -3.633493209040442, 40.449015750493544 ], [ -3.634388340173787, 40.448871337867701 ], [ -3.635101098243562, 40.448753285309792 ], [ -3.635733802412278, 40.448664891185572 ], [ -3.636090413224056, 40.448621025807697 ], [ -3.636654476477074, 40.448579877328754 ], [ -3.637307435692989, 40.448576285600531 ], [ -3.637993955931627, 40.44861055452747 ], [ -3.639831902098109, 40.448871423198788 ], [ -3.642754439255258, 40.449336754175143 ], [ -3.643835266859263, 40.44951676731867 ], [ -3.645076735845103, 40.449712785713956 ], [ -3.646057323005862, 40.449825694142348 ], [ -3.646693489512215, 40.449801005381907 ], [ -3.647277619935626, 40.449686334241825 ], [ -3.647825341654083, 40.44953381194852 ], [ -3.647827928989102, 40.449533076727846 ], [ -3.648116432955377, 40.449452813584621 ], [ -3.649325662467277, 40.45114631537173 ], [ -3.649664468217158, 40.451599191718053 ], [ -3.64966518530601, 40.451600178678433 ], [ -3.649930284052571, 40.451954547756493 ], [ -3.649995033203433, 40.4520408512088 ], [ -3.650081259963651, 40.452079646478211 ], [ -3.651307034310966, 40.453705285832058 ], [ -3.652867840830589, 40.455444159330284 ], [ -3.654206674536205, 40.456918048148346 ], [ -3.653908033612611, 40.457001446847926 ], [ -3.65361102331944, 40.457070511253249 ], [ -3.653236439397306, 40.45710631876613 ], [ -3.652509233865964, 40.457144111633291 ], [ -3.649201546068507, 40.457137477540712 ], [ -3.647690964769282, 40.457112152554274 ], [ -3.644494832122141, 40.457239533238656 ], [ -3.644225043263303, 40.457467972913143 ], [ -3.644029310727605, 40.457633836382321 ], [ -3.643775142300202, 40.457979394114084 ], [ -3.643258644486498, 40.458656680318995 ], [ -3.642560058625226, 40.459473083511206 ], [ -3.642096470997412, 40.45997430388654 ], [ -3.641877243794466, 40.460213358017434 ], [ -3.64168787386198, 40.460404767682149 ], [ -3.641481752483732, 40.460571045717906 ], [ -3.639648073739679, 40.461781009825344 ], [ -3.639153459568685, 40.462123651537482 ], [ -3.638903495487435, 40.462282328649451 ], [ -3.638747937511964, 40.462358862102263 ], [ -3.638439437558114, 40.462464437446577 ], [ -3.638140256810662, 40.462545185792372 ], [ -3.637890378780484, 40.462601157735151 ], [ -3.637590442178473, 40.462651998077817 ], [ -3.637268884375143, 40.462686561384828 ], [ -3.636238949313584, 40.462686728807725 ], [ -3.635380674415708, 40.462691439962022 ], [ -3.633265665177794, 40.462673116094138 ], [ -3.629653730265372, 40.462639117576856 ] ] ] } },
{ "type": "Feature", "properties": { "barrio": "Canillas", "distrito": "Hortaleza", "area_km2": 2.523, "n_poi": 20, "diversidad_poi": 6, "n_restaurantes": 1367, "pct_terrazas": 3.4, "accesibilidad_media": 2.8, "densidad_oferta": 549.7 }, "geometry": { "type": "Polygon", "coordinates": [ [ [ -3.636930153566067, 40.468874917550181 ], [ -3.63410556365958, 40.468592823640542 ], [ -3.633904056678316, 40.468600738837608 ], [ -3.633708117759992, 40.468631785251596 ], [ -3.633567502506549, 40.468665253311919 ], [ -3.633352248654587, 40.468729102197976 ], [ -3.633190405736285, 40.468781759935027 ], [ -3.633051536182998, 40.468811130429081 ], [ -3.632979400996871, 40.468822711942458 ], [ -3.632931280126962, 40.468909542776181 ], [ -3.631211672363465, 40.468742152330364 ], [ -3.630123950606024, 40.468634855185584 ], [ -3.629431089329102, 40.468525680187156 ], [ -3.628644735627853, 40.468371907873497 ], [ -3.627971314891699, 40.468482119593119 ], [ -3.627686047665605, 40.4681312466004 ], [ -3.62342442344251, 40.462668910138859 ], [ -3.624598176448102, 40.462576552074417 ], [ -3.629653730265372, 40.462639117576856 ], [ -3.633265665177794, 40.462673116094138 ], [ -3.635380674415708, 40.462691439962022 ], [ -3.636238949313584, 40.462686728807725 ], [ -3.637268884375143, 40.462686561384828 ], [ -3.637590442178473, 40.462651998077817 ], [ -3.637890378780484, 40.462601157735151 ], [ -3.638140256810662, 40.462545185792372 ], [ -3.638439437558114, 40.462464437446577 ], [ -3.638747937511964, 40.462358862102263 ], [ -3.638903495487435, 40.462282328649451 ], [ -3.639153459568685, 40.462123651537482 ], [ -3.639648073739679, 40.461781009825344 ], [ -3.641481752483732, 40.460571045717906 ], [ -3.64168787386198, 40.460404767682149 ], [ -3.641877243794466, 40.460213358017434 ], [ -3.642096470997412, 40.45997430388654 ], [ -3.642560058625226, 40.459473083511206 ], [ -3.643258644486498, 40.458656680318995 ], [ -3.643775142300202, 40.457979394114084 ], [ -3.644029310727605, 40.457633836382321 ], [ -3.644225043263303, 40.457467972913143 ], [ -3.644494832122141, 40.457239533238656 ], [ -3.647690964769282, 40.457112152554274 ], [ -3.649201546068507, 40.457137477540712 ], [ -3.652509233865964, 40.457144111633291 ], [ -3.653236439397306, 40.45710631876613 ], [ -3.65361102331944, 40.457070511253249 ], [ -3.653908033612611, 40.457001446847926 ], [ -3.654206674536205, 40.456918048148346 ], [ -3.655145571437168, 40.458009768370623 ], [ -3.655454409795714, 40.458368922294348 ], [ -3.655872500744515, 40.458901601122186 ], [ -3.656249841513617, 40.459342527037386 ], [ -3.656283844319629, 40.459431073447703 ], [ -3.660336577083221, 40.462186055040483 ], [ -3.659171085027326, 40.463208281309463 ], [ -3.65917313835899, 40.463418450100455 ], [ -3.659197795516744, 40.463575967600889 ], [ -3.659233400423682, 40.463707116421574 ], [ -3.659326872706087, 40.463881809807511 ], [ -3.659455352271153, 40.464126303187562 ], [ -3.659548397776601, 40.464257125069231 ], [ -3.65781980299834, 40.465720832538125 ], [ -3.657569250316973, 40.465888561286761 ], [ -3.657409457430515, 40.465977036629965 ], [ -3.656998682998087, 40.466189548143632 ], [ -3.656564853482783, 40.466384711736595 ], [ -3.656150788132047, 40.46652624726314 ], [ -3.655746084334866, 40.466648000332079 ], [ -3.655336968822799, 40.466740766280587 ], [ -3.654817804083001, 40.466834154288556 ], [ -3.654099820823352, 40.466909203155829 ], [ -3.652795341979637, 40.467056293639139 ], [ -3.652372722156382, 40.467095072389775 ], [ -3.651797770564983, 40.467165517622753 ], [ -3.65127690908614, 40.467230520114512 ], [ -3.650837382499732, 40.46728992809004 ], [ -3.650573669666782, 40.467343122450664 ], [ -3.650188570234642, 40.467444383631076 ], [ -3.648703955374438, 40.467837395297913 ], [ -3.645778796271922, 40.468611673827809 ], [ -3.644088469587011, 40.469060638267067 ], [ -3.642507546474746, 40.469480501521502 ], [ -3.641850026048598, 40.469033787661893 ], [ -3.638814245977822, 40.469002466281061 ], [ -3.638200200584314, 40.468996122367372 ], [ -3.63795639202162, 40.468972871080986 ], [ -3.636930153566067, 40.468874917550181 ] ] ] } },
{ "type": "Feature", "properties": { "barrio": "Pinar del Rey", "distrito": "Hortaleza", "area_km2": 2.665, "n_poi": 21, "diversidad_poi": 2, "n_restaurantes": 1482, "pct_terrazas": 4.0, "accesibilidad_media": 4.4, "densidad_oferta": 564.0 }, "geometry": { "type": "Polygon", "coordinates": [ [ [ -3.632137609666468, 40.472485503610535 ], [ -3.63052723252803, 40.471103458473614 ], [ -3.629350048499876, 40.469990374068274 ], [ -3.628677030601977, 40.469295333284983 ], [ -3.627971314891699, 40.468482119593119 ], [ -3.628644735627853, 40.468371907873497 ], [ -3.629431089329102, 40.468525680187156 ], [ -3.630123950606024, 40.468634855185584 ], [ -3.631211672363465, 40.468742152330364 ], [ -3.632931280126962, 40.468909542776181 ], [ -3.632979400996871, 40.468822711942458 ], [ -3.633051536182998, 40.468811130429081 ], [ -3.633190405736285, 40.468781759935027 ], [ -3.633352248654587, 40.468729102197976 ], [ -3.633567502506549, 40.468665253311919 ], [ -3.633708117759992, 40.468631785251596 ], [ -3.633904056678316, 40.468600738837608 ], [ -3.63410556365958, 40.468592823640542 ], [ -3.636930153566067, 40.468874917550181 ], [ -3.63795639202162, 40.468972871080986 ], [ -3.638200200584314, 40.468996122367372 ], [ -3.638814245977822, 40.469002466281061 ], [ -3.641850026048598, 40.469033787661893 ], [ -3.642507546474746, 40.469480501521502 ], [ -3.644088469587011, 40.469060638267067 ], [ -3.645778796271922, 40.468611673827809 ], [ -3.648703955374438, 40.467837395297913 ], [ -3.650188570234642, 40.467444383631076 ], [ -3.650573669666782, 40.467343122450664 ], [ -3.650837382499732, 40.46728992809004 ], [ -3.65127690908614, 40.467230520114512 ], [ -3.651797770564983, 40.467165517622753 ], [ -3.652372722156382, 40.467095072389775 ], [ -3.652795341979637, 40.467056293639139 ], [ -3.654099820823352, 40.466909203155829 ], [ -3.654817804083001, 40.466834154288556 ], [ -3.655336968822799, 40.466740766280587 ], [ -3.655746084334866, 40.466648000332079 ], [ -3.656150788132047, 40.46652624726314 ], [ -3.656564853482783, 40.466384711736595 ], [ -3.656998682998087, 40.466189548143632 ], [ -3.657409457430515, 40.465977036629965 ], [ -3.657569250316973, 40.465888561286761 ], [ -3.65781980299834, 40.465720832538125 ], [ -3.659548397776601, 40.464257125069231 ], [ -3.659455352271153, 40.464126303187562 ], [ -3.659326872706087, 40.463881809807511 ], [ -3.659233400423682, 40.463707116421574 ], [ -3.659197795516744, 40.463575967600889 ], [ -3.65917313835899, 40.463418450100455 ], [ -3.659171085027326, 40.463208281309463 ], [ -3.660336577083221, 40.462186055040483 ], [ -3.660431092518643, 40.462250290556895 ], [ -3.66204197836649, 40.463374426200232 ], [ -3.662487164136994, 40.464063321200499 ], [ -3.662937149936603, 40.465672098318514 ], [ -3.663449965229128, 40.467478259611298 ], [ -3.662904110013078, 40.467603818985239 ], [ -3.662481390970872, 40.467776418560476 ], [ -3.662133022048997, 40.4679648969407 ], [ -3.661307791197598, 40.468663846748278 ], [ -3.658488967044019, 40.471051712036221 ], [ -3.658372747960649, 40.47102498591552 ], [ -3.657982282752761, 40.471000449140568 ], [ -3.657739840282833, 40.471021915453932 ], [ -3.656575084243245, 40.472781768359255 ], [ -3.656368288415185, 40.473084922679561 ], [ -3.656052605087025, 40.473606441516125 ], [ -3.655837907222103, 40.474043783250856 ], [ -3.655578869025293, 40.474750204567073 ], [ -3.655527599263215, 40.474864278619776 ], [ -3.655425639111873, 40.475091522469214 ], [ -3.655410999732477, 40.475114667539181 ], [ -3.655140563136667, 40.475547188834298 ], [ -3.654339916866181, 40.476815137199033 ], [ -3.654152782431986, 40.477019167562446 ], [ -3.653708293882962, 40.477485911642383 ], [ -3.650041317701407, 40.48123754092255 ], [ -3.650019470799882, 40.481259915923928 ], [ -3.648550115577917, 40.480977163951621 ], [ -3.646785738980016, 40.480651316029991 ], [ -3.644964929200111, 40.480310199374031 ], [ -3.643979971872784, 40.480124547567677 ], [ -3.642692307703345, 40.479882022660888 ], [ -3.641991885826397, 40.479752891730016 ], [ -3.641403780614733, 40.479310599709798 ], [ -3.639916122483703, 40.478245042110714 ], [ -3.637943717964392, 40.476825191895578 ], [ -3.637342999937391, 40.476392443049043 ], [ -3.634016071306662, 40.474023251388914 ], [ -3.632137609666468, 40.472485503610535 ] ] ] } },
{ "type": "Feature", "properties": { "barrio": "Apóstol Santiago", "distrito": "Hortaleza", "area_km2": 1.205, "n_poi": 15, "diversidad_poi": 4, "n_restaurantes": 249, "pct_terrazas": 3.2, "accesibilidad_media": 1.9, "densidad_oferta": 219.1 }, "geometry": { "type": "Polygon", "coordinates": [ [ [ -3.656575084243245, 40.472781768359255 ], [ -3.657739840282833, 40.471021915453932 ], [ -3.657982282752761, 40.471000449140568 ], [ -3.658372747960649, 40.47102498591552 ], [ -3.658488967044019, 40.471051712036221 ], [ -3.661307791197598, 40.468663846748278 ], [ -3.662133022048997, 40.4679648969407 ], [ -3.662481390970872, 40.467776418560476 ], [ -3.662904110013078, 40.467603818985239 ], [ -3.663449965229128, 40.467478259611298 ], [ -3.664643283909205, 40.471950422745486 ], [ -3.66515760408986, 40.473803863635652 ], [ -3.665424621560701, 40.474766021098056 ], [ -3.665434166973161, 40.474800831736253 ], [ -3.665439421764403, 40.474819269859921 ], [ -3.665555734445948, 40.475344727253031 ], [ -3.665732472099329, 40.476362358229082 ], [ -3.665758635425509, 40.47678995393143 ], [ -3.665675211415196, 40.477051244770166 ], [ -3.665641586795796, 40.477146753233335 ], [ -3.66552706426295, 40.477472636216625 ], [ -3.66552543849206, 40.477475258176717 ], [ -3.665227806183698, 40.477955705964249 ], [ -3.664876164296937, 40.478367273956813 ], [ -3.663421859306025, 40.479842279412161 ], [ -3.661180116656407, 40.482007169643097 ], [ -3.661006260611384, 40.482108703133214 ], [ -3.659586785926657, 40.482794814050671 ], [ -3.659346993046804, 40.482910594210715 ], [ -3.657845713914498, 40.482676882134164 ], [ -3.655879926811866, 40.482320377426156 ], [ -3.655221596106981, 40.482200951875797 ], [ -3.650451072094312, 40.481335689992406 ], [ -3.650019470799882, 40.481259915923928 ], [ -3.650041317701407, 40.48123754092255 ], [ -3.653708293882962, 40.477485911642383 ], [ -3.654152782431986, 40.477019167562446 ], [ -3.654339916866181, 40.476815137199033 ], [ -3.655140563136667, 40.475547188834298 ], [ -3.655410999732477, 40.475114667539181 ], [ -3.655425639111873, 40.475091522469214 ], [ -3.655527599263215, 40.474864278619776 ], [ -3.655578869025293, 40.474750204567073 ], [ -3.655837907222103, 40.474043783250856 ], [ -3.656052605087025, 40.473606441516125 ], [ -3.656368288415185, 40.473084922679561 ], [ -3.656575084243245, 40.472781768359255 ] ] ] } },
{ "type": "Feature", "properties": { "barrio": "Valdefuentes", "distrito": "Hortaleza", "area_km2": 17.023, "n_poi": 22, "diversidad_poi": 4, "n_restaurantes": 1365, "pct_terrazas": 6.6, "accesibilidad_media": 1.6, "densidad_oferta": 81.5 }, "geometry": { "type": "Polygon", "coordinates": [ [ [ -3.601900959944323, 40.501464663109111 ], [ -3.60192147682807, 40.500391290380584 ], [ -3.601925386788691, 40.499361545979788 ], [ -3.601916533730344, 40.498702440937393 ], [ -3.60190188226706, 40.498198937906729 ], [ -3.601887179694366, 40.497811436997075 ], [ -3.601868282164746, 40.497373902393861 ], [ -3.601843213666786, 40.496874903010003 ], [ -3.601820111290508, 40.49638590408258 ], [ -3.601797288054199, 40.495928368312633 ], [ -3.601784418429008, 40.495221785893271 ], [ -3.601776010911469, 40.494957280028252 ], [ -3.601764875123885, 40.494606913228587 ], [ -3.601773494163244, 40.493999043360567 ], [ -3.60177689592824, 40.493680813218234 ], [ -3.601776054163583, 40.493529530250818 ], [ -3.601775149283148, 40.493366558490905 ], [ -3.601785349978955, 40.492879871414338 ], [ -3.601825230563804, 40.491752209223918 ], [ -3.601837213069236, 40.491328576328378 ], [ -3.601838715822158, 40.491277794022729 ], [ -3.601850162447823, 40.490890875383556 ], [ -3.601856843318364, 40.490590503567837 ], [ -3.601862483267193, 40.490383098795043 ], [ -3.601866085721066, 40.490157111936931 ], [ -3.601865876849936, 40.489923995408695 ], [ -3.601861556422328, 40.489821312173 ], [ -3.601866023356865, 40.489730920042113 ], [ -3.601862606065601, 40.489557888343363 ], [ -3.601860395760839, 40.489310479589378 ], [ -3.601849591969052, 40.488940119845346 ], [ -3.601814286704541, 40.487923447834042 ], [ -3.601769696275071, 40.487373063047954 ], [ -3.601739922996934, 40.486661109964565 ], [ -3.601735559120346, 40.486172490065428 ], [ -3.601721343024544, 40.485454495497848 ], [ -3.601711525332216, 40.485017856798507 ], [ -3.604463283134413, 40.485012425566907 ], [ -3.611542546377768, 40.484976580109645 ], [ -3.614888050528809, 40.484959488997553 ], [ -3.615541016750807, 40.484956142023201 ], [ -3.615542552593138, 40.484954550968645 ], [ -3.616471806626004, 40.483991452487821 ], [ -3.616612089298278, 40.483867710159551 ], [ -3.616748756439873, 40.483758287783267 ], [ -3.61688807633601, 40.483631689007588 ], [ -3.617638464045031, 40.482839773486027 ], [ -3.618200119526271, 40.482268504880587 ], [ -3.625833206767518, 40.482225247976082 ], [ -3.625653402595397, 40.481570088636829 ], [ -3.625744136617318, 40.47722186192189 ], [ -3.625747268493666, 40.477066034791932 ], [ -3.625761312297883, 40.476964892502075 ], [ -3.625882183254058, 40.476570122498337 ], [ -3.625787000581168, 40.476489467040537 ], [ -3.625716132327614, 40.476420726673041 ], [ -3.625685650077072, 40.476331504657317 ], [ -3.625712899791251, 40.476240779117532 ], [ -3.625782464566401, 40.476168894667609 ], [ -3.625906303532272, 40.476086020820389 ], [ -3.625805518965663, 40.475540195696851 ], [ -3.625804651473563, 40.475446762911616 ], [ -3.625801969762003, 40.475341152606546 ], [ -3.625797850986723, 40.475252295963251 ], [ -3.625777148760674, 40.475174224561258 ], [ -3.625718870852558, 40.475083007985262 ], [ -3.6256332651988, 40.475007195104475 ], [ -3.62549009015337, 40.474916438823982 ], [ -3.625369494058948, 40.474837001598175 ], [ -3.625343820969742, 40.474732461608887 ], [ -3.625343458311847, 40.474693371822134 ], [ -3.625318056397332, 40.474646790506505 ], [ -3.625265178692843, 40.474599404675907 ], [ -3.625225058254486, 40.474581505560579 ], [ -3.625155745867403, 40.474562454423527 ], [ -3.625111977171265, 40.474533291258467 ], [ -3.624895322358454, 40.47378886186177 ], [ -3.624831361775571, 40.473623307324075 ], [ -3.624739476676468, 40.473408323675443 ], [ -3.624699103217454, 40.473362776284439 ], [ -3.624613589252517, 40.473296496325474 ], [ -3.624581099079094, 40.473246416214977 ], [ -3.624591260491356, 40.473164127347687 ], [ -3.624571762154981, 40.473080805966305 ], [ -3.624522755214197, 40.473013135867809 ], [ -3.624448935084412, 40.472962288039938 ], [ -3.62436601614167, 40.472940091022551 ], [ -3.624272819772212, 40.47289979456086 ], [ -3.624122923347844, 40.472529623307175 ], [ -3.623989172251261, 40.472199586163974 ], [ -3.623849511826063, 40.471816971895159 ], [ -3.624068079690304, 40.47155271892521 ], [ -3.624132902178557, 40.471474781761074 ], [ -3.624211918123586, 40.471379010304737 ], [ -3.624280859115819, 40.471273758103834 ], [ -3.624366921141321, 40.471130275652925 ], [ -3.624430637650967, 40.471000261565308 ], [ -3.624496673284689, 40.470851166498136 ], [ -3.624547904581205, 40.470721219797589 ], [ -3.624586722850632, 40.470598968055285 ], [ -3.624623946349262, 40.470478778964036 ], [ -3.624649253495234, 40.470341197552514 ], [ -3.624668221325917, 40.470232401662138 ], [ -3.624674987197486, 40.470154181536024 ], [ -3.624681435031671, 40.470041640702291 ], [ -3.624685280848779, 40.469917670717962 ], [ -3.624681793065907, 40.469810902480283 ], [ -3.624675723356162, 40.469694613986874 ], [ -3.624651873371362, 40.469546003653463 ], [ -3.624628290867532, 40.469425996292152 ], [ -3.624591975508725, 40.469279361405441 ], [ -3.624550315622616, 40.469155534600411 ], [ -3.624502241115299, 40.469026227135103 ], [ -3.624419685118048, 40.468704932559135 ], [ -3.627971314891699, 40.468482119593119 ], [ -3.628677030601977, 40.469295333284983 ], [ -3.629350048499876, 40.469990374068274 ], [ -3.63052723252803, 40.471103458473614 ], [ -3.632137609666468, 40.472485503610535 ], [ -3.634016071306662, 40.474023251388914 ], [ -3.637342999937391, 40.476392443049043 ], [ -3.637943717964392, 40.476825191895578 ], [ -3.639916122483703, 40.478245042110714 ], [ -3.641403780614733, 40.479310599709798 ], [ -3.641991885826397, 40.479752891730016 ], [ -3.642692307703345, 40.479882022660888 ], [ -3.643979971872784, 40.480124547567677 ], [ -3.644964929200111, 40.480310199374031 ], [ -3.646785738980016, 40.480651316029991 ], [ -3.648550115577917, 40.480977163951621 ], [ -3.650019470799882, 40.481259915923928 ], [ -3.650451072094312, 40.481335689992406 ], [ -3.655221596106981, 40.482200951875797 ], [ -3.655879926811866, 40.482320377426156 ], [ -3.657845713914498, 40.482676882134164 ], [ -3.659346993046804, 40.482910594210715 ], [ -3.663727772699107, 40.483617634377929 ], [ -3.664004182028108, 40.483662264392748 ], [ -3.664695996571256, 40.48376424105269 ], [ -3.664723881671463, 40.483768315783514 ], [ -3.666118268389245, 40.483973724043437 ], [ -3.666266512992938, 40.48399097932554 ], [ -3.66721102155269, 40.484100764913926 ], [ -3.669045789210255, 40.484179095472996 ], [ -3.670268293743557, 40.484183105689148 ], [ -3.671087213470704, 40.484144578044173 ], [ -3.671344776236458, 40.484132454350075 ], [ -3.673461406299199, 40.48405565749016 ], [ -3.673418096926119, 40.484551043411486 ], [ -3.67335334524168, 40.485250606838889 ], [ -3.673326924046974, 40.48560589431878 ], [ -3.673220115532832, 40.486737592252425 ], [ -3.673168246251256, 40.48720311713015 ], [ -3.673138793652472, 40.487420494294298 ], [ -3.673062810030249, 40.487940934791254 ], [ -3.672981943774639, 40.488374195272179 ], [ -3.672892978684004, 40.488764711252855 ], [ -3.672837257244535, 40.488998367231837 ], [ -3.672795451186532, 40.489136717669524 ], [ -3.672707998253444, 40.489418666032471 ], [ -3.672600787257344, 40.489730999343976 ], [ -3.672464931867146, 40.49006998549762 ], [ -3.672349416615447, 40.490318853848201 ], [ -3.672220419536336, 40.490576628351818 ], [ -3.672106393153152, 40.490785668275876 ], [ -3.671959739045233, 40.491024266029939 ], [ -3.671805282289955, 40.491249665809434 ], [ -3.671631516683214, 40.491479501880612 ], [ -3.671440348751771, 40.491715654956508 ], [ -3.671183895533552, 40.491996239679032 ], [ -3.670986617992273, 40.492199814222687 ], [ -3.670651133688464, 40.492507523020429 ], [ -3.670474680632446, 40.492657642933416 ], [ -3.670192530377317, 40.492894320812908 ], [ -3.670019807884883, 40.493028203209562 ], [ -3.669246190953049, 40.493647178876877 ], [ -3.668538822375714, 40.494200902693152 ], [ -3.667892926162111, 40.494707421353532 ], [ -3.667580298403847, 40.494954448136433 ], [ -3.667114743859365, 40.495321994665332 ], [ -3.666987118132416, 40.495423897123821 ], [ -3.666500411639651, 40.495812467562892 ], [ -3.666011017857553, 40.49620492166212 ], [ -3.66486451117579, 40.497132408112755 ], [ -3.664116289071844, 40.497751113014857 ], [ -3.663464971029689, 40.498289079082291 ], [ -3.662886412107224, 40.498786534394107 ], [ -3.662267164172715, 40.499371607468028 ], [ -3.661777284436423, 40.499899991901152 ], [ -3.661523031054275, 40.50018360628335 ], [ -3.661077724483123, 40.500697498440736 ], [ -3.660414639846899, 40.501474250080356 ], [ -3.660050250321616, 40.501912183669489 ], [ -3.659575548556909, 40.502487769673714 ], [ -3.659205156617685, 40.502965642530945 ], [ -3.659112222725327, 40.50309310743976 ], [ -3.658933208744562, 40.503348899740239 ], [ -3.658826836862878, 40.503514459588359 ], [ -3.658734201155965, 40.503672553720051 ], [ -3.658640324186224, 40.50384858260292 ], [ -3.658557447696712, 40.504015088448476 ], [ -3.658462432864792, 40.504219681943212 ], [ -3.658392197953253, 40.504399810090824 ], [ -3.658327759030521, 40.504605311229952 ], [ -3.658235710918522, 40.504956823109424 ], [ -3.658192460122645, 40.505217157877098 ], [ -3.658163291918761, 40.505493448289364 ], [ -3.658154023679615, 40.505825391455787 ], [ -3.658160378519765, 40.506186073262263 ], [ -3.658173945562999, 40.506584372145902 ], [ -3.658199981052037, 40.506990258464462 ], [ -3.658224738896704, 40.507398223175564 ], [ -3.658237526030328, 40.507571572878305 ], [ -3.658250499079442, 40.507763930327727 ], [ -3.658268007594509, 40.507997522766487 ], [ -3.658280713072998, 40.508186638512839 ], [ -3.658291506491046, 40.508385405583496 ], [ -3.658300026988337, 40.508580941484162 ], [ -3.658301772285987, 40.508759669304219 ], [ -3.658308206043305, 40.508983324890508 ], [ -3.658304755898767, 40.509125505204736 ], [ -3.65829990007957, 40.509317063269634 ], [ -3.658298362000337, 40.509377161483577 ], [ -3.658296405874164, 40.509454740270861 ], [ -3.658282325163166, 40.509596260418149 ], [ -3.658266543914659, 40.509756890043278 ], [ -3.658243112907735, 40.50991981456405 ], [ -3.658216742591859, 40.510095999819875 ], [ -3.658174503392961, 40.510303176016755 ], [ -3.658140129839516, 40.510445532418629 ], [ -3.658073821351062, 40.510677889520103 ], [ -3.658011110042505, 40.510867613942899 ], [ -3.6579536816191, 40.511018210474894 ], [ -3.657866980426077, 40.511229332428343 ], [ -3.657752447790908, 40.511467098025449 ], [ -3.65761455119984, 40.511717880105429 ], [ -3.657614140924762, 40.511718896843455 ], [ -3.656169890475041, 40.513097150159638 ], [ -3.654532885938794, 40.512787770031892 ], [ -3.652380620578821, 40.511437586291194 ], [ -3.652448383800801, 40.511121709812258 ], [ -3.652337592801188, 40.511128781171536 ], [ -3.652264994278944, 40.511131462123529 ], [ -3.652199651229764, 40.51112986609013 ], [ -3.652104800595263, 40.511125096934393 ], [ -3.651985021995405, 40.511112142312122 ], [ -3.651783166081529, 40.511079492195137 ], [ -3.651684134139515, 40.511060028417226 ], [ -3.651587748018768, 40.511047700009414 ], [ -3.650853677412432, 40.510974250275474 ], [ -3.650384083260845, 40.510928626252948 ], [ -3.649860089840979, 40.510876870289394 ], [ -3.649574529818801, 40.5108484428197 ], [ -3.64921372188025, 40.51081364289454 ], [ -3.649104458427743, 40.510801743312967 ], [ -3.6490343461913, 40.510793556131446 ], [ -3.64897101268582, 40.510783900222798 ], [ -3.648878977142936, 40.510761176761129 ], [ -3.648773251026562, 40.510727446422543 ], [ -3.64862937594972, 40.510672478097959 ], [ -3.648456823296382, 40.510606943607669 ], [ -3.648207130260278, 40.510508589689465 ], [ -3.648099907416283, 40.510465214075523 ], [ -3.648014737009885, 40.510425647091452 ], [ -3.647949290015458, 40.510390974807102 ], [ -3.647894636071296, 40.510358386995549 ], [ -3.647821586646884, 40.510312673594228 ], [ -3.647767777081988, 40.510270427936021 ], [ -3.647730004221673, 40.510239533686111 ], [ -3.647487390622537, 40.51002812888423 ], [ -3.647143876263008, 40.509642516596557 ], [ -3.646827607694379, 40.509330257205782 ], [ -3.646631618327833, 40.509144824445343 ], [ -3.646376900675792, 40.508907939300194 ], [ -3.646245268400965, 40.508787013679346 ], [ -3.646024828528909, 40.508582499675363 ], [ -3.645936010501087, 40.508497973605728 ], [ -3.645847885383892, 40.508421429098746 ], [ -3.645772243692455, 40.508363134399232 ], [ -3.645705978099714, 40.508319818639876 ], [ -3.645611272829561, 40.508263039347355 ], [ -3.64553270778766, 40.508220732732845 ], [ -3.644997895967065, 40.507963014429478 ], [ -3.644841172141792, 40.507882205207345 ], [ -3.644375140976707, 40.508056585967473 ], [ -3.64434336035217, 40.508113314864637 ], [ -3.644144423373439, 40.508056525414034 ], [ -3.64386971014323, 40.508007950566181 ], [ -3.643621370991727, 40.507971477601942 ], [ -3.643454792676821, 40.507942341590493 ], [ -3.643365989698178, 40.507933193778513 ], [ -3.643256831110957, 40.507948103115325 ], [ -3.643060671172239, 40.508008785262881 ], [ -3.642705119490086, 40.508109076711769 ], [ -3.64249848435919, 40.508162557677835 ], [ -3.642411143498178, 40.508181971891283 ], [ -3.642339504717426, 40.508195142964816 ], [ -3.642256854850887, 40.508206328365318 ], [ -3.642181955380767, 40.50821151213745 ], [ -3.642105448978645, 40.508211937269657 ], [ -3.642027548558997, 40.508200843183367 ], [ -3.641914993611169, 40.508187166802685 ], [ -3.641754504607305, 40.508169789894147 ], [ -3.641610757182941, 40.508159861177852 ], [ -3.641460264968539, 40.508150363412305 ], [ -3.641350514350552, 40.50813703217235 ], [ -3.641276733412173, 40.508114046364994 ], [ -3.641187560356292, 40.508084127966399 ], [ -3.641081518960505, 40.508053131919411 ], [ -3.641100497982049, 40.508002424425342 ], [ -3.639554461121011, 40.507880795139243 ], [ -3.633647103462225, 40.507816700913878 ], [ -3.63327646768947, 40.507650620711523 ], [ -3.633265414447173, 40.507671467571427 ], [ -3.633206322935936, 40.507657877094339 ], [ -3.633149783579233, 40.50766063911427 ], [ -3.633084576915929, 40.507671387252827 ], [ -3.632942670571346, 40.507724972189777 ], [ -3.632753542661153, 40.507814947612793 ], [ -3.632534612475865, 40.507927979331576 ], [ -3.632417783961758, 40.50801271614381 ], [ -3.632317258815684, 40.508079632268647 ], [ -3.632191560391343, 40.508139415823116 ], [ -3.632116063463964, 40.508165142990038 ], [ -3.63197240599125, 40.50820853100592 ], [ -3.631613891099474, 40.508358696877217 ], [ -3.631328581389128, 40.508391014203831 ], [ -3.631125132956532, 40.508435096267796 ], [ -3.630951256063637, 40.508440063739428 ], [ -3.63079446326457, 40.508439029644045 ], [ -3.630385052900719, 40.508440915083433 ], [ -3.629951796307311, 40.508442489432532 ], [ -3.629820866736385, 40.508436959913077 ], [ -3.629678711783414, 40.508421761775701 ], [ -3.629433268225627, 40.508394017220724 ], [ -3.629258687120766, 40.50837630331494 ], [ -3.629139264664648, 40.508370034693066 ], [ -3.629031573956389, 40.508372558760563 ], [ -3.628865848253919, 40.508382584080771 ], [ -3.628758177618657, 40.508386881641229 ], [ -3.628626591116104, 40.508400218126532 ], [ -3.628467513187455, 40.508408647267991 ], [ -3.62838269032698, 40.508410621141408 ], [ -3.628284190731712, 40.508420122394291 ], [ -3.628162473504918, 40.5084522801886 ], [ -3.628045322604877, 40.508494796722495 ], [ -3.627921736651296, 40.508538464309815 ], [ -3.62780190790305, 40.508594458082236 ], [ -3.627580287043702, 40.508726427290185 ], [ -3.627502566553489, 40.508764712950331 ], [ -3.627374994701626, 40.508797706203268 ], [ -3.627170078712559, 40.508874842112441 ], [ -3.627004811171651, 40.508949431931129 ], [ -3.626707365496654, 40.509084327041982 ], [ -3.626543151583403, 40.509156448347149 ], [ -3.626381136178645, 40.509217906252886 ], [ -3.626254556206284, 40.509261372972119 ], [ -3.625971128495031, 40.509344966385889 ], [ -3.625847571500945, 40.509381904635127 ], [ -3.625677924447125, 40.509388404316297 ], [ -3.625544751107273, 40.509398790059151 ], [ -3.625381522513044, 40.509423581411575 ], [ -3.625233820637199, 40.509450630846892 ], [ -3.625116941523673, 40.509462679270214 ], [ -3.625071436659435, 40.509476030699325 ], [ -3.624961660961887, 40.50943890858187 ], [ -3.624894785365752, 40.50941985240464 ], [ -3.624784793140004, 40.509393081640503 ], [ -3.624641695321651, 40.509380039144347 ], [ -3.624544766201996, 40.509374681117379 ], [ -3.624439969459818, 40.509363254770832 ], [ -3.624298581789837, 40.509334655910259 ], [ -3.624184224941511, 40.50929806320174 ], [ -3.624010632174298, 40.509233131078034 ], [ -3.623950640931571, 40.509206336350047 ], [ -3.623818637817307, 40.509156265712214 ], [ -3.623669016465445, 40.509099072960545 ], [ -3.623545118424482, 40.509066655394705 ], [ -3.623412866506966, 40.509044462846504 ], [ -3.623290385692409, 40.509034295708737 ], [ -3.623166098991439, 40.509030499380458 ], [ -3.623045857427091, 40.50903590624673 ], [ -3.622944377819707, 40.509047660437126 ], [ -3.62283312451474, 40.509076821106049 ], [ -3.622721971312235, 40.509114262131035 ], [ -3.622562946118954, 40.509166822084438 ], [ -3.622484994232136, 40.509193977797857 ], [ -3.62237018791827, 40.509242054278161 ], [ -3.622277243805697, 40.509283547215823 ], [ -3.622154850826724, 40.509361843327895 ], [ -3.622067237479194, 40.509428069322766 ], [ -3.621948875824712, 40.509556431325684 ], [ -3.621842281726292, 40.509656060787229 ], [ -3.621727245800793, 40.509758521127111 ], [ -3.621649437680202, 40.509834845302514 ], [ -3.621591865582982, 40.509881454554233 ], [ -3.621548558530307, 40.509905783660649 ], [ -3.621419581429567, 40.509997181845179 ], [ -3.621372593976046, 40.510023429757688 ], [ -3.621330028604051, 40.510047952089238 ], [ -3.621269286646851, 40.510074836070089 ], [ -3.621188418176699, 40.510098838149815 ], [ -3.621129239414137, 40.510114266917093 ], [ -3.620975888657081, 40.510152180811097 ], [ -3.620862019872011, 40.510170000592709 ], [ -3.620765928926752, 40.51018126176232 ], [ -3.620652999390708, 40.510194579939281 ], [ -3.620492876940517, 40.510209736087674 ], [ -3.620293201732617, 40.510232996147586 ], [ -3.620114381380747, 40.510250197162783 ], [ -3.619901033120888, 40.510260020136975 ], [ -3.619731526773417, 40.510262108577891 ], [ -3.61960434452065, 40.510259287005852 ], [ -3.619472232743107, 40.51024910440286 ], [ -3.61933027048132, 40.510225125025208 ], [ -3.619132522637285, 40.510194133629597 ], [ -3.618929898639305, 40.510160404975032 ], [ -3.61878301816451, 40.510129989165101 ], [ -3.618689846444373, 40.510116138621896 ], [ -3.618563914505685, 40.510107667822183 ], [ -3.61844796305113, 40.51009914977822 ], [ -3.618349864786244, 40.510097383770166 ], [ -3.618221070445881, 40.510107659266474 ], [ -3.618118936544395, 40.510126453195682 ], [ -3.618007408514557, 40.51017085468915 ], [ -3.617866510435798, 40.510247187585847 ], [ -3.617691809243545, 40.510322326240342 ], [ -3.617560545379181, 40.510384226321619 ], [ -3.617444968273233, 40.510441398338422 ], [ -3.61733048154146, 40.510488395142296 ], [ -3.617230971581743, 40.51052144530432 ], [ -3.61713238194976, 40.510547387830904 ], [ -3.617035286965752, 40.510566807940464 ], [ -3.616940521485561, 40.510588112810957 ], [ -3.616828281619647, 40.510620306272209 ], [ -3.616659428575855, 40.510677975378734 ], [ -3.61647125043854, 40.510740131075828 ], [ -3.616348178766102, 40.510777943062955 ], [ -3.6162745783642, 40.510800629078709 ], [ -3.616049990155371, 40.510855772022396 ], [ -3.615920878970976, 40.510897667064029 ], [ -3.615758688905024, 40.510926583399907 ], [ -3.615581319521547, 40.510956025410557 ], [ -3.615478548672916, 40.510969667296443 ], [ -3.615355139763199, 40.510978828945703 ], [ -3.615195231440466, 40.510973451587901 ], [ -3.615073973108933, 40.510959492700081 ], [ -3.614917241669236, 40.510915275896586 ], [ -3.614749569775288, 40.510867436035568 ], [ -3.614519949628235, 40.510803383192581 ], [ -3.61444473696897, 40.51079188144783 ], [ -3.614352462986329, 40.510771254231265 ], [ -3.614264772651047, 40.510728412696857 ], [ -3.614227687447061, 40.510696459676772 ], [ -3.614222599123619, 40.510679268868117 ], [ -3.614218613674658, 40.510636511178447 ], [ -3.614256110694384, 40.510456179339656 ], [ -3.614260255945857, 40.510380494957353 ], [ -3.61424018950914, 40.51030124831501 ], [ -3.614212972529886, 40.510233113444094 ], [ -3.61417866879503, 40.510183469210723 ], [ -3.614144383122466, 40.510135669898361 ], [ -3.61409800913383, 40.510087935716108 ], [ -3.614010231576342, 40.510007203809202 ], [ -3.613917718448757, 40.509937569861684 ], [ -3.613735196418942, 40.509807513580014 ], [ -3.613587865515072, 40.509707266272876 ], [ -3.613432313000484, 40.509596147205073 ], [ -3.613283443167689, 40.509515386772321 ], [ -3.613112295035394, 40.50941141573491 ], [ -3.612961685461956, 40.50933355507815 ], [ -3.612844114578499, 40.509282931374628 ], [ -3.612655089606919, 40.509202969553336 ], [ -3.612513354917077, 40.50914408 ], [ -3.612393743550333, 40.509105999869035 ], [ -3.612253607939834, 40.509072213903714 ], [ -3.612088542998486, 40.509041925549759 ], [ -3.611820442369483, 40.50898990344367 ], [ -3.611695660875264, 40.508976392078843 ], [ -3.611528607340317, 40.508955301654311 ], [ -3.611450278578197, 40.508949875647666 ], [ -3.611388937114209, 40.508950974068902 ], [ -3.611298734973094, 40.508948857594419 ], [ -3.611201731511756, 40.508921088967924 ], [ -3.611076731873683, 40.508855169555368 ], [ -3.611009752674656, 40.508806387229754 ], [ -3.610827048159603, 40.508679456077203 ], [ -3.610644196622815, 40.508507871757246 ], [ -3.610432518353178, 40.508314028808989 ], [ -3.610260871067391, 40.508163672779936 ], [ -3.610111182173992, 40.508006478098523 ], [ -3.609920903052831, 40.507824847226182 ], [ -3.609592637478656, 40.507562149234062 ], [ -3.609373839528142, 40.507391872283662 ], [ -3.609125785948209, 40.507232954430634 ], [ -3.608805994196282, 40.507013907316967 ], [ -3.608528433490679, 40.506838336552043 ], [ -3.608238428523334, 40.506666190942816 ], [ -3.608020112455807, 40.506548570563403 ], [ -3.607816637274696, 40.506448798583335 ], [ -3.607541748805976, 40.506324753268274 ], [ -3.607141136909315, 40.506176715851744 ], [ -3.606959914381973, 40.506102597291068 ], [ -3.606790203039929, 40.506002646148467 ], [ -3.606625261525336, 40.505887487861699 ], [ -3.606512740178575, 40.505796534200307 ], [ -3.606420256671236, 40.505710859918089 ], [ -3.606334753535234, 40.505617072426624 ], [ -3.606272824682109, 40.50555038258792 ], [ -3.606228813178131, 40.505491407666966 ], [ -3.606182629981393, 40.505306438865631 ], [ -3.606116765152786, 40.505042921670416 ], [ -3.606074673318104, 40.504807998430138 ], [ -3.606040178113054, 40.504633168165554 ], [ -3.606011811953224, 40.504486128039126 ], [ -3.605966735635493, 40.504311353229333 ], [ -3.605928134445054, 40.504202959220621 ], [ -3.605856703681155, 40.504104609307873 ], [ -3.605770003710701, 40.504008133969819 ], [ -3.605653645515674, 40.503882197126472 ], [ -3.60555273351257, 40.503774130431751 ], [ -3.605413786655294, 40.503620487602149 ], [ -3.605256158953103, 40.503481305389954 ], [ -3.604958967885764, 40.503250410230592 ], [ -3.604794352679363, 40.503118442276019 ], [ -3.604643671225231, 40.503032428744682 ], [ -3.60465440372365, 40.503022798792031 ], [ -3.603349026931857, 40.501762493439628 ], [ -3.602803561046136, 40.501447496445117 ], [ -3.602836662902552, 40.501334136343552 ], [ -3.602414875199085, 40.501277138958706 ], [ -3.602340154852197, 40.501268195173864 ], [ -3.602303530754564, 40.501263880687034 ], [ -3.602288189160722, 40.501263960643925 ], [ -3.60227639599163, 40.501264922999965 ], [ -3.602263430756351, 40.501266792357136 ], [ -3.602251661756318, 40.50127045726704 ], [ -3.602242253000581, 40.501274109875823 ], [ -3.602234024366671, 40.501277756333948 ], [ -3.602228155969658, 40.501281389590986 ], [ -3.602221139690112, 40.501288634207725 ], [ -3.602212959382035, 40.50129768487632 ], [ -3.602209467348944, 40.501303108438144 ], [ -3.60219219933586, 40.501351846702924 ], [ -3.602183032238185, 40.501382524870763 ], [ -3.602170284478591, 40.501408717225011 ], [ -3.602151636081028, 40.501434940323342 ], [ -3.602138782401909, 40.501449421602594 ], [ -3.602115332926727, 40.501466660769552 ], [ -3.602096531453845, 40.501475767668651 ], [ -3.602078885939193, 40.501482165859997 ], [ -3.602056511852652, 40.501487686888233 ], [ -3.602031753355775, 40.501490518552359 ], [ -3.602004586282959, 40.501487957393543 ], [ -3.601944287081907, 40.501475658073637 ], [ -3.601900959944323, 40.501464663109111 ] ] ] } },
{ "type": "Feature", "properties": { "barrio": "Villaverde Alto - Casco Histórico de Villaverde", "distrito": "Villaverde", "area_km2": 9.254, "n_poi": 12, "diversidad_poi": 5, "n_restaurantes": 2792, "pct_terrazas": 1.4, "accesibilidad_media": 4.8, "densidad_oferta": 303.0 }, "geometry": { "type": "Polygon", "coordinates": [ [ [ -3.692296441321627, 40.320491919191689 ], [ -3.69232983156279, 40.320487593146844 ], [ -3.692541862540244, 40.320360336683301 ], [ -3.692745232983875, 40.320205286075755 ], [ -3.692868026370029, 40.320112846067396 ], [ -3.692998894048494, 40.320052898769021 ], [ -3.693019206743996, 40.320109282748803 ], [ -3.696161551104885, 40.322217511897371 ], [ -3.699625391288739, 40.322346822608317 ], [ -3.703124877787801, 40.322121212143841 ], [ -3.708041160737349, 40.323014252944638 ], [ -3.710077749091417, 40.323401072610828 ], [ -3.7125427929748, 40.323494494291332 ], [ -3.712907857446791, 40.325628510210777 ], [ -3.714445432861512, 40.328058637956396 ], [ -3.720168796056408, 40.330806850841924 ], [ -3.723665620335941, 40.333552766106301 ], [ -3.724926339963092, 40.334986170225832 ], [ -3.724419262479238, 40.338748535737601 ], [ -3.723993607496551, 40.341887298032944 ], [ -3.723502789967396, 40.345543590698348 ], [ -3.722409542195374, 40.354330759310741 ], [ -3.721777872455311, 40.358931175283843 ], [ -3.721163937536349, 40.363324263175812 ], [ -3.720984872579462, 40.364785263083967 ], [ -3.72098435045999, 40.364785229401598 ], [ -3.720981834213908, 40.364785073014282 ], [ -3.714153079999703, 40.36435918704079 ], [ -3.709766225508961, 40.364022196818134 ], [ -3.708093676113109, 40.363943428533183 ], [ -3.70798762589211, 40.363938492144626 ], [ -3.707102053953756, 40.363881290342299 ], [ -3.70709710291239, 40.363880870157438 ], [ -3.706367047994829, 40.36381712791637 ], [ -3.705145578910625, 40.363680517942001 ], [ -3.706056991501904, 40.359831840509969 ], [ -3.706489813366648, 40.358161696462815 ], [ -3.70660324828845, 40.357689734868536 ], [ -3.70683589917103, 40.356878189457802 ], [ -3.706991338222043, 40.356022178831246 ], [ -3.707062789703156, 40.355518764709664 ], [ -3.707067304743713, 40.35490119235326 ], [ -3.706895784074939, 40.354214836445131 ], [ -3.70672629920904, 40.353779646144261 ], [ -3.706328481301809, 40.353111245936304 ], [ -3.705990704398524, 40.35274492093621 ], [ -3.705770175577668, 40.35253292861767 ], [ -3.705425052365181, 40.352270051865879 ], [ -3.705144521618017, 40.352056371997193 ], [ -3.704887907852922, 40.351850273716373 ], [ -3.703145118006113, 40.350464718960694 ], [ -3.702560037100704, 40.350002225972347 ], [ -3.702559398439706, 40.350001729844237 ], [ -3.700713926830042, 40.3485680715225 ], [ -3.699054769518298, 40.347265608018439 ], [ -3.698360513086559, 40.346733900742592 ], [ -3.697912002933416, 40.346457207123159 ], [ -3.697577626513552, 40.346287777415 ], [ -3.697187147587842, 40.346112828069217 ], [ -3.696827193798017, 40.345986253733749 ], [ -3.696336169407955, 40.345846231183607 ], [ -3.695808441368653, 40.345766519310935 ], [ -3.69494430862514, 40.345674499509734 ], [ -3.694499527293087, 40.345657258142239 ], [ -3.694106871721374, 40.345636638246908 ], [ -3.693391147451571, 40.34579083904044 ], [ -3.692967961823786, 40.34584760766252 ], [ -3.692947962178747, 40.345123388672178 ], [ -3.692923533138582, 40.344196039623654 ], [ -3.692821025424182, 40.341884174545569 ], [ -3.692750284258205, 40.339592389715861 ], [ -3.692660138111205, 40.336333493049544 ], [ -3.692658838208315, 40.336290879352326 ], [ -3.692654508250031, 40.336148938781264 ], [ -3.692591234977024, 40.334074575695311 ], [ -3.692550317512913, 40.332732975344975 ], [ -3.692521537972895, 40.331595794107628 ], [ -3.692500722646761, 40.330876482734972 ], [ -3.692447962835647, 40.329137411596896 ], [ -3.692345037220615, 40.325827142842236 ], [ -3.692302877367956, 40.32411525857033 ], [ -3.692283360506551, 40.323170487081285 ], [ -3.692329346090749, 40.321870046840999 ], [ -3.692291646757711, 40.320586349826002 ], [ -3.692299017362917, 40.320585552546909 ], [ -3.692296441321627, 40.320491919191689 ] ] ] } },
{ "type": "Feature", "properties": { "barrio": "San Cristóbal", "distrito": "Villaverde", "area_km2": 1.082, "n_poi": 8, "diversidad_poi": 4, "n_restaurantes": 249, "pct_terrazas": 11.6, "accesibilidad_media": 3.5, "densidad_oferta": 237.5 }, "geometry": { "type": "Polygon", "coordinates": [ [ [ -3.69192858407669, 40.332803253240407 ], [ -3.692550317512913, 40.332732975344975 ], [ -3.692591234977024, 40.334074575695311 ], [ -3.692654508250031, 40.336148938781264 ], [ -3.692658838208315, 40.336290879352326 ], [ -3.692660138111205, 40.336333493049544 ], [ -3.692750284258205, 40.339592389715861 ], [ -3.692821025424182, 40.341884174545569 ], [ -3.692923533138582, 40.344196039623654 ], [ -3.692947962178747, 40.345123388672178 ], [ -3.692967961823786, 40.34584760766252 ], [ -3.692465467746606, 40.345920975969321 ], [ -3.690329753070686, 40.346459773777077 ], [ -3.688009291412623, 40.347071433346308 ], [ -3.687229656804974, 40.347347419593376 ], [ -3.68712159179214, 40.347396620079607 ], [ -3.686656746806616, 40.347608301192352 ], [ -3.686266370465107, 40.347802059945217 ], [ -3.686091630269962, 40.34789874681114 ], [ -3.685920029905537, 40.347999960811094 ], [ -3.685713031577561, 40.348132505644543 ], [ -3.685554434052484, 40.348244268307219 ], [ -3.685290593318818, 40.348446224271562 ], [ -3.685081090819758, 40.348625844821697 ], [ -3.684832525750078, 40.348867180153256 ], [ -3.684764381789773, 40.348946109196476 ], [ -3.684712896956763, 40.349001730198118 ], [ -3.684667700824976, 40.349050331856454 ], [ -3.684502175188642, 40.349262330269468 ], [ -3.684462068011919, 40.34931873878994 ], [ -3.684428859336152, 40.34937055144637 ], [ -3.684335099470148, 40.349517604965627 ], [ -3.684269772835684, 40.349631092365193 ], [ -3.684177334696459, 40.349810778088489 ], [ -3.684098572983068, 40.349992198185568 ], [ -3.684010669851019, 40.350232729975339 ], [ -3.68379091375416, 40.35021495613195 ], [ -3.683793952448893, 40.348878685400372 ], [ -3.683793821546964, 40.347212683595913 ], [ -3.683792897917627, 40.346122118936577 ], [ -3.683788589564369, 40.345029004671872 ], [ -3.683779787502556, 40.344322562910712 ], [ -3.683773293052085, 40.343553927991245 ], [ -3.683771003990171, 40.3427433728002 ], [ -3.68376441009517, 40.342630919771281 ], [ -3.683754666992658, 40.34149801647181 ], [ -3.683757712463861, 40.340279460181783 ], [ -3.683757730599192, 40.340279157366567 ], [ -3.683793583196083, 40.339696866748909 ], [ -3.683850269748745, 40.339325300756542 ], [ -3.683927355877284, 40.338979305540732 ], [ -3.683982172956407, 40.33875547293605 ], [ -3.684068299142237, 40.338473650505293 ], [ -3.684158066430204, 40.33822006642486 ], [ -3.684300626242779, 40.337874968322062 ], [ -3.68452757020359, 40.337408625258867 ], [ -3.684758503663154, 40.337005200677424 ], [ -3.68496863822705, 40.336703376290927 ], [ -3.685341380334289, 40.336214331642381 ], [ -3.685731460956615, 40.335780418214313 ], [ -3.686193747885171, 40.335349928340051 ], [ -3.686526540958409, 40.335061504231398 ], [ -3.68694970666783, 40.334746852818625 ], [ -3.687343111982778, 40.33447733518134 ], [ -3.687715124133498, 40.334250332463107 ], [ -3.6881507582315, 40.334007536261844 ], [ -3.688618408385052, 40.333777393101833 ], [ -3.688994330289343, 40.333605599138657 ], [ -3.689490887396031, 40.333412532298141 ], [ -3.689966027182826, 40.33325941163605 ], [ -3.690327412079624, 40.333144219112945 ], [ -3.690688992172797, 40.333048292219281 ], [ -3.691114336916996, 40.332950698520762 ], [ -3.691484503491415, 40.332873985762284 ], [ -3.69192858407669, 40.332803253240407 ] ] ] } },
{ "type": "Feature", "properties": { "barrio": "Butarque", "distrito": "Villaverde", "area_km2": 6.382, "n_poi": 11, "diversidad_poi": 1, "n_restaurantes": 298, "pct_terrazas": 10.4, "accesibilidad_media": 4.2, "densidad_oferta": 48.4 }, "geometry": { "type": "Polygon", "coordinates": [ [ [ -3.657513636144042, 40.32892568579048 ], [ -3.659912000658012, 40.32786187975401 ], [ -3.659888978784875, 40.327752579125907 ], [ -3.660343421157634, 40.327746646063019 ], [ -3.660544577092149, 40.327732667569833 ], [ -3.660712058610557, 40.327706045677274 ], [ -3.660862986979206, 40.327700907739398 ], [ -3.661008439930145, 40.327708630884786 ], [ -3.661131405514228, 40.32770364968075 ], [ -3.6612547444197, 40.327737164293929 ], [ -3.661394980920824, 40.327783412151476 ], [ -3.661501676628516, 40.327829851651352 ], [ -3.661591971367789, 40.327914880235241 ], [ -3.661687733354805, 40.327987044779654 ], [ -3.661828430215776, 40.328080339078547 ], [ -3.661974927551475, 40.328194984226784 ], [ -3.662202154112439, 40.328366767326685 ], [ -3.662283434564005, 40.328432886219552 ], [ -3.662334596096703, 40.328456953238323 ], [ -3.662455811221365, 40.328483866877107 ], [ -3.662500719459372, 40.328519338332129 ], [ -3.662558246864783, 40.328543368791749 ], [ -3.662655883364609, 40.328546057320153 ], [ -3.662719792458826, 40.328571674596631 ], [ -3.6627583669235, 40.328610430051299 ], [ -3.662905916959589, 40.328726513046476 ], [ -3.663040419318475, 40.32881018980575 ], [ -3.663183378297026, 40.328890570110154 ], [ -3.663300875705683, 40.328912898675227 ], [ -3.663434153898254, 40.328928213050048 ], [ -3.663553206438812, 40.328922169706786 ], [ -3.663668816656058, 40.328921507360178 ], [ -3.663746011577177, 40.328934463802455 ], [ -3.663788422855194, 40.328971739206381 ], [ -3.663833734234867, 40.329034435398768 ], [ -3.664133686466752, 40.328868587809062 ], [ -3.665046667366476, 40.328457576563771 ], [ -3.664951575815681, 40.328395384135639 ], [ -3.665104476797058, 40.32823432077371 ], [ -3.66522300193901, 40.328124943328604 ], [ -3.665334259350546, 40.328036583662879 ], [ -3.665486521958925, 40.32793750038995 ], [ -3.665600391179816, 40.327861520285978 ], [ -3.665773896619806, 40.32776898840725 ], [ -3.666036551448458, 40.32762064097264 ], [ -3.666218466096187, 40.3274965954054 ], [ -3.666464652757386, 40.327320691732062 ], [ -3.66666459722466, 40.327186717055689 ], [ -3.666726306879221, 40.327140000989267 ], [ -3.666740491787682, 40.327119826028643 ], [ -3.666763831925933, 40.327086319646625 ], [ -3.666790628857589, 40.327034707380662 ], [ -3.666821712971944, 40.326984062306266 ], [ -3.666850133389921, 40.326925782873964 ], [ -3.66686783767884, 40.326864088566111 ], [ -3.666922278657442, 40.326741006435746 ], [ -3.667017426068213, 40.32659297103725 ], [ -3.667066231480021, 40.326528219817234 ], [ -3.667140124869637, 40.326427243871954 ], [ -3.66723927264399, 40.326296445926481 ], [ -3.667276055425508, 40.326262625855968 ], [ -3.667315039467447, 40.326231443579495 ], [ -3.667371859501563, 40.326192642920056 ], [ -3.667503581764893, 40.326114511941469 ], [ -3.667728572998685, 40.326000941747118 ], [ -3.667859750461138, 40.325943691411752 ], [ -3.667945267424738, 40.325898860698857 ], [ -3.668036939655494, 40.325842831984815 ], [ -3.668148844677282, 40.325754764058274 ], [ -3.668304808282815, 40.325638370641194 ], [ -3.668374878427958, 40.325596035206949 ], [ -3.668510423020991, 40.325516255734918 ], [ -3.668751372435365, 40.325376952056352 ], [ -3.668860796076383, 40.325318625421005 ], [ -3.669017198448445, 40.325240221175335 ], [ -3.669184220773813, 40.325165204902575 ], [ -3.669370518502025, 40.325101107708512 ], [ -3.669518191967859, 40.325051215141897 ], [ -3.669650018807392, 40.325024400182549 ], [ -3.669864504574715, 40.324999448826247 ], [ -3.670152044989424, 40.324974073864226 ], [ -3.670453385052221, 40.325001120185988 ], [ -3.671153630560826, 40.325243415873516 ], [ -3.671445759489051, 40.325308760677096 ], [ -3.67215217164236, 40.325527215812855 ], [ -3.672856223711896, 40.325691990062587 ], [ -3.673622535081617, 40.32591840413405 ], [ -3.674285345850913, 40.326066582445527 ], [ -3.674888342460997, 40.32605847034398 ], [ -3.675419969196164, 40.326079889549966 ], [ -3.675924805703989, 40.326076947949055 ], [ -3.676312080378425, 40.326171470974593 ], [ -3.676870841970973, 40.326330971781218 ], [ -3.677141763975729, 40.326401791225436 ], [ -3.677732668584377, 40.326437847669716 ], [ -3.678000524157861, 40.326457829793114 ], [ -3.678259641057994, 40.326441841994075 ], [ -3.678555862323324, 40.326364532938797 ], [ -3.678919148525456, 40.326326845644715 ], [ -3.679214337190705, 40.326331015569345 ], [ -3.67949492088162, 40.326221631321971 ], [ -3.679932275743408, 40.326047956170548 ], [ -3.680232709579922, 40.325852900386536 ], [ -3.680507891337177, 40.325619969992495 ], [ -3.68067097337806, 40.325359179129471 ], [ -3.680760473575461, 40.325171730664295 ], [ -3.680841022195795, 40.324934917598014 ], [ -3.680917357828346, 40.324748161810682 ], [ -3.680956715959657, 40.324604400193437 ], [ -3.681050501367591, 40.324519197700475 ], [ -3.681267440122609, 40.324372005587506 ], [ -3.681606637633578, 40.324123290691496 ], [ -3.681817474727032, 40.323955903354573 ], [ -3.682112057093226, 40.323758888813835 ], [ -3.682439989077584, 40.323590755748434 ], [ -3.682731250225525, 40.323500209138096 ], [ -3.68299291251434, 40.323447089571196 ], [ -3.683224529517417, 40.323385550302184 ], [ -3.683366303423016, 40.323330266698463 ], [ -3.683601039542358, 40.323205662819596 ], [ -3.683876472283211, 40.323032115078441 ], [ -3.684257757231098, 40.322738542650306 ], [ -3.684432830814546, 40.322599632924458 ], [ -3.684697877844211, 40.322445821648842 ], [ -3.684913907369919, 40.322342055977558 ], [ -3.685066973707561, 40.322256364965831 ], [ -3.685232581939261, 40.322194153094657 ], [ -3.685730275571605, 40.32209229372905 ], [ -3.686240604435393, 40.322023326412527 ], [ -3.686597356718685, 40.321988234933123 ], [ -3.686935174784169, 40.32193248499842 ], [ -3.68749801693551, 40.321938543268864 ], [ -3.687824891428292, 40.321912986123678 ], [ -3.688785138612023, 40.321657024101981 ], [ -3.689862258474964, 40.321362584340214 ], [ -3.691000662352898, 40.321025272125596 ], [ -3.691266626256554, 40.320933068620789 ], [ -3.691874332392997, 40.320608359553184 ], [ -3.692138750366651, 40.320512349697317 ], [ -3.692296441321627, 40.320491919191689 ], [ -3.692299017362917, 40.320585552546909 ], [ -3.692291646757711, 40.320586349826002 ], [ -3.692329346090749, 40.321870046840999 ], [ -3.692283360506551, 40.323170487081285 ], [ -3.692302877367956, 40.32411525857033 ], [ -3.692345037220615, 40.325827142842236 ], [ -3.692447962835647, 40.329137411596896 ], [ -3.692500722646761, 40.330876482734972 ], [ -3.692521537972895, 40.331595794107628 ], [ -3.692550317512913, 40.332732975344975 ], [ -3.69192858407669, 40.332803253240407 ], [ -3.691484503491415, 40.332873985762284 ], [ -3.691114336916996, 40.332950698520762 ], [ -3.690688992172797, 40.333048292219281 ], [ -3.690327412079624, 40.333144219112945 ], [ -3.689966027182826, 40.33325941163605 ], [ -3.689490887396031, 40.333412532298141 ], [ -3.688994330289343, 40.333605599138657 ], [ -3.688618408385052, 40.333777393101833 ], [ -3.6881507582315, 40.334007536261844 ], [ -3.687715124133498, 40.334250332463107 ], [ -3.687343111982778, 40.33447733518134 ], [ -3.68694970666783, 40.334746852818625 ], [ -3.686526540958409, 40.335061504231398 ], [ -3.686193747885171, 40.335349928340051 ], [ -3.685731460956615, 40.335780418214313 ], [ -3.685341380334289, 40.336214331642381 ], [ -3.68496863822705, 40.336703376290927 ], [ -3.684758503663154, 40.337005200677424 ], [ -3.68452757020359, 40.337408625258867 ], [ -3.684300626242779, 40.337874968322062 ], [ -3.684158066430204, 40.33822006642486 ], [ -3.684068299142237, 40.338473650505293 ], [ -3.683982172956407, 40.33875547293605 ], [ -3.683927355877284, 40.338979305540732 ], [ -3.683850269748745, 40.339325300756542 ], [ -3.683793583196083, 40.339696866748909 ], [ -3.683757730599192, 40.340279157366567 ], [ -3.683757712463861, 40.340279460181783 ], [ -3.683754666992658, 40.34149801647181 ], [ -3.68376441009517, 40.342630919771281 ], [ -3.683771003990171, 40.3427433728002 ], [ -3.683773293052085, 40.343553927991245 ], [ -3.683779787502556, 40.344322562910712 ], [ -3.683788589564369, 40.345029004671872 ], [ -3.683792897917627, 40.346122118936577 ], [ -3.683793821546964, 40.347212683595913 ], [ -3.683793952448893, 40.348878685400372 ], [ -3.68379091375416, 40.35021495613195 ], [ -3.683672681056335, 40.35130664876786 ], [ -3.683570091924532, 40.351476639760719 ], [ -3.683582153504647, 40.352739366375395 ], [ -3.683595819934717, 40.353604463684078 ], [ -3.68363454544997, 40.353733922344986 ], [ -3.683641529291631, 40.353865985770838 ], [ -3.683650881115416, 40.354565177085696 ], [ -3.68385222484605, 40.354824206881503 ], [ -3.683820122872216, 40.355147095210711 ], [ -3.68377158657421, 40.355495490964586 ], [ -3.68368939250356, 40.355836376525225 ], [ -3.683575620364488, 40.356209562641752 ], [ -3.683444630279997, 40.356540460560637 ], [ -3.683316374978149, 40.356809684497001 ], [ -3.683204249833421, 40.357013302128856 ], [ -3.68301605368692, 40.357332976012181 ], [ -3.682817392695342, 40.357614174763633 ], [ -3.682608343232814, 40.357884419003618 ], [ -3.682368578920002, 40.358162196439544 ], [ -3.682069070299572, 40.358486386751366 ], [ -3.681795214579775, 40.358795948266945 ], [ -3.681346001576268, 40.359320408457528 ], [ -3.680947855408906, 40.359744929656387 ], [ -3.680682305955686, 40.359537220507569 ], [ -3.679994231182091, 40.358803060239374 ], [ -3.679593850545584, 40.358408376325691 ], [ -3.679351965289257, 40.358214272044854 ], [ -3.679189117492749, 40.358099508791327 ], [ -3.678776794901426, 40.357901061650807 ], [ -3.678415662486614, 40.357765516394238 ], [ -3.67805476585723, 40.35762996952203 ], [ -3.677786506367122, 40.357478022571499 ], [ -3.677668067995761, 40.357410786779418 ], [ -3.677413687236212, 40.357139116222328 ], [ -3.677391797741155, 40.357105189872705 ], [ -3.677204972579076, 40.356817358045554 ], [ -3.677086587702818, 40.356354437951644 ], [ -3.676823567948592, 40.355476319184767 ], [ -3.676661311261147, 40.354947437144411 ], [ -3.676514747541791, 40.354587749402846 ], [ -3.676338835056748, 40.354207704836362 ], [ -3.676175586898834, 40.353983589237394 ], [ -3.675935716375561, 40.353807057088993 ], [ -3.67570399647602, 40.353739219038289 ], [ -3.675498850256954, 40.353679242561519 ], [ -3.675115126039819, 40.353625352474992 ], [ -3.675046492373306, 40.353615571844252 ], [ -3.675042358448206, 40.353614334691464 ], [ -3.674612138886223, 40.353479631056963 ], [ -3.674246471334274, 40.35333481963427 ], [ -3.674158511000846, 40.353299925523643 ], [ -3.673855385199652, 40.353014026269804 ], [ -3.673761035082876, 40.352774480290719 ], [ -3.673717546006015, 40.352474547830688 ], [ -3.673668112475861, 40.352133387148861 ], [ -3.673611292711739, 40.351875315804449 ], [ -3.673423724433966, 40.351369640565395 ], [ -3.673254907127468, 40.350913734100139 ], [ -3.673148017194098, 40.350678274996049 ], [ -3.673114856765432, 40.350623601340985 ], [ -3.67304391238869, 40.350558606843869 ], [ -3.672912719798051, 40.350438465555193 ], [ -3.672713943095562, 40.350307095416213 ], [ -3.672509871587819, 40.350203800315391 ], [ -3.672056903767374, 40.350018886056411 ], [ -3.671292906052431, 40.349761951931924 ], [ -3.670537468184176, 40.349578783235657 ], [ -3.670147856590385, 40.349436995747276 ], [ -3.669950854405167, 40.349326799171656 ], [ -3.669727813838225, 40.349186433617469 ], [ -3.669577056672572, 40.348971829055557 ], [ -3.669418481810009, 40.348624079045422 ], [ -3.669108557654159, 40.347704950787396 ], [ -3.669029765124988, 40.347418780164098 ], [ -3.669008836573467, 40.347147561533291 ], [ -3.669015683214475, 40.346784405909013 ], [ -3.669124464395675, 40.346181244830859 ], [ -3.669248447588335, 40.345797461533934 ], [ -3.669374772749701, 40.345651085697149 ], [ -3.669441107371411, 40.345503062324518 ], [ -3.669439709343973, 40.345361414843488 ], [ -3.669368068626505, 40.345236134524669 ], [ -3.669249342187204, 40.345135534240804 ], [ -3.669136748359308, 40.345047932812022 ], [ -3.668934780370148, 40.344927395372679 ], [ -3.668524164088638, 40.344802076245138 ], [ -3.66797006638169, 40.344669602246263 ], [ -3.66737206277322, 40.344517516422151 ], [ -3.666579458613077, 40.344322476323377 ], [ -3.665500880322318, 40.344151109372127 ], [ -3.665237050084835, 40.344102746036818 ], [ -3.664938521880516, 40.343972780149237 ], [ -3.664579126473277, 40.343751385947421 ], [ -3.664337816134683, 40.343472051065035 ], [ -3.6642190768609, 40.343196805622313 ], [ -3.664113816998859, 40.342832297286343 ], [ -3.664020451946622, 40.342617357433937 ], [ -3.664006092449634, 40.342596958425119 ], [ -3.66382742445516, 40.342343133506112 ], [ -3.663658313582847, 40.342114661121514 ], [ -3.663543897978405, 40.34187988902449 ], [ -3.663273386930338, 40.34133684431044 ], [ -3.663087600034114, 40.340813103677071 ], [ -3.663030429749532, 40.340566033235184 ], [ -3.663028915167002, 40.339877716787441 ], [ -3.663022368165637, 40.339474735238007 ], [ -3.662959477398212, 40.339175823566563 ], [ -3.662837559882844, 40.33897301584318 ], [ -3.662661555325801, 40.338838352446068 ], [ -3.662377154040785, 40.338662523211923 ], [ -3.662200821372604, 40.338542290978282 ], [ -3.662002817141761, 40.338365942726512 ], [ -3.661692123805469, 40.338085738695952 ], [ -3.661534010279181, 40.33785734693604 ], [ -3.661429194064125, 40.337592443205708 ], [ -3.66144989416515, 40.337041664967806 ], [ -3.66131409467588, 40.336483799405364 ], [ -3.660956339436838, 40.335952585502916 ], [ -3.660534483329123, 40.335406877658968 ], [ -3.659934921936924, 40.334879585251926 ], [ -3.659193119306833, 40.334201467714614 ], [ -3.65885055062491, 40.333826333784167 ], [ -3.658640340026799, 40.33338859626889 ], [ -3.658587778227083, 40.332808307621384 ], [ -3.658514408678545, 40.332501471557826 ], [ -3.658406647620945, 40.332142958098203 ], [ -3.658380512389899, 40.331867776196368 ], [ -3.658297122428881, 40.331602896003503 ], [ -3.65797103867983, 40.331044113140237 ], [ -3.657757788610743, 40.330560503665012 ], [ -3.657607012864153, 40.329838721198989 ], [ -3.657518882263094, 40.329284435314634 ], [ -3.657513635351612, 40.328925725435433 ], [ -3.657513636144042, 40.32892568579048 ] ] ] } },
{ "type": "Feature", "properties": { "barrio": "Los Rosales", "distrito": "Villaverde", "area_km2": 1.541, "n_poi": 12, "diversidad_poi": 4, "n_restaurantes": 939, "pct_terrazas": 3.3, "accesibilidad_media": 7.9, "densidad_oferta": 617.1 }, "geometry": { "type": "Polygon", "coordinates": [ [ [ -3.683672681056335, 40.35130664876786 ], [ -3.68379091375416, 40.35021495613195 ], [ -3.684010669851019, 40.350232729975339 ], [ -3.684098572983068, 40.349992198185568 ], [ -3.684177334696459, 40.349810778088489 ], [ -3.684269772835684, 40.349631092365193 ], [ -3.684335099470148, 40.349517604965627 ], [ -3.684428859336152, 40.34937055144637 ], [ -3.684462068011919, 40.34931873878994 ], [ -3.684502175188642, 40.349262330269468 ], [ -3.684667700824976, 40.349050331856454 ], [ -3.684712896956763, 40.349001730198118 ], [ -3.684764381789773, 40.348946109196476 ], [ -3.684832525750078, 40.348867180153256 ], [ -3.685081090819758, 40.348625844821697 ], [ -3.685290593318818, 40.348446224271562 ], [ -3.685554434052484, 40.348244268307219 ], [ -3.685713031577561, 40.348132505644543 ], [ -3.685920029905537, 40.347999960811094 ], [ -3.686091630269962, 40.34789874681114 ], [ -3.686266370465107, 40.347802059945217 ], [ -3.686656746806616, 40.347608301192352 ], [ -3.68712159179214, 40.347396620079607 ], [ -3.687229656804974, 40.347347419593376 ], [ -3.688009291412623, 40.347071433346308 ], [ -3.690329753070686, 40.346459773777077 ], [ -3.692465467746606, 40.345920975969321 ], [ -3.692967961823786, 40.34584760766252 ], [ -3.693080418920602, 40.349592321264105 ], [ -3.693072278622342, 40.35094996218821 ], [ -3.69305146999685, 40.35170199115349 ], [ -3.693041184509475, 40.352227829225527 ], [ -3.693048768176334, 40.352785361553458 ], [ -3.6930761583881, 40.353898009524343 ], [ -3.693118558806145, 40.355073362834446 ], [ -3.693155071725417, 40.356559565559969 ], [ -3.693222685654229, 40.357816390852875 ], [ -3.693307062572289, 40.358984733930093 ], [ -3.693411289790535, 40.360032416394262 ], [ -3.69351332145712, 40.360876773833816 ], [ -3.69362742616709, 40.361726734399639 ], [ -3.694004025288381, 40.364528848223216 ], [ -3.693869643101313, 40.364517671520609 ], [ -3.693244055752107, 40.364464841370598 ], [ -3.692228703830075, 40.364385150070554 ], [ -3.691652201684003, 40.364317783969973 ], [ -3.691247860343723, 40.364270467462916 ], [ -3.690614522994702, 40.364173345390356 ], [ -3.690044730724471, 40.364058993640498 ], [ -3.689443365870399, 40.363908970067229 ], [ -3.689024910061439, 40.363793711896591 ], [ -3.687239759749697, 40.36320034815396 ], [ -3.685404299322645, 40.362543772947625 ], [ -3.68314129867649, 40.361729734801372 ], [ -3.68192474497413, 40.361296317308359 ], [ -3.681522484428944, 40.36021642371476 ], [ -3.681508862568228, 40.360185152190247 ], [ -3.681466903981724, 40.360088280038923 ], [ -3.681319382681908, 40.359916982783432 ], [ -3.680947855408906, 40.359744929656387 ], [ -3.681346001576268, 40.359320408457528 ], [ -3.681795214579775, 40.358795948266945 ], [ -3.682069070299572, 40.358486386751366 ], [ -3.682368578920002, 40.358162196439544 ], [ -3.682608343232814, 40.357884419003618 ], [ -3.682817392695342, 40.357614174763633 ], [ -3.68301605368692, 40.357332976012181 ], [ -3.683204249833421, 40.357013302128856 ], [ -3.683316374978149, 40.356809684497001 ], [ -3.683444630279997, 40.356540460560637 ], [ -3.683575620364488, 40.356209562641752 ], [ -3.68368939250356, 40.355836376525225 ], [ -3.68377158657421, 40.355495490964586 ], [ -3.683820122872216, 40.355147095210711 ], [ -3.68385222484605, 40.354824206881503 ], [ -3.683650881115416, 40.354565177085696 ], [ -3.683641529291631, 40.353865985770838 ], [ -3.68363454544997, 40.353733922344986 ], [ -3.683595819934717, 40.353604463684078 ], [ -3.683582153504647, 40.352739366375395 ], [ -3.683570091924532, 40.351476639760719 ], [ -3.683672681056335, 40.35130664876786 ] ] ] } },
{ "type": "Feature", "properties": { "barrio": "Ángeles", "distrito": "Villaverde", "area_km2": 1.935, "n_poi": 11, "diversidad_poi": 3, "n_restaurantes": 752, "pct_terrazas": 7.4, "accesibilidad_media": 6.7, "densidad_oferta": 394.3 }, "geometry": { "type": "Polygon", "coordinates": [ [ [ -3.694004025288381, 40.364528848223216 ], [ -3.69362742616709, 40.361726734399639 ], [ -3.69351332145712, 40.360876773833816 ], [ -3.693411289790535, 40.360032416394262 ], [ -3.693307062572289, 40.358984733930093 ], [ -3.693222685654229, 40.357816390852875 ], [ -3.693155071725417, 40.356559565559969 ], [ -3.693118558806145, 40.355073362834446 ], [ -3.6930761583881, 40.353898009524343 ], [ -3.693048768176334, 40.352785361553458 ], [ -3.693041184509475, 40.352227829225527 ], [ -3.69305146999685, 40.35170199115349 ], [ -3.693072278622342, 40.35094996218821 ], [ -3.693080418920602, 40.349592321264105 ], [ -3.692967961823786, 40.34584760766252 ], [ -3.693391147451571, 40.34579083904044 ], [ -3.694106871721374, 40.345636638246908 ], [ -3.694499527293087, 40.345657258142239 ], [ -3.69494430862514, 40.345674499509734 ], [ -3.695808441368653, 40.345766519310935 ], [ -3.696336169407955, 40.345846231183607 ], [ -3.696827193798017, 40.345986253733749 ], [ -3.697187147587842, 40.346112828069217 ], [ -3.697577626513552, 40.346287777415 ], [ -3.697912002933416, 40.346457207123159 ], [ -3.698360513086559, 40.346733900742592 ], [ -3.699054769518298, 40.347265608018439 ], [ -3.700713926830042, 40.3485680715225 ], [ -3.702559398439706, 40.350001729844237 ], [ -3.702560037100704, 40.350002225972347 ], [ -3.703145118006113, 40.350464718960694 ], [ -3.704887907852922, 40.351850273716373 ], [ -3.705144521618017, 40.352056371997193 ], [ -3.705425052365181, 40.352270051865879 ], [ -3.705770175577668, 40.35253292861767 ], [ -3.705990704398524, 40.35274492093621 ], [ -3.706328481301809, 40.353111245936304 ], [ -3.70672629920904, 40.353779646144261 ], [ -3.706895784074939, 40.354214836445131 ], [ -3.707067304743713, 40.35490119235326 ], [ -3.707062789703156, 40.355518764709664 ], [ -3.706991338222043, 40.356022178831246 ], [ -3.70683589917103, 40.356878189457802 ], [ -3.70660324828845, 40.357689734868536 ], [ -3.706489813366648, 40.358161696462815 ], [ -3.706056991501904, 40.359831840509969 ], [ -3.705145578910625, 40.363680517942001 ], [ -3.704900576189178, 40.363655253518857 ], [ -3.704504106179353, 40.363617846332282 ], [ -3.704281084018414, 40.36359965309326 ], [ -3.704084939655157, 40.363583819249399 ], [ -3.70401695106818, 40.363580808778728 ], [ -3.704015890206099, 40.363580725145432 ], [ -3.703660160446549, 40.363564870033443 ], [ -3.703235631920004, 40.363558800780261 ], [ -3.702617407767443, 40.363579851376997 ], [ -3.702103349158201, 40.363617295384621 ], [ -3.701651298340348, 40.363671658443202 ], [ -3.701123783789445, 40.363751973078443 ], [ -3.701073103639165, 40.363759756985594 ], [ -3.700792446070253, 40.363805781085389 ], [ -3.700700318066376, 40.363825889106714 ], [ -3.700046352525746, 40.363967415228167 ], [ -3.699339566484645, 40.364126463600826 ], [ -3.699120227649813, 40.364168419091968 ], [ -3.698747609566081, 40.364239770104014 ], [ -3.698160962778115, 40.364331418722308 ], [ -3.697447200380998, 40.364420046295564 ], [ -3.697134640374979, 40.364444992378175 ], [ -3.696903150907444, 40.364462421998738 ], [ -3.696759689918206, 40.364473196438716 ], [ -3.696599235748411, 40.364480647788355 ], [ -3.69622864917719, 40.364497922800922 ], [ -3.69552652169555, 40.364515656755998 ], [ -3.694004025288381, 40.364528848223216 ] ] ] } },
{ "type": "Feature", "properties": { "barrio": "Casco Histórico de Vallecas", "distrito": "Villa de Vallecas", "area_km2": 42.989, "n_poi": 16, "diversidad_poi": 6, "n_restaurantes": 2771, "pct_terrazas": 2.3, "accesibilidad_media": 2.6, "densidad_oferta": 64.8 }, "geometry": { "type": "Polygon", "coordinates": [ [ [ -3.565223566197754, 40.360075993588289 ], [ -3.564655390311795, 40.359957701038049 ], [ -3.564087808349705, 40.359837800962964 ], [ -3.563521051500207, 40.359715624665682 ], [ -3.562956339264483, 40.359588120221524 ], [ -3.562392073925696, 40.359459434242183 ], [ -3.56183071448269, 40.359323458282596 ], [ -3.561270495898154, 40.359184756887991 ], [ -3.560712863454557, 40.359040083369514 ], [ -3.56015646593728, 40.358892646168073 ], [ -3.559602630148293, 40.358739676669103 ], [ -3.55905081699398, 40.358582478439189 ], [ -3.558499569267914, 40.358424130671729 ], [ -3.557949111786923, 40.358264187236934 ], [ -3.557399462033924, 40.358102621935025 ], [ -3.556851108205663, 40.357938506283674 ], [ -3.556307822694003, 40.357764849955345 ], [ -3.555775979842637, 40.35757197356223 ], [ -3.555272701308655, 40.357338535205827 ], [ -3.55480348581876, 40.357066786395713 ], [ -3.554375107530586, 40.356758007707363 ], [ -3.554251015689689, 40.356654324824063 ], [ -3.554987759172508, 40.356253132179774 ], [ -3.555070999428743, 40.356207686828938 ], [ -3.555187520813488, 40.356142260572277 ], [ -3.555199002911407, 40.356135089104939 ], [ -3.556901581672907, 40.355154452871773 ], [ -3.556961831369307, 40.355120378328806 ], [ -3.55701142433352, 40.355093562421025 ], [ -3.556929205162306, 40.35503377704476 ], [ -3.556844731693289, 40.354971930351475 ], [ -3.556747551616665, 40.354897172445078 ], [ -3.556656776585481, 40.354827968419109 ], [ -3.556561726911553, 40.354754459583724 ], [ -3.556499985731981, 40.354707368388183 ], [ -3.556414182188564, 40.354641203368871 ], [ -3.556257121058359, 40.354544929990425 ], [ -3.556166968283246, 40.354494011216865 ], [ -3.55606690186426, 40.354440437281809 ], [ -3.555870677664069, 40.354335973118339 ], [ -3.555768639434834, 40.354286012071853 ], [ -3.555653038656665, 40.354233594423604 ], [ -3.555562235455495, 40.354203758881027 ], [ -3.555425524563534, 40.354161892152547 ], [ -3.555255128393864, 40.354104960566481 ], [ -3.555121361074855, 40.354059114404855 ], [ -3.556635557138925, 40.35309870333429 ], [ -3.557690301944518, 40.352666784405393 ], [ -3.558913706896781, 40.35027003963804 ], [ -3.560741152807618, 40.349176696447927 ], [ -3.562156569712135, 40.347094400577838 ], [ -3.565359992838056, 40.344379050937448 ], [ -3.566219764695338, 40.343308620652223 ], [ -3.568245958958237, 40.34090389013658 ], [ -3.569945429583719, 40.337632242185876 ], [ -3.57188245546937, 40.334615167598322 ], [ -3.572737679409558, 40.333660208037976 ], [ -3.575281412321342, 40.331862084152704 ], [ -3.576763010560641, 40.330251360287946 ], [ -3.57951962401634, 40.327949912742568 ], [ -3.582487146694411, 40.326255819675538 ], [ -3.583243950975872, 40.324809104391221 ], [ -3.584362971235397, 40.322563964679183 ], [ -3.58507080301671, 40.320416386186707 ], [ -3.585073851752729, 40.318355246126913 ], [ -3.583817072083623, 40.315813058984723 ], [ -3.582408856337489, 40.316141410263434 ], [ -3.581885708932218, 40.315881508420361 ], [ -3.58048435666465, 40.315968084035141 ], [ -3.579282312167862, 40.315868058206554 ], [ -3.577795797284057, 40.31464824171308 ], [ -3.576126232127483, 40.314885745428953 ], [ -3.577968238468969, 40.313891329666291 ], [ -3.578760475024757, 40.313856836581351 ], [ -3.579691575306303, 40.313876149098668 ], [ -3.580656025212738, 40.313790511112025 ], [ -3.581646327869082, 40.313590858354168 ], [ -3.582527860235659, 40.31352597980932 ], [ -3.583471616452285, 40.31330690477121 ], [ -3.584501791857866, 40.313201803642201 ], [ -3.58557963741586, 40.313070506353661 ], [ -3.587435412781766, 40.312790571178539 ], [ -3.589401297417174, 40.312696626593016 ], [ -3.593328287451589, 40.312421904596462 ], [ -3.594324622110106, 40.312379774049901 ], [ -3.595338241577199, 40.312349708441808 ], [ -3.598258633199104, 40.312064757573467 ], [ -3.599238713591411, 40.31216879675236 ], [ -3.600198146380377, 40.312332937143324 ], [ -3.602130493178465, 40.312667338410591 ], [ -3.606384933833303, 40.313469686062732 ], [ -3.608120492453372, 40.313664742908379 ], [ -3.611150858409874, 40.31431287607311 ], [ -3.613877317796516, 40.315589310058158 ], [ -3.615965042774595, 40.317761886943529 ], [ -3.617449825007205, 40.318191655594468 ], [ -3.620008102635536, 40.31911757090851 ], [ -3.623534058557651, 40.319849757271527 ], [ -3.624692489434334, 40.320426775633962 ], [ -3.625981875460603, 40.319236281148271 ], [ -3.625991924868944, 40.319224576049322 ], [ -3.626152375592734, 40.319273204309191 ], [ -3.626253821230387, 40.31930758389187 ], [ -3.626356395307043, 40.319339244600357 ], [ -3.626466127759841, 40.319369859221275 ], [ -3.626636108826935, 40.319414227891876 ], [ -3.626750365721594, 40.319441510450424 ], [ -3.627082463452954, 40.319510846547381 ], [ -3.627399922531618, 40.319593182099524 ], [ -3.628068382217307, 40.319827109701343 ], [ -3.628168162240991, 40.319859374971202 ], [ -3.62824952867517, 40.31988853828414 ], [ -3.628399581758539, 40.319945338085724 ], [ -3.628489956727579, 40.31998002899546 ], [ -3.628655049311648, 40.320054000298853 ], [ -3.628698664496525, 40.320073763721616 ], [ -3.628745098834143, 40.320095702845954 ], [ -3.628793785433266, 40.320116564819983 ], [ -3.62884193162223, 40.320140070311645 ], [ -3.62894118371004, 40.320178519903493 ], [ -3.628982306452075, 40.320196034556147 ], [ -3.629035973321841, 40.320209812431344 ], [ -3.629118891874977, 40.320240879345299 ], [ -3.629163375599757, 40.320254391780409 ], [ -3.629229999449244, 40.320279102046037 ], [ -3.629275754127114, 40.320296007601634 ], [ -3.629689173057571, 40.32046757629567 ], [ -3.629808665638766, 40.320518379206334 ], [ -3.629936782388421, 40.320570188206851 ], [ -3.630083581790712, 40.320622327747529 ], [ -3.630210982180155, 40.32067414124532 ], [ -3.63028922375035, 40.320708941887908 ], [ -3.630366008676725, 40.320742650390002 ], [ -3.630429800410928, 40.320772682720389 ], [ -3.630510481912798, 40.320821750417451 ], [ -3.630576718435977, 40.320866579584653 ], [ -3.630659718125929, 40.32092441762056 ], [ -3.630746424032596, 40.320987145408274 ], [ -3.630849001639862, 40.321054092979018 ], [ -3.630954268704614, 40.321111656208259 ], [ -3.631057217155959, 40.321173766325522 ], [ -3.631223029033452, 40.321277719875184 ], [ -3.631450735501282, 40.321410047695821 ], [ -3.631603144985562, 40.321496632019752 ], [ -3.631694882927364, 40.32154960977266 ], [ -3.631946022903492, 40.321694084591094 ], [ -3.632012210977352, 40.321736175291328 ], [ -3.632112521933527, 40.321797097940802 ], [ -3.632206370658648, 40.321858100865832 ], [ -3.632279289705425, 40.321913848624419 ], [ -3.632361581899183, 40.321971130718879 ], [ -3.632437152699268, 40.322015863635144 ], [ -3.63249325786, 40.32205697222124 ], [ -3.632548069923676, 40.322104682592062 ], [ -3.632594163255331, 40.322147559425773 ], [ -3.632668298550811, 40.322192308147308 ], [ -3.632744351472557, 40.32222547039845 ], [ -3.632836341749005, 40.322265059070965 ], [ -3.632903929020504, 40.322305483905403 ], [ -3.63296148745523, 40.322347124862539 ], [ -3.633051167421808, 40.322415312224592 ], [ -3.633129963481172, 40.32247759498992 ], [ -3.633208804856864, 40.322542066690261 ], [ -3.633302875922175, 40.322614049721849 ], [ -3.633399238404779, 40.322693155422051 ], [ -3.633490433038003, 40.322764623405924 ], [ -3.633607277896288, 40.322862724389623 ], [ -3.633732428942633, 40.322980511715805 ], [ -3.633826777538648, 40.323065682273253 ], [ -3.634138203711977, 40.32329424991994 ], [ -3.634495516525031, 40.323558624384546 ], [ -3.635160732808209, 40.324026822809536 ], [ -3.634996134076381, 40.324150046262453 ], [ -3.634965730518064, 40.324172467695512 ], [ -3.635443974295419, 40.324562297870408 ], [ -3.635995924140241, 40.32506775756223 ], [ -3.636198510076464, 40.325194976063017 ], [ -3.636620355486704, 40.325447769741906 ], [ -3.636935363422965, 40.325671261250513 ], [ -3.63725221997797, 40.325883199113981 ], [ -3.637467172436415, 40.325991108085923 ], [ -3.637775513439178, 40.326227069415424 ], [ -3.638102484701229, 40.3264371653285 ], [ -3.638412371495745, 40.326665701833512 ], [ -3.638660263534703, 40.326836958748437 ], [ -3.639163092910455, 40.327111575638959 ], [ -3.639354824471545, 40.327230654648943 ], [ -3.639683776231512, 40.327434786313653 ], [ -3.639977252584415, 40.327641974628122 ], [ -3.640214267661355, 40.327806566581295 ], [ -3.640370310410988, 40.327905817559227 ], [ -3.640518553449405, 40.327970787368486 ], [ -3.640676060562607, 40.328027124415335 ], [ -3.640794189573151, 40.328069374588821 ], [ -3.640987444162381, 40.328151257860284 ], [ -3.641212519586845, 40.328238682557881 ], [ -3.641351179044892, 40.328277960634566 ], [ -3.641424393863671, 40.328313310378519 ], [ -3.641567495049073, 40.328426933588545 ], [ -3.641686903190944, 40.328506914376369 ], [ -3.641844082889252, 40.328625628616237 ], [ -3.64191666803031, 40.328694593951553 ], [ -3.642035651609064, 40.328777876798519 ], [ -3.642171507040428, 40.328856233324295 ], [ -3.642298647583544, 40.328913662868977 ], [ -3.642391747300963, 40.328937358094976 ], [ -3.642555451987356, 40.328991159896574 ], [ -3.64272754534413, 40.329067907224292 ], [ -3.64289133727207, 40.329167315315416 ], [ -3.643032086001091, 40.329263943103392 ], [ -3.643179675813161, 40.32942655206314 ], [ -3.643397698555874, 40.32966159131243 ], [ -3.643507195423953, 40.329812070918742 ], [ -3.643625235584138, 40.32998943586697 ], [ -3.64375392616116, 40.330173217224534 ], [ -3.643948647589973, 40.330378073640013 ], [ -3.644160023650238, 40.330579177438317 ], [ -3.644349671191837, 40.330722125014944 ], [ -3.644535030284827, 40.33086190511488 ], [ -3.644710114545263, 40.330961999029043 ], [ -3.644964893435403, 40.331067372783394 ], [ -3.645292455643374, 40.331250043345037 ], [ -3.6457308769027, 40.331471413876002 ], [ -3.64609227920614, 40.331653893236215 ], [ -3.646507017572226, 40.331841328427473 ], [ -3.64690027257041, 40.332044648352195 ], [ -3.647211184099827, 40.332218020772032 ], [ -3.647468940415268, 40.332369075027231 ], [ -3.647686213000489, 40.332523216710079 ], [ -3.64791628616645, 40.33269183341605 ], [ -3.64808304041282, 40.332798303191282 ], [ -3.648327838540091, 40.332953931802955 ], [ -3.648540763670161, 40.333098336570252 ], [ -3.648734298486531, 40.333200856064622 ], [ -3.649042434954421, 40.333347962872793 ], [ -3.649155991932947, 40.333415644106772 ], [ -3.649222406409721, 40.333341216743172 ], [ -3.649211635809185, 40.333305962981072 ], [ -3.649209127527545, 40.333268663706569 ], [ -3.649220990023814, 40.333234575731701 ], [ -3.649233553636686, 40.33319883784165 ], [ -3.649253371103017, 40.333136291136029 ], [ -3.649291401723707, 40.333025116003661 ], [ -3.649334360142401, 40.332943663335321 ], [ -3.649380721022339, 40.332871703449605 ], [ -3.64941900476712, 40.332797776240099 ], [ -3.649456452738032, 40.332739950426692 ], [ -3.649486150371002, 40.332696434168518 ], [ -3.649513016024267, 40.332656774421551 ], [ -3.649544227476676, 40.332621481343232 ], [ -3.649576929377654, 40.332592215141887 ], [ -3.649606832068604, 40.33257009812705 ], [ -3.649639612843201, 40.332549062259609 ], [ -3.649671756808841, 40.332536260754253 ], [ -3.649718217614558, 40.332521184185822 ], [ -3.649773895133176, 40.332495081732368 ], [ -3.649823752057681, 40.332460231596045 ], [ -3.649885751952615, 40.332407086725247 ], [ -3.649949125878, 40.332336304018703 ], [ -3.649978643478928, 40.33230977997404 ], [ -3.650018446191303, 40.33227586374413 ], [ -3.65007453933768, 40.332293107423396 ], [ -3.650106196717186, 40.332304453158009 ], [ -3.650137875167653, 40.33231799340394 ], [ -3.650169782931979, 40.332335063954183 ], [ -3.650207210060389, 40.332363471264877 ], [ -3.65027644094658, 40.332411594766178 ], [ -3.650312396057778, 40.33238156861173 ], [ -3.655043229882557, 40.330021356997946 ], [ -3.657513634975683, 40.328925686698035 ], [ -3.657513635351612, 40.328925725435433 ], [ -3.657518882263094, 40.329284435314634 ], [ -3.657607012864153, 40.329838721198989 ], [ -3.657757788610743, 40.330560503665012 ], [ -3.65797103867983, 40.331044113140237 ], [ -3.658297122428881, 40.331602896003503 ], [ -3.658380512389899, 40.331867776196368 ], [ -3.658406647620945, 40.332142958098203 ], [ -3.658514408678545, 40.332501471557826 ], [ -3.658587778227083, 40.332808307621384 ], [ -3.658640340026799, 40.33338859626889 ], [ -3.65885055062491, 40.333826333784167 ], [ -3.659193119306833, 40.334201467714614 ], [ -3.659934921936924, 40.334879585251926 ], [ -3.660534483329123, 40.335406877658968 ], [ -3.660956339436838, 40.335952585502916 ], [ -3.66131409467588, 40.336483799405364 ], [ -3.66144989416515, 40.337041664967806 ], [ -3.661429194064125, 40.337592443205708 ], [ -3.661534010279181, 40.33785734693604 ], [ -3.661692123805469, 40.338085738695952 ], [ -3.662002817141761, 40.338365942726512 ], [ -3.662200821372604, 40.338542290978282 ], [ -3.662377154040785, 40.338662523211923 ], [ -3.662661555325801, 40.338838352446068 ], [ -3.662837559882844, 40.33897301584318 ], [ -3.662959477398212, 40.339175823566563 ], [ -3.663022368165637, 40.339474735238007 ], [ -3.663028915167002, 40.339877716787441 ], [ -3.663030429749532, 40.340566033235184 ], [ -3.663087600034114, 40.340813103677071 ], [ -3.663273386930338, 40.34133684431044 ], [ -3.663543897978405, 40.34187988902449 ], [ -3.663658313582847, 40.342114661121514 ], [ -3.66382742445516, 40.342343133506112 ], [ -3.664006092449634, 40.342596958425119 ], [ -3.664020451946622, 40.342617357433937 ], [ -3.664113816998859, 40.342832297286343 ], [ -3.6642190768609, 40.343196805622313 ], [ -3.664337816134683, 40.343472051065035 ], [ -3.664579126473277, 40.343751385947421 ], [ -3.664938521880516, 40.343972780149237 ], [ -3.665237050084835, 40.344102746036818 ], [ -3.665500880322318, 40.344151109372127 ], [ -3.666579458613077, 40.344322476323377 ], [ -3.66737206277322, 40.344517516422151 ], [ -3.66797006638169, 40.344669602246263 ], [ -3.668524164088638, 40.344802076245138 ], [ -3.668934780370148, 40.344927395372679 ], [ -3.669136748359308, 40.345047932812022 ], [ -3.669249342187204, 40.345135534240804 ], [ -3.669368068626505, 40.345236134524669 ], [ -3.669439709343973, 40.345361414843488 ], [ -3.669441107371411, 40.345503062324518 ], [ -3.669374772749701, 40.345651085697149 ], [ -3.669248447588335, 40.345797461533934 ], [ -3.669124464395675, 40.346181244830859 ], [ -3.669015683214475, 40.346784405909013 ], [ -3.669008836573467, 40.347147561533291 ], [ -3.669029765124988, 40.347418780164098 ], [ -3.669108557654159, 40.347704950787396 ], [ -3.669418481810009, 40.348624079045422 ], [ -3.669577056672572, 40.348971829055557 ], [ -3.669727813838225, 40.349186433617469 ], [ -3.669950854405167, 40.349326799171656 ], [ -3.670147856590385, 40.349436995747276 ], [ -3.670537468184176, 40.349578783235657 ], [ -3.671292906052431, 40.349761951931924 ], [ -3.672056903767374, 40.350018886056411 ], [ -3.672509871587819, 40.350203800315391 ], [ -3.672713943095562, 40.350307095416213 ], [ -3.672912719798051, 40.350438465555193 ], [ -3.67304391238869, 40.350558606843869 ], [ -3.673114856765432, 40.350623601340985 ], [ -3.673148017194098, 40.350678274996049 ], [ -3.673254907127468, 40.350913734100139 ], [ -3.673423724433966, 40.351369640565395 ], [ -3.673611292711739, 40.351875315804449 ], [ -3.673668112475861, 40.352133387148861 ], [ -3.673717546006015, 40.352474547830688 ], [ -3.673761035082876, 40.352774480290719 ], [ -3.673855385199652, 40.353014026269804 ], [ -3.674158511000846, 40.353299925523643 ], [ -3.674246471334274, 40.35333481963427 ], [ -3.674612138886223, 40.353479631056963 ], [ -3.675042358448206, 40.353614334691464 ], [ -3.675046492373306, 40.353615571844252 ], [ -3.675115126039819, 40.353625352474992 ], [ -3.675498850256954, 40.353679242561519 ], [ -3.67570399647602, 40.353739219038289 ], [ -3.675935716375561, 40.353807057088993 ], [ -3.676175586898834, 40.353983589237394 ], [ -3.676338835056748, 40.354207704836362 ], [ -3.676514747541791, 40.354587749402846 ], [ -3.676661311261147, 40.354947437144411 ], [ -3.676823567948592, 40.355476319184767 ], [ -3.677086587702818, 40.356354437951644 ], [ -3.677204972579076, 40.356817358045554 ], [ -3.677391797741155, 40.357105189872705 ], [ -3.677413687236212, 40.357139116222328 ], [ -3.677668067995761, 40.357410786779418 ], [ -3.677786506367122, 40.357478022571499 ], [ -3.67805476585723, 40.35762996952203 ], [ -3.678415662486614, 40.357765516394238 ], [ -3.678776794901426, 40.357901061650807 ], [ -3.679189117492749, 40.358099508791327 ], [ -3.679351965289257, 40.358214272044854 ], [ -3.679593850545584, 40.358408376325691 ], [ -3.679994231182091, 40.358803060239374 ], [ -3.680682305955686, 40.359537220507569 ], [ -3.680947855408906, 40.359744929656387 ], [ -3.681319382681908, 40.359916982783432 ], [ -3.681466903981724, 40.360088280038923 ], [ -3.681508862568228, 40.360185152190247 ], [ -3.681522484428944, 40.36021642371476 ], [ -3.68192474497413, 40.361296317308359 ], [ -3.681206462417797, 40.361048706248781 ], [ -3.680773940136274, 40.360931262173018 ], [ -3.680328499341804, 40.360828890877208 ], [ -3.679801672237821, 40.360756991292533 ], [ -3.679350175964401, 40.360702146178042 ], [ -3.678745405113708, 40.360678193960666 ], [ -3.678069075291665, 40.360687154106273 ], [ -3.677572583403613, 40.360707557000801 ], [ -3.677027054684719, 40.360725744799055 ], [ -3.676677626384586, 40.360747783790117 ], [ -3.675936318448079, 40.360794606757651 ], [ -3.675169142166618, 40.360869072782961 ], [ -3.674467265956801, 40.360938153750247 ], [ -3.673709987466135, 40.361022550718893 ], [ -3.673026421921202, 40.361119711276878 ], [ -3.672152495301999, 40.361256318090625 ], [ -3.671509877009441, 40.361369957168854 ], [ -3.671172406077692, 40.361435967491772 ], [ -3.670811424903698, 40.36150652767553 ], [ -3.670121276648993, 40.36166142539404 ], [ -3.669541982461607, 40.36181955211535 ], [ -3.66944041590891, 40.361850680142908 ], [ -3.66887469088734, 40.362023590055799 ], [ -3.668246098123654, 40.362247041369542 ], [ -3.667888549562536, 40.362391807893147 ], [ -3.667563493378518, 40.362523413507006 ], [ -3.667245004690653, 40.362664259727552 ], [ -3.667175232477971, 40.362695112235073 ], [ -3.666696079831309, 40.362929947158754 ], [ -3.666502517032887, 40.363031783174911 ], [ -3.666023761574225, 40.363283639387788 ], [ -3.664447288033418, 40.36414396715729 ], [ -3.657069533467433, 40.368776659499453 ], [ -3.655996972099984, 40.369371935653596 ], [ -3.655603324058246, 40.369590383420949 ], [ -3.654715704051864, 40.37036045998326 ], [ -3.654404870522438, 40.370885737954261 ], [ -3.65358902673368, 40.37362858278464 ], [ -3.653304799902738, 40.374325602153021 ], [ -3.652766131625876, 40.37564649567625 ], [ -3.652361344919608, 40.376046438843389 ], [ -3.6515052329305, 40.376099905377906 ], [ -3.649907340535443, 40.376312756663822 ], [ -3.648576004956392, 40.376524184017804 ], [ -3.645067607134389, 40.377229815980648 ], [ -3.64151066259938, 40.377954079581656 ], [ -3.634376218124691, 40.379773115923562 ], [ -3.633026665163624, 40.380102041432238 ], [ -3.632586249279312, 40.380209394196676 ], [ -3.630191382482326, 40.380778668712573 ], [ -3.627161759517802, 40.381504479448068 ], [ -3.625904706041645, 40.381792899874931 ], [ -3.62458566071078, 40.382092630810554 ], [ -3.621398080369546, 40.382783193671322 ], [ -3.620684792952696, 40.382968999581237 ], [ -3.619139875598405, 40.383322130748397 ], [ -3.618945346342341, 40.38273982892126 ], [ -3.617368826882228, 40.381436775977825 ], [ -3.617667476490257, 40.381217974853264 ], [ -3.61790022580906, 40.381084750496669 ], [ -3.61819926078579, 40.380921352039245 ], [ -3.618398113333658, 40.3808047035835 ], [ -3.618371603082535, 40.380791422653765 ], [ -3.61827029924777, 40.380740880786718 ], [ -3.617565498964847, 40.380874098928174 ], [ -3.617365693833154, 40.380331011120226 ], [ -3.617304927809103, 40.380165386543432 ], [ -3.61728316191562, 40.37971621678119 ], [ -3.617272853946994, 40.379503115901521 ], [ -3.617245967306533, 40.3795000161291 ], [ -3.61710668942523, 40.379483550220613 ], [ -3.616730308516983, 40.379471138111292 ], [ -3.616407075219624, 40.379460514494561 ], [ -3.615819394563394, 40.379426700906045 ], [ -3.61521745174002, 40.37939196739967 ], [ -3.614095817496132, 40.379292221407219 ], [ -3.613668533365644, 40.379245373680824 ], [ -3.613765296091237, 40.378952306776412 ], [ -3.613885100535229, 40.378641478492639 ], [ -3.614213369898012, 40.37781159382731 ], [ -3.615036376416802, 40.375677423432982 ], [ -3.615177186720824, 40.37531593350166 ], [ -3.615310956505903, 40.374981046971456 ], [ -3.615519857870581, 40.374442001734373 ], [ -3.615601484929355, 40.37422120473321 ], [ -3.61565581870768, 40.374043166175774 ], [ -3.615711957638601, 40.373765566139099 ], [ -3.615731454129556, 40.373526179714084 ], [ -3.615729384379672, 40.373298529887606 ], [ -3.615715516779134, 40.373133556359313 ], [ -3.615651799092566, 40.372810555895398 ], [ -3.615549933693073, 40.3725024442262 ], [ -3.615384619218907, 40.372159622750353 ], [ -3.615279275917001, 40.371999998997552 ], [ -3.616151766654799, 40.371612566306361 ], [ -3.615473000004216, 40.370660211077436 ], [ -3.617191387117588, 40.369893406057557 ], [ -3.617674267725103, 40.369732994171166 ], [ -3.619050528603263, 40.369478711967183 ], [ -3.620955536563589, 40.369200141026568 ], [ -3.621601284232515, 40.36910199402206 ], [ -3.623829029919597, 40.368711102082358 ], [ -3.623813380156438, 40.368963457735184 ], [ -3.623879480891784, 40.369071786525765 ], [ -3.624177300829339, 40.369670662057345 ], [ -3.624371607164265, 40.370062624223216 ], [ -3.624658062232698, 40.370664567905074 ], [ -3.625024985700247, 40.371447734344855 ], [ -3.625134543532133, 40.371658883886141 ], [ -3.625172128207345, 40.371716097734364 ], [ -3.625188670012819, 40.3717376779828 ], [ -3.625226532163812, 40.371789856007652 ], [ -3.625264926078021, 40.371833800398711 ], [ -3.625432974536604, 40.371978277503629 ], [ -3.625527339753603, 40.372057242105441 ], [ -3.625704709202139, 40.37222134794311 ], [ -3.625762049289722, 40.372272285248691 ], [ -3.624811354206462, 40.373063987809672 ], [ -3.626552421302217, 40.37429578495923 ], [ -3.626552783023071, 40.374296048768819 ], [ -3.625844969559762, 40.374871591888756 ], [ -3.625041035934563, 40.375525489079585 ], [ -3.624739833563443, 40.37581972956071 ], [ -3.624693483957062, 40.375928719229826 ], [ -3.624804601188092, 40.375983436786953 ], [ -3.625052442996699, 40.376059309306875 ], [ -3.62524793328588, 40.376155463717211 ], [ -3.62569742675001, 40.376547728775265 ], [ -3.626231707520146, 40.377000165262686 ], [ -3.626615761858291, 40.377359356260889 ], [ -3.626833868862227, 40.377323180984973 ], [ -3.627126837244983, 40.377303800475943 ], [ -3.627317401730952, 40.37729046763576 ], [ -3.627890772289918, 40.377250350016176 ], [ -3.628187276691962, 40.377229602559829 ], [ -3.628333259170457, 40.377225165280123 ], [ -3.628395722670838, 40.377224229470258 ], [ -3.628821890517726, 40.377204524403041 ], [ -3.629149024182504, 40.377194453112523 ], [ -3.629419133428223, 40.377185219217132 ], [ -3.62970328119506, 40.377174116333592 ], [ -3.629793834120183, 40.377170637591426 ], [ -3.630000088436544, 40.377122743266639 ], [ -3.630293540564332, 40.37691110997477 ], [ -3.630566450073426, 40.376702130324134 ], [ -3.631191689118968, 40.376257669519063 ], [ -3.631379386552896, 40.376124240468059 ], [ -3.631560525704657, 40.376004092145841 ], [ -3.631749233199937, 40.37587516063806 ], [ -3.631957715098066, 40.37573907562426 ], [ -3.632190186873141, 40.375592020209218 ], [ -3.632425624625081, 40.375459039281282 ], [ -3.632570375924778, 40.375384482651356 ], [ -3.632572538414267, 40.374794945024412 ], [ -3.632565031865088, 40.373930755652601 ], [ -3.632557427378162, 40.373055300769273 ], [ -3.632555309419839, 40.372811415351357 ], [ -3.632545576374556, 40.371690755053848 ], [ -3.632540099520095, 40.371060149258518 ], [ -3.632532851146552, 40.370250630756949 ], [ -3.631690447278735, 40.369836250935499 ], [ -3.62948440594452, 40.368746712650285 ], [ -3.625813140044675, 40.366941593564512 ], [ -3.625560744747753, 40.366801289405664 ], [ -3.622602928066886, 40.365352457498865 ], [ -3.61948279772513, 40.363823968954179 ], [ -3.615400586687644, 40.361795803604096 ], [ -3.612484717546377, 40.360346948800064 ], [ -3.609050449609271, 40.363890687102568 ], [ -3.606118206371782, 40.362449634226962 ], [ -3.604196235328066, 40.361511902576751 ], [ -3.603878267599939, 40.361355628241142 ], [ -3.603504061320482, 40.361073248022365 ], [ -3.603295434069046, 40.360842618251226 ], [ -3.603044747423486, 40.36051752024931 ], [ -3.602780401551032, 40.360192402780946 ], [ -3.602460734426009, 40.359857121348497 ], [ -3.602016174633411, 40.35939599876167 ], [ -3.601572440007698, 40.359040278213712 ], [ -3.601114955882581, 40.358674085775064 ], [ -3.600713405399461, 40.358412918999377 ], [ -3.600201469739108, 40.358120700651398 ], [ -3.599717375318811, 40.357859867722659 ], [ -3.599192136578186, 40.357620417452409 ], [ -3.598694735353842, 40.3574123527575 ], [ -3.598114763381489, 40.357215251874059 ], [ -3.597562933761647, 40.357070708088131 ], [ -3.594858455008412, 40.356347394488907 ], [ -3.592140531905974, 40.355655799446538 ], [ -3.592126302286475, 40.355652001058345 ], [ -3.592402193608547, 40.355307355127735 ], [ -3.592509576379238, 40.355125133352296 ], [ -3.592554275988803, 40.354989179403823 ], [ -3.592571565022501, 40.354816894052668 ], [ -3.592541371980484, 40.354652090833497 ], [ -3.592498759431705, 40.354531087145503 ], [ -3.592444862551873, 40.354437330018882 ], [ -3.592389756246972, 40.35436494971438 ], [ -3.592293644269509, 40.35426845732345 ], [ -3.592203832845346, 40.354187452689352 ], [ -3.592062216177916, 40.354104684324547 ], [ -3.591909232982567, 40.354040431045789 ], [ -3.591708946293196, 40.353980024147589 ], [ -3.590657244841779, 40.353710469670844 ], [ -3.589670329972531, 40.353451572811039 ], [ -3.589348875908828, 40.35335626534247 ], [ -3.58924558790466, 40.353307297912934 ], [ -3.589164918374529, 40.353269052309223 ], [ -3.588856036937296, 40.353084695809578 ], [ -3.588498060210076, 40.352851187387095 ], [ -3.588361647176349, 40.352768781680837 ], [ -3.588275001161771, 40.352726175682193 ], [ -3.588201918915679, 40.352690239501058 ], [ -3.588075854200503, 40.35264662838739 ], [ -3.587818631462822, 40.352586985292469 ], [ -3.586959696573907, 40.352444568206458 ], [ -3.585693832556994, 40.352226500169337 ], [ -3.583729981246773, 40.352023159496234 ], [ -3.583519301717939, 40.352645854868236 ], [ -3.583395067556589, 40.352965021711405 ], [ -3.583139247354982, 40.353570113930296 ], [ -3.582879925479129, 40.354260448158115 ], [ -3.582665690427082, 40.354827065871355 ], [ -3.582500181374484, 40.355321467073686 ], [ -3.582312112119612, 40.355922487112409 ], [ -3.582138207952085, 40.356402329719991 ], [ -3.581916790109528, 40.357012868384388 ], [ -3.581871267503063, 40.357169974988416 ], [ -3.581763828135609, 40.357485100341293 ], [ -3.581681119698063, 40.357725633214883 ], [ -3.581561919852754, 40.358040115687089 ], [ -3.581448797830314, 40.358323309257834 ], [ -3.581408075700131, 40.358475321154486 ], [ -3.581305735456793, 40.358675992251349 ], [ -3.581206329103588, 40.358872100680749 ], [ -3.58110301612465, 40.359189780323113 ], [ -3.581036841780886, 40.359289838860157 ], [ -3.580909411767239, 40.359466903682872 ], [ -3.580793768617968, 40.359664677099666 ], [ -3.580740415242528, 40.359765717940896 ], [ -3.580712830357764, 40.359872430374693 ], [ -3.580650921469068, 40.360097249608877 ], [ -3.580613971416099, 40.360184227607945 ], [ -3.580549605967823, 40.360313167361305 ], [ -3.580421885793327, 40.360439603374864 ], [ -3.580320695330906, 40.360579185638457 ], [ -3.580239011166006, 40.360736084663834 ], [ -3.580206901671957, 40.360795976512314 ], [ -3.580167344571871, 40.360838878391576 ], [ -3.580021415960947, 40.360976004575654 ], [ -3.579882199956752, 40.361139948729779 ], [ -3.579846078450073, 40.361212743694907 ], [ -3.579829000273915, 40.361267605032204 ], [ -3.57981410023914, 40.361327752834882 ], [ -3.579800238353518, 40.36138838192538 ], [ -3.579788597349253, 40.361459973040972 ], [ -3.579784786480534, 40.36149629907333 ], [ -3.579780331510451, 40.361539925756432 ], [ -3.579777755687166, 40.361591327836642 ], [ -3.579774055003269, 40.361654126741001 ], [ -3.57976985879195, 40.361719711059081 ], [ -3.579758788972939, 40.361774812536488 ], [ -3.579752143846839, 40.361803372460699 ], [ -3.579742545314836, 40.361844624882913 ], [ -3.579677078453714, 40.361929639162824 ], [ -3.579637015932741, 40.361967824388202 ], [ -3.579705130468479, 40.362030063333904 ], [ -3.579916335202758, 40.362186816184042 ], [ -3.580188495130361, 40.362400401675714 ], [ -3.580344211354224, 40.36253178750394 ], [ -3.580445447858643, 40.36264124798371 ], [ -3.580516464974969, 40.362735515658279 ], [ -3.580550708303988, 40.362829967889198 ], [ -3.580558075448725, 40.362909210622746 ], [ -3.580545338760486, 40.362983439771675 ], [ -3.580531797155855, 40.363005168471226 ], [ -3.580497237277775, 40.363032401858362 ], [ -3.580476976260989, 40.363043118146109 ], [ -3.580208604484524, 40.36315404685493 ], [ -3.579471720833504, 40.363425122395796 ], [ -3.578871976909379, 40.363651674632024 ], [ -3.578645798388335, 40.363741636816215 ], [ -3.578507598090908, 40.363830908958818 ], [ -3.578258638025665, 40.364017367934601 ], [ -3.577995047296656, 40.364216784391765 ], [ -3.577641513444534, 40.364485902921558 ], [ -3.57734028273881, 40.364716106379547 ], [ -3.577055757649729, 40.364905223211629 ], [ -3.576762174080524, 40.365152974677144 ], [ -3.576228289943956, 40.36573872579222 ], [ -3.57413970575816, 40.364336048251431 ], [ -3.570420789422204, 40.361831229897909 ], [ -3.570171439753956, 40.361678278405421 ], [ -3.569805567132974, 40.361496249549099 ], [ -3.56934652848655, 40.361296887804713 ], [ -3.568825529152423, 40.361103757017887 ], [ -3.568090693848969, 40.360831618065681 ], [ -3.567410473697348, 40.360600716227331 ], [ -3.566695598999198, 40.360396664434482 ], [ -3.566124749550635, 40.360266028937914 ], [ -3.565223566197754, 40.360075993588289 ] ] ] } },
{ "type": "Feature", "properties": { "barrio": "Santa Eugenia", "distrito": "Villa de Vallecas", "area_km2": 2.08, "n_poi": 17, "diversidad_poi": 4, "n_restaurantes": 473, "pct_terrazas": 6.3, "accesibilidad_media": 1.0, "densidad_oferta": 235.6 }, "geometry": { "type": "Polygon", "coordinates": [ [ [ -3.607054286120444, 40.386662223990854 ], [ -3.606480669101391, 40.386250529760687 ], [ -3.606355878413138, 40.386340351924183 ], [ -3.606158866191583, 40.386435372430846 ], [ -3.605985507631711, 40.386493589828532 ], [ -3.6058687568519, 40.386512539649644 ], [ -3.605760692873372, 40.386497056946553 ], [ -3.605652197748109, 40.386433435278647 ], [ -3.605556516265152, 40.386249142245127 ], [ -3.605260342322828, 40.385974288577493 ], [ -3.604136559514923, 40.386627996417964 ], [ -3.603910905215699, 40.386663767419918 ], [ -3.603741492742691, 40.386664649343807 ], [ -3.603481641277694, 40.38665735428031 ], [ -3.603028561457802, 40.386530160476781 ], [ -3.60286976603308, 40.386453237063698 ], [ -3.602336484772181, 40.386196816514136 ], [ -3.601709740507881, 40.385578171780132 ], [ -3.601366734888153, 40.385122107148774 ], [ -3.601057625677381, 40.384648568662492 ], [ -3.600861228911698, 40.384157238079247 ], [ -3.600825230311913, 40.383924178032153 ], [ -3.601127751829985, 40.383404494746479 ], [ -3.601155334582066, 40.383127591973398 ], [ -3.601041903031999, 40.382877816227179 ], [ -3.60083444827216, 40.382666545621483 ], [ -3.600551976205984, 40.382524584053087 ], [ -3.600138282270509, 40.382397715666414 ], [ -3.599575385637391, 40.382357564741213 ], [ -3.599500207960042, 40.38232930458048 ], [ -3.597808669408206, 40.37965773137789 ], [ -3.598595261713987, 40.379168241457222 ], [ -3.598758005062964, 40.379060597491801 ], [ -3.598917205544165, 40.378940716523942 ], [ -3.59901143179095, 40.378851810165649 ], [ -3.599093026384344, 40.378758592533501 ], [ -3.599175579629461, 40.37864435967991 ], [ -3.599255626604108, 40.378505626806486 ], [ -3.599326484636752, 40.378363439648176 ], [ -3.599415230815185, 40.378173011318282 ], [ -3.599518314631368, 40.377921228466512 ], [ -3.599676997481794, 40.377614005102572 ], [ -3.599975817318276, 40.377232519288413 ], [ -3.600158709164949, 40.377056722807133 ], [ -3.600319007891526, 40.376937554913667 ], [ -3.600511529838729, 40.376813156339708 ], [ -3.600701208842999, 40.376711736494507 ], [ -3.60100950001379, 40.376564572306627 ], [ -3.60123792935623, 40.376462003324555 ], [ -3.601375950662349, 40.37640451189867 ], [ -3.60154382423569, 40.376349906513212 ], [ -3.601657578534931, 40.376321435975285 ], [ -3.601785359854743, 40.376299271700979 ], [ -3.601914450876465, 40.376287151960085 ], [ -3.602284815350585, 40.376269514429673 ], [ -3.602431158997179, 40.376253545646598 ], [ -3.602576099457937, 40.376228967653695 ], [ -3.602786399347077, 40.376175153818934 ], [ -3.603079233872064, 40.376085425838887 ], [ -3.603482482232514, 40.375929345289308 ], [ -3.603931848979345, 40.376112709210652 ], [ -3.605791792956391, 40.376845855195981 ], [ -3.60789139833761, 40.377680668776392 ], [ -3.609377499820135, 40.378262890397814 ], [ -3.610035450288618, 40.378527170972298 ], [ -3.610651889502906, 40.378754917854238 ], [ -3.611085527279466, 40.37888387938888 ], [ -3.611525864666657, 40.378994427945237 ], [ -3.611866218331605, 40.379055629351313 ], [ -3.612151539626959, 40.37910399748538 ], [ -3.612694396316413, 40.379164127924305 ], [ -3.613661948612219, 40.379244651856872 ], [ -3.613668533365644, 40.379245373680824 ], [ -3.614095817496132, 40.379292221407219 ], [ -3.61521745174002, 40.37939196739967 ], [ -3.615819394563394, 40.379426700906045 ], [ -3.616407075219624, 40.379460514494561 ], [ -3.616730308516983, 40.379471138111292 ], [ -3.61710668942523, 40.379483550220613 ], [ -3.617245967306533, 40.3795000161291 ], [ -3.617272853946994, 40.379503115901521 ], [ -3.61728316191562, 40.37971621678119 ], [ -3.617304927809103, 40.380165386543432 ], [ -3.617365693833154, 40.380331011120226 ], [ -3.617565498964847, 40.380874098928174 ], [ -3.61827029924777, 40.380740880786718 ], [ -3.618371603082535, 40.380791422653765 ], [ -3.618398113333658, 40.3808047035835 ], [ -3.61819926078579, 40.380921352039245 ], [ -3.61790022580906, 40.381084750496669 ], [ -3.617667476490257, 40.381217974853264 ], [ -3.617368826882228, 40.381436775977825 ], [ -3.618945346342341, 40.38273982892126 ], [ -3.619139875598405, 40.383322130748397 ], [ -3.620684792952696, 40.382968999581237 ], [ -3.621398080369546, 40.382783193671322 ], [ -3.62458566071078, 40.382092630810554 ], [ -3.625323434897339, 40.383233624191639 ], [ -3.624764730806641, 40.384160792955853 ], [ -3.624328662659076, 40.385011802278257 ], [ -3.623700465906907, 40.386429796974362 ], [ -3.621888685420228, 40.390838567174541 ], [ -3.619388660146496, 40.390288163965607 ], [ -3.618567711888658, 40.39010895277309 ], [ -3.615735076271921, 40.389488874466124 ], [ -3.612088313411219, 40.388703538692553 ], [ -3.611454493319246, 40.388567044363676 ], [ -3.610889524543477, 40.388418721445866 ], [ -3.610300306868201, 40.388240721593029 ], [ -3.609873307022196, 40.388098544800314 ], [ -3.609175201639771, 40.387813367114354 ], [ -3.608658407408432, 40.387582846960939 ], [ -3.608658375452817, 40.387582830912727 ], [ -3.608585572710603, 40.387546050589229 ], [ -3.608109346408555, 40.387305455774921 ], [ -3.607612978423098, 40.387021275108708 ], [ -3.607054286120444, 40.386662223990854 ] ] ] } },
{ "type": "Feature", "properties": { "barrio": "Ensanche de Vallecas", "distrito": "Villa de Vallecas", "area_km2": 6.341, "n_poi": 18, "diversidad_poi": 3, "n_restaurantes": 773, "pct_terrazas": 10.3, "accesibilidad_media": 1.1, "densidad_oferta": 124.7 }, "geometry": { "type": "Polygon", "coordinates": [ [ [ -3.603931848979345, 40.376112709210652 ], [ -3.603482482232514, 40.375929345289308 ], [ -3.603079233872064, 40.376085425838887 ], [ -3.602786399347077, 40.376175153818934 ], [ -3.602576099457937, 40.376228967653695 ], [ -3.602431158997179, 40.376253545646598 ], [ -3.602284815350585, 40.376269514429673 ], [ -3.601914450876465, 40.376287151960085 ], [ -3.601785359854743, 40.376299271700979 ], [ -3.601657578534931, 40.376321435975285 ], [ -3.60154382423569, 40.376349906513212 ], [ -3.601375950662349, 40.37640451189867 ], [ -3.60123792935623, 40.376462003324555 ], [ -3.60100950001379, 40.376564572306627 ], [ -3.600701208842999, 40.376711736494507 ], [ -3.600214660903548, 40.375820669226577 ], [ -3.600011629664111, 40.375525386209411 ], [ -3.599778142641934, 40.375230919344801 ], [ -3.599516685505198, 40.374955716184736 ], [ -3.599240692383574, 40.374718713508493 ], [ -3.599023256612175, 40.374556342164212 ], [ -3.598830616816116, 40.374427904659996 ], [ -3.598667135781971, 40.374323158571237 ], [ -3.598403002512736, 40.374167839586178 ], [ -3.597418849707157, 40.373676319781588 ], [ -3.595656752300927, 40.37282974628193 ], [ -3.592251099587854, 40.371190107393389 ], [ -3.590752962984259, 40.370472243584011 ], [ -3.589391227799213, 40.369841506130037 ], [ -3.587723385225612, 40.369005962999807 ], [ -3.585939895853532, 40.368069174583923 ], [ -3.585593405458135, 40.367895993461858 ], [ -3.585250972143467, 40.367754674151442 ], [ -3.584893213608364, 40.367611928601796 ], [ -3.584322066596412, 40.367457666389292 ], [ -3.583801821873621, 40.367362444450578 ], [ -3.583320722936212, 40.36731149641367 ], [ -3.582514081382838, 40.367268113670839 ], [ -3.58159516147714, 40.367240111853043 ], [ -3.580109999667853, 40.367176393362179 ], [ -3.579652313589883, 40.367143102988202 ], [ -3.579295279347308, 40.367094483914649 ], [ -3.578926466316763, 40.367028132322602 ], [ -3.578553575110254, 40.366938080650129 ], [ -3.57826983460359, 40.366847582939357 ], [ -3.577952398249158, 40.3667239794121 ], [ -3.577678619701089, 40.366610369723396 ], [ -3.57741169503613, 40.366479551909691 ], [ -3.577016628726233, 40.366254908274492 ], [ -3.576751642690795, 40.366090190407043 ], [ -3.576228289943956, 40.36573872579222 ], [ -3.576762174080524, 40.365152974677144 ], [ -3.577055757649729, 40.364905223211629 ], [ -3.57734028273881, 40.364716106379547 ], [ -3.577641513444534, 40.364485902921558 ], [ -3.577995047296656, 40.364216784391765 ], [ -3.578258638025665, 40.364017367934601 ], [ -3.578507598090908, 40.363830908958818 ], [ -3.578645798388335, 40.363741636816215 ], [ -3.578871976909379, 40.363651674632024 ], [ -3.579471720833504, 40.363425122395796 ], [ -3.580208604484524, 40.36315404685493 ], [ -3.580476976260989, 40.363043118146109 ], [ -3.580497237277775, 40.363032401858362 ], [ -3.580531797155855, 40.363005168471226 ], [ -3.580545338760486, 40.362983439771675 ], [ -3.580558075448725, 40.362909210622746 ], [ -3.580550708303988, 40.362829967889198 ], [ -3.580516464974969, 40.362735515658279 ], [ -3.580445447858643, 40.36264124798371 ], [ -3.580344211354224, 40.36253178750394 ], [ -3.580188495130361, 40.362400401675714 ], [ -3.579916335202758, 40.362186816184042 ], [ -3.579705130468479, 40.362030063333904 ], [ -3.579637015932741, 40.361967824388202 ], [ -3.579677078453714, 40.361929639162824 ], [ -3.579742545314836, 40.361844624882913 ], [ -3.579752143846839, 40.361803372460699 ], [ -3.579758788972939, 40.361774812536488 ], [ -3.57976985879195, 40.361719711059081 ], [ -3.579774055003269, 40.361654126741001 ], [ -3.579777755687166, 40.361591327836642 ], [ -3.579780331510451, 40.361539925756432 ], [ -3.579784786480534, 40.36149629907333 ], [ -3.579788597349253, 40.361459973040972 ], [ -3.579800238353518, 40.36138838192538 ], [ -3.57981410023914, 40.361327752834882 ], [ -3.579829000273915, 40.361267605032204 ], [ -3.579846078450073, 40.361212743694907 ], [ -3.579882199956752, 40.361139948729779 ], [ -3.580021415960947, 40.360976004575654 ], [ -3.580167344571871, 40.360838878391576 ], [ -3.580206901671957, 40.360795976512314 ], [ -3.580239011166006, 40.360736084663834 ], [ -3.580320695330906, 40.360579185638457 ], [ -3.580421885793327, 40.360439603374864 ], [ -3.580549605967823, 40.360313167361305 ], [ -3.580613971416099, 40.360184227607945 ], [ -3.580650921469068, 40.360097249608877 ], [ -3.580712830357764, 40.359872430374693 ], [ -3.580740415242528, 40.359765717940896 ], [ -3.580793768617968, 40.359664677099666 ], [ -3.580909411767239, 40.359466903682872 ], [ -3.581036841780886, 40.359289838860157 ], [ -3.58110301612465, 40.359189780323113 ], [ -3.581206329103588, 40.358872100680749 ], [ -3.581305735456793, 40.358675992251349 ], [ -3.581408075700131, 40.358475321154486 ], [ -3.581448797830314, 40.358323309257834 ], [ -3.581561919852754, 40.358040115687089 ], [ -3.581681119698063, 40.357725633214883 ], [ -3.581763828135609, 40.357485100341293 ], [ -3.581871267503063, 40.357169974988416 ], [ -3.581916790109528, 40.357012868384388 ], [ -3.582138207952085, 40.356402329719991 ], [ -3.582312112119612, 40.355922487112409 ], [ -3.582500181374484, 40.355321467073686 ], [ -3.582665690427082, 40.354827065871355 ], [ -3.582879925479129, 40.354260448158115 ], [ -3.583139247354982, 40.353570113930296 ], [ -3.583395067556589, 40.352965021711405 ], [ -3.583519301717939, 40.352645854868236 ], [ -3.583729981246773, 40.352023159496234 ], [ -3.585693832556994, 40.352226500169337 ], [ -3.586959696573907, 40.352444568206458 ], [ -3.587818631462822, 40.352586985292469 ], [ -3.588075854200503, 40.35264662838739 ], [ -3.588201918915679, 40.352690239501058 ], [ -3.588275001161771, 40.352726175682193 ], [ -3.588361647176349, 40.352768781680837 ], [ -3.588498060210076, 40.352851187387095 ], [ -3.588856036937296, 40.353084695809578 ], [ -3.589164918374529, 40.353269052309223 ], [ -3.58924558790466, 40.353307297912934 ], [ -3.589348875908828, 40.35335626534247 ], [ -3.589670329972531, 40.353451572811039 ], [ -3.590657244841779, 40.353710469670844 ], [ -3.591708946293196, 40.353980024147589 ], [ -3.591909232982567, 40.354040431045789 ], [ -3.592062216177916, 40.354104684324547 ], [ -3.592203832845346, 40.354187452689352 ], [ -3.592293644269509, 40.35426845732345 ], [ -3.592389756246972, 40.35436494971438 ], [ -3.592444862551873, 40.354437330018882 ], [ -3.592498759431705, 40.354531087145503 ], [ -3.592541371980484, 40.354652090833497 ], [ -3.592571565022501, 40.354816894052668 ], [ -3.592554275988803, 40.354989179403823 ], [ -3.592509576379238, 40.355125133352296 ], [ -3.592402193608547, 40.355307355127735 ], [ -3.592126302286475, 40.355652001058345 ], [ -3.592140531905974, 40.355655799446538 ], [ -3.594858455008412, 40.356347394488907 ], [ -3.597562933761647, 40.357070708088131 ], [ -3.598114763381489, 40.357215251874059 ], [ -3.598694735353842, 40.3574123527575 ], [ -3.599192136578186, 40.357620417452409 ], [ -3.599717375318811, 40.357859867722659 ], [ -3.600201469739108, 40.358120700651398 ], [ -3.600713405399461, 40.358412918999377 ], [ -3.601114955882581, 40.358674085775064 ], [ -3.601572440007698, 40.359040278213712 ], [ -3.602016174633411, 40.35939599876167 ], [ -3.602460734426009, 40.359857121348497 ], [ -3.602780401551032, 40.360192402780946 ], [ -3.603044747423486, 40.36051752024931 ], [ -3.603295434069046, 40.360842618251226 ], [ -3.603504061320482, 40.361073248022365 ], [ -3.603878267599939, 40.361355628241142 ], [ -3.604196235328066, 40.361511902576751 ], [ -3.606118206371782, 40.362449634226962 ], [ -3.609050449609271, 40.363890687102568 ], [ -3.612484717546377, 40.360346948800064 ], [ -3.615400586687644, 40.361795803604096 ], [ -3.61948279772513, 40.363823968954179 ], [ -3.622602928066886, 40.365352457498865 ], [ -3.625560744747753, 40.366801289405664 ], [ -3.625813140044675, 40.366941593564512 ], [ -3.62948440594452, 40.368746712650285 ], [ -3.631690447278735, 40.369836250935499 ], [ -3.632532851146552, 40.370250630756949 ], [ -3.632540099520095, 40.371060149258518 ], [ -3.632545576374556, 40.371690755053848 ], [ -3.632555309419839, 40.372811415351357 ], [ -3.632557427378162, 40.373055300769273 ], [ -3.632565031865088, 40.373930755652601 ], [ -3.632572538414267, 40.374794945024412 ], [ -3.632570375924778, 40.375384482651356 ], [ -3.632425624625081, 40.375459039281282 ], [ -3.632190186873141, 40.375592020209218 ], [ -3.631957715098066, 40.37573907562426 ], [ -3.631749233199937, 40.37587516063806 ], [ -3.631560525704657, 40.376004092145841 ], [ -3.631379386552896, 40.376124240468059 ], [ -3.631191689118968, 40.376257669519063 ], [ -3.630566450073426, 40.376702130324134 ], [ -3.630293540564332, 40.37691110997477 ], [ -3.630000088436544, 40.377122743266639 ], [ -3.629793834120183, 40.377170637591426 ], [ -3.62970328119506, 40.377174116333592 ], [ -3.629419133428223, 40.377185219217132 ], [ -3.629149024182504, 40.377194453112523 ], [ -3.628821890517726, 40.377204524403041 ], [ -3.628395722670838, 40.377224229470258 ], [ -3.628333259170457, 40.377225165280123 ], [ -3.628187276691962, 40.377229602559829 ], [ -3.627890772289918, 40.377250350016176 ], [ -3.627317401730952, 40.37729046763576 ], [ -3.627126837244983, 40.377303800475943 ], [ -3.626833868862227, 40.377323180984973 ], [ -3.626615761858291, 40.377359356260889 ], [ -3.626231707520146, 40.377000165262686 ], [ -3.62569742675001, 40.376547728775265 ], [ -3.62524793328588, 40.376155463717211 ], [ -3.625052442996699, 40.376059309306875 ], [ -3.624804601188092, 40.375983436786953 ], [ -3.624693483957062, 40.375928719229826 ], [ -3.624739833563443, 40.37581972956071 ], [ -3.625041035934563, 40.375525489079585 ], [ -3.625844969559762, 40.374871591888756 ], [ -3.626552783023071, 40.374296048768819 ], [ -3.626552421302217, 40.37429578495923 ], [ -3.624811354206462, 40.373063987809672 ], [ -3.625762049289722, 40.372272285248691 ], [ -3.625704709202139, 40.37222134794311 ], [ -3.625527339753603, 40.372057242105441 ], [ -3.625432974536604, 40.371978277503629 ], [ -3.625264926078021, 40.371833800398711 ], [ -3.625226532163812, 40.371789856007652 ], [ -3.625188670012819, 40.3717376779828 ], [ -3.625172128207345, 40.371716097734364 ], [ -3.625134543532133, 40.371658883886141 ], [ -3.625024985700247, 40.371447734344855 ], [ -3.624658062232698, 40.370664567905074 ], [ -3.624371607164265, 40.370062624223216 ], [ -3.624177300829339, 40.369670662057345 ], [ -3.623879480891784, 40.369071786525765 ], [ -3.623813380156438, 40.368963457735184 ], [ -3.623829029919597, 40.368711102082358 ], [ -3.621601284232515, 40.36910199402206 ], [ -3.620955536563589, 40.369200141026568 ], [ -3.619050528603263, 40.369478711967183 ], [ -3.617674267725103, 40.369732994171166 ], [ -3.617191387117588, 40.369893406057557 ], [ -3.615473000004216, 40.370660211077436 ], [ -3.616151766654799, 40.371612566306361 ], [ -3.615279275917001, 40.371999998997552 ], [ -3.615384619218907, 40.372159622750353 ], [ -3.615549933693073, 40.3725024442262 ], [ -3.615651799092566, 40.372810555895398 ], [ -3.615715516779134, 40.373133556359313 ], [ -3.615729384379672, 40.373298529887606 ], [ -3.615731454129556, 40.373526179714084 ], [ -3.615711957638601, 40.373765566139099 ], [ -3.61565581870768, 40.374043166175774 ], [ -3.615601484929355, 40.37422120473321 ], [ -3.615519857870581, 40.374442001734373 ], [ -3.615310956505903, 40.374981046971456 ], [ -3.615177186720824, 40.37531593350166 ], [ -3.615036376416802, 40.375677423432982 ], [ -3.614213369898012, 40.37781159382731 ], [ -3.613885100535229, 40.378641478492639 ], [ -3.613765296091237, 40.378952306776412 ], [ -3.613668533365644, 40.379245373680824 ], [ -3.613661948612219, 40.379244651856872 ], [ -3.612694396316413, 40.379164127924305 ], [ -3.612151539626959, 40.37910399748538 ], [ -3.611866218331605, 40.379055629351313 ], [ -3.611525864666657, 40.378994427945237 ], [ -3.611085527279466, 40.37888387938888 ], [ -3.610651889502906, 40.378754917854238 ], [ -3.610035450288618, 40.378527170972298 ], [ -3.609377499820135, 40.378262890397814 ], [ -3.60789139833761, 40.377680668776392 ], [ -3.605791792956391, 40.376845855195981 ], [ -3.603931848979345, 40.376112709210652 ] ] ] } },
{ "type": "Feature", "properties": { "barrio": "Casco Histórico de Vicálvaro", "distrito": "Vicálvaro", "area_km2": 21.076, "n_poi": 19, "diversidad_poi": 6, "n_restaurantes": 1141, "pct_terrazas": 3.9, "accesibilidad_media": 8.1, "densidad_oferta": 55.0 }, "geometry": { "type": "Polygon", "coordinates": [ [ [ -3.577483004499455, 40.426013097986356 ], [ -3.575254054872312, 40.425574086575317 ], [ -3.575798397094237, 40.424710112821273 ], [ -3.576012376453967, 40.424366704191243 ], [ -3.57614724748496, 40.42414711272513 ], [ -3.576278291525381, 40.42389330571401 ], [ -3.57636377658309, 40.423688374643866 ], [ -3.576447043197557, 40.423499670888106 ], [ -3.576610107455736, 40.422992548990159 ], [ -3.576716411898158, 40.422602827874378 ], [ -3.576782081111074, 40.422286281932656 ], [ -3.576841017703637, 40.421982024567569 ], [ -3.576969727681085, 40.421621378954363 ], [ -3.577171326705133, 40.42121046087253 ], [ -3.577310866524409, 40.420986341006682 ], [ -3.577648747771645, 40.420246815729207 ], [ -3.578309768135947, 40.419251615814154 ], [ -3.578428014339104, 40.419019492880054 ], [ -3.578625098264788, 40.418633821011525 ], [ -3.578791693786896, 40.418308303663537 ], [ -3.579140645730835, 40.417860068249553 ], [ -3.579531749393275, 40.41733816497154 ], [ -3.578055733827291, 40.414990051930701 ], [ -3.578187058452956, 40.414841016616208 ], [ -3.577640345584536, 40.413662560439732 ], [ -3.576286415766598, 40.413121423025096 ], [ -3.585609068669122, 40.407292571214356 ], [ -3.583085727098835, 40.406236629235288 ], [ -3.579891184745855, 40.404730963219883 ], [ -3.576953082478667, 40.403353991541906 ], [ -3.570974614558841, 40.400535296225407 ], [ -3.57028274455412, 40.400212731442053 ], [ -3.569762225570874, 40.399970048885351 ], [ -3.566178574405656, 40.398299126840634 ], [ -3.563494020084859, 40.397047292775973 ], [ -3.563012716987112, 40.396820291381573 ], [ -3.559920670257472, 40.395361877228048 ], [ -3.557516666370659, 40.394227890976055 ], [ -3.556441911658699, 40.393855885767749 ], [ -3.55488992316497, 40.393369105210418 ], [ -3.553935544670701, 40.393152573799263 ], [ -3.552692426891036, 40.392989440806879 ], [ -3.551279427207236, 40.392853116500675 ], [ -3.549935320248359, 40.392820497249751 ], [ -3.548618090935496, 40.392920259048232 ], [ -3.548286299788772, 40.392945385284783 ], [ -3.546722954395745, 40.393147881785922 ], [ -3.544829285362015, 40.393564149119527 ], [ -3.542679246545249, 40.394036727437523 ], [ -3.542610061597711, 40.393609467442147 ], [ -3.542698041069232, 40.393104957182977 ], [ -3.542462400422401, 40.39312089818641 ], [ -3.541958126213267, 40.392950783966164 ], [ -3.539926331229374, 40.392265337525778 ], [ -3.539889163750246, 40.392252798287032 ], [ -3.537397814314186, 40.391334960593007 ], [ -3.537341118987217, 40.391314072432841 ], [ -3.536368801091722, 40.391395683993835 ], [ -3.535906162504487, 40.39143451236756 ], [ -3.535449754583155, 40.391472816339657 ], [ -3.535379658122598, 40.391478698632298 ], [ -3.533915408039298, 40.391601572046717 ], [ -3.533633931521391, 40.391625148222985 ], [ -3.534076006219224, 40.391327409677608 ], [ -3.534525913369911, 40.39103664683514 ], [ -3.534983755816258, 40.3907531951699 ], [ -3.535443385755625, 40.390471429827009 ], [ -3.535902768484108, 40.390189431360369 ], [ -3.536361861270842, 40.389907160330957 ], [ -3.536816695827389, 40.389620905384206 ], [ -3.53726696527613, 40.389330453578332 ], [ -3.537711361834169, 40.389034775898153 ], [ -3.538147729064049, 40.388732208549584 ], [ -3.538576430451569, 40.388423273360182 ], [ -3.538998163012147, 40.388108798708259 ], [ -3.539408439174597, 40.387785558710846 ], [ -3.539813391512936, 40.387458433937432 ], [ -3.540210876062936, 40.387125990294905 ], [ -3.540598885069995, 40.386787176870413 ], [ -3.540977281552964, 40.386441950254223 ], [ -3.541354561029886, 40.386096014092011 ], [ -3.541729096452229, 40.38574833726345 ], [ -3.542102371676654, 40.385399869608918 ], [ -3.54247525586155, 40.385051158422321 ], [ -3.54284813147301, 40.384702443356851 ], [ -3.543220351994488, 40.384353319335709 ], [ -3.54359342239523, 40.384004727051924 ], [ -3.543966771966566, 40.383656312420143 ], [ -3.544338436326409, 40.383306847729699 ], [ -3.544712247143228, 40.382958727595408 ], [ -3.545085570999928, 40.382610302223462 ], [ -3.545458503801187, 40.382261630626495 ], [ -3.545830857315855, 40.381912599280625 ], [ -3.546204522493279, 40.381564389367441 ], [ -3.546577956481219, 40.381216035179406 ], [ -3.546950369520061, 40.380867044050405 ], [ -3.547323284319358, 40.380518368256922 ], [ -3.547695309599095, 40.380169136893002 ], [ -3.548065589653443, 40.379818859420659 ], [ -3.548209498633673, 40.37967670312505 ], [ -3.549675876319423, 40.378256170774968 ], [ -3.55002586783838, 40.37789387058605 ], [ -3.550369580236792, 40.377528084738003 ], [ -3.550704630194663, 40.377157624617347 ], [ -3.551032993656083, 40.376783690811649 ], [ -3.551352202845962, 40.376405135665323 ], [ -3.551663122816746, 40.376022575856837 ], [ -3.551965978233876, 40.375636249122209 ], [ -3.552261037451061, 40.375246405597693 ], [ -3.552545337058515, 40.374851925249111 ], [ -3.55282272108017, 40.374454561878913 ], [ -3.553093807419401, 40.374054672946912 ], [ -3.553357176412615, 40.373651787804725 ], [ -3.553615932731412, 40.373247142112028 ], [ -3.553871845573969, 40.372841440049996 ], [ -3.55412463751344, 40.37243460188413 ], [ -3.554375493568415, 40.372027057096112 ], [ -3.554627061374628, 40.371619769593003 ], [ -3.554879604397788, 40.371212837206862 ], [ -3.555131515886385, 40.370805675742581 ], [ -3.555386195986431, 40.370399522950002 ], [ -3.555644545110122, 40.369994732148498 ], [ -3.555907713027584, 40.369591759055922 ], [ -3.556173893372026, 40.369189954658459 ], [ -3.556447219766958, 40.368790959434612 ], [ -3.55672650280854, 40.368394383558041 ], [ -3.557012816287807, 40.368000758760367 ], [ -3.557305553201766, 40.367609902326521 ], [ -3.557609778027432, 40.367224225866956 ], [ -3.557917285128112, 40.366840068815662 ], [ -3.55823213547044, 40.366459413380717 ], [ -3.558555249998499, 40.366082826235989 ], [ -3.558884364744782, 40.365709293011115 ], [ -3.55922156120905, 40.365339999106567 ], [ -3.559564792565167, 40.364973978663571 ], [ -3.559914898518457, 40.364611799645623 ], [ -3.560270613436169, 40.36425281585894 ], [ -3.560634633461857, 40.363898762861538 ], [ -3.561006098982653, 40.363549240234228 ], [ -3.561383121810009, 40.363203231828557 ], [ -3.56176638462451, 40.362861257707337 ], [ -3.562155701208581, 40.362523305200696 ], [ -3.562550956394349, 40.362189407241473 ], [ -3.562950814812539, 40.36185873962426 ], [ -3.563355797125232, 40.361531740314021 ], [ -3.563763944024875, 40.36120704941488 ], [ -3.564175477407696, 40.360884866715715 ], [ -3.564589561075457, 40.360564625982512 ], [ -3.565004526063016, 40.360245040723996 ], [ -3.565223566197754, 40.360075993588289 ], [ -3.566124749550635, 40.360266028937914 ], [ -3.566695598999198, 40.360396664434482 ], [ -3.567410473697348, 40.360600716227331 ], [ -3.568090693848969, 40.360831618065681 ], [ -3.568825529152423, 40.361103757017887 ], [ -3.56934652848655, 40.361296887804713 ], [ -3.569805567132974, 40.361496249549099 ], [ -3.570171439753956, 40.361678278405421 ], [ -3.570420789422204, 40.361831229897909 ], [ -3.57413970575816, 40.364336048251431 ], [ -3.576228289943956, 40.36573872579222 ], [ -3.576751642690795, 40.366090190407043 ], [ -3.577016628726233, 40.366254908274492 ], [ -3.57741169503613, 40.366479551909691 ], [ -3.577678619701089, 40.366610369723396 ], [ -3.577952398249158, 40.3667239794121 ], [ -3.57826983460359, 40.366847582939357 ], [ -3.578553575110254, 40.366938080650129 ], [ -3.578926466316763, 40.367028132322602 ], [ -3.579295279347308, 40.367094483914649 ], [ -3.579652313589883, 40.367143102988202 ], [ -3.580109999667853, 40.367176393362179 ], [ -3.58159516147714, 40.367240111853043 ], [ -3.582514081382838, 40.367268113670839 ], [ -3.583320722936212, 40.36731149641367 ], [ -3.583801821873621, 40.367362444450578 ], [ -3.584322066596412, 40.367457666389292 ], [ -3.584893213608364, 40.367611928601796 ], [ -3.585250972143467, 40.367754674151442 ], [ -3.585593405458135, 40.367895993461858 ], [ -3.585939895853532, 40.368069174583923 ], [ -3.587723385225612, 40.369005962999807 ], [ -3.589391227799213, 40.369841506130037 ], [ -3.590752962984259, 40.370472243584011 ], [ -3.592251099587854, 40.371190107393389 ], [ -3.595656752300927, 40.37282974628193 ], [ -3.597418849707157, 40.373676319781588 ], [ -3.598403002512736, 40.374167839586178 ], [ -3.598667135781971, 40.374323158571237 ], [ -3.598830616816116, 40.374427904659996 ], [ -3.599023256612175, 40.374556342164212 ], [ -3.599240692383574, 40.374718713508493 ], [ -3.599516685505198, 40.374955716184736 ], [ -3.599778142641934, 40.375230919344801 ], [ -3.600011629664111, 40.375525386209411 ], [ -3.600214660903548, 40.375820669226577 ], [ -3.600701208842999, 40.376711736494507 ], [ -3.600511529838729, 40.376813156339708 ], [ -3.600319007891526, 40.376937554913667 ], [ -3.600158709164949, 40.377056722807133 ], [ -3.599975817318276, 40.377232519288413 ], [ -3.599676997481794, 40.377614005102572 ], [ -3.599518314631368, 40.377921228466512 ], [ -3.599415230815185, 40.378173011318282 ], [ -3.599326484636752, 40.378363439648176 ], [ -3.599255626604108, 40.378505626806486 ], [ -3.599175579629461, 40.37864435967991 ], [ -3.599093026384344, 40.378758592533501 ], [ -3.59901143179095, 40.378851810165649 ], [ -3.598917205544165, 40.378940716523942 ], [ -3.598758005062964, 40.379060597491801 ], [ -3.598595261713987, 40.379168241457222 ], [ -3.597808669408206, 40.37965773137789 ], [ -3.599500207960042, 40.38232930458048 ], [ -3.599575385637391, 40.382357564741213 ], [ -3.600138282270509, 40.382397715666414 ], [ -3.600551976205984, 40.382524584053087 ], [ -3.60083444827216, 40.382666545621483 ], [ -3.601041903031999, 40.382877816227179 ], [ -3.601155334582066, 40.383127591973398 ], [ -3.601127751829985, 40.383404494746479 ], [ -3.600825230311913, 40.383924178032153 ], [ -3.600861228911698, 40.384157238079247 ], [ -3.601057625677381, 40.384648568662492 ], [ -3.601366734888153, 40.385122107148774 ], [ -3.601709740507881, 40.385578171780132 ], [ -3.602336484772181, 40.386196816514136 ], [ -3.60286976603308, 40.386453237063698 ], [ -3.603028561457802, 40.386530160476781 ], [ -3.603481641277694, 40.38665735428031 ], [ -3.603741492742691, 40.386664649343807 ], [ -3.603910905215699, 40.386663767419918 ], [ -3.604136559514923, 40.386627996417964 ], [ -3.605260342322828, 40.385974288577493 ], [ -3.605556516265152, 40.386249142245127 ], [ -3.605652197748109, 40.386433435278647 ], [ -3.605760692873372, 40.386497056946553 ], [ -3.6058687568519, 40.386512539649644 ], [ -3.605985507631711, 40.386493589828532 ], [ -3.606158866191583, 40.386435372430846 ], [ -3.606355878413138, 40.386340351924183 ], [ -3.606480669101391, 40.386250529760687 ], [ -3.607054286120444, 40.386662223990854 ], [ -3.607612978423098, 40.387021275108708 ], [ -3.608109346408555, 40.387305455774921 ], [ -3.608585572710603, 40.387546050589229 ], [ -3.608397929446458, 40.387781338046878 ], [ -3.607766618897793, 40.388526467434566 ], [ -3.607335044014517, 40.389130201375423 ], [ -3.606938601372335, 40.389753799043454 ], [ -3.606466010172483, 40.390658478967403 ], [ -3.605735820558603, 40.392079095154465 ], [ -3.60555845465598, 40.392513703710982 ], [ -3.605528659738583, 40.392551737635152 ], [ -3.605412994478725, 40.392699392641923 ], [ -3.605107278090776, 40.39329556784633 ], [ -3.604560610647995, 40.394278059517553 ], [ -3.60433504521507, 40.394622479246699 ], [ -3.604159471374048, 40.394887945501722 ], [ -3.603959485899362, 40.395187552863632 ], [ -3.603602813259044, 40.3956542661344 ], [ -3.603554675556288, 40.395709370237341 ], [ -3.603304337457159, 40.395995958926811 ], [ -3.603083898911699, 40.396220085967556 ], [ -3.602740865350163, 40.396554451031967 ], [ -3.602318808373962, 40.396896785362642 ], [ -3.60193097782261, 40.397197367473588 ], [ -3.601351208320624, 40.397593428694151 ], [ -3.600461435104743, 40.39814982679929 ], [ -3.599915613051389, 40.398473898360571 ], [ -3.599413938514958, 40.398759945312413 ], [ -3.598922413882766, 40.399076172049128 ], [ -3.598499585547532, 40.399335352275152 ], [ -3.598086640288739, 40.399594479830363 ], [ -3.597609598741608, 40.399872832879836 ], [ -3.597033329411844, 40.400184204780565 ], [ -3.596468826067182, 40.400538980207259 ], [ -3.595962302807932, 40.400858268112103 ], [ -3.595095564535557, 40.401388179672928 ], [ -3.594860572125735, 40.401532480352444 ], [ -3.594567592450225, 40.401712263772076 ], [ -3.594080285742391, 40.402012219175148 ], [ -3.593859776466433, 40.402166002051629 ], [ -3.593609216780213, 40.402314534225738 ], [ -3.594226214420568, 40.402888260679404 ], [ -3.59445335908568, 40.403103188882604 ], [ -3.594612372991534, 40.40325365108081 ], [ -3.594929898176655, 40.403498848936096 ], [ -3.595137061330021, 40.403599893714514 ], [ -3.595389909276482, 40.403723221115072 ], [ -3.596181258793813, 40.404054948489645 ], [ -3.597639326995547, 40.404632927644514 ], [ -3.598024028774246, 40.404107700418713 ], [ -3.598364357772865, 40.403643048925247 ], [ -3.598467978980657, 40.403532675577821 ], [ -3.598611885089062, 40.4033793913812 ], [ -3.598950744636243, 40.403064792187585 ], [ -3.599390759918699, 40.402726707081911 ], [ -3.599789806285456, 40.402426144881808 ], [ -3.600314690997935, 40.402767835939201 ], [ -3.600711841426094, 40.402764951691275 ], [ -3.601365371326198, 40.402707844169726 ], [ -3.601486800306348, 40.4027151090351 ], [ -3.601718467653761, 40.402728967783503 ], [ -3.602090768470418, 40.402798783569111 ], [ -3.602376366781145, 40.40282886751865 ], [ -3.602439981977536, 40.402805574611293 ], [ -3.602488556362362, 40.402779490645742 ], [ -3.602525586072331, 40.402721895351881 ], [ -3.60253646537175, 40.40267878690468 ], [ -3.602456681398801, 40.402573007042321 ], [ -3.602286874301075, 40.40247630786974 ], [ -3.601826746942547, 40.402240483429118 ], [ -3.601513749197637, 40.402084254768276 ], [ -3.601170540646258, 40.401908092047059 ], [ -3.600702835833761, 40.401663691597811 ], [ -3.600803074032459, 40.401536884901901 ], [ -3.601728414327245, 40.400226317184149 ], [ -3.601845706301998, 40.400153801527885 ], [ -3.602116482085014, 40.400206923891851 ], [ -3.602751653683526, 40.400286848743001 ], [ -3.603001787341365, 40.400330602665562 ], [ -3.603092452582692, 40.400334488412106 ], [ -3.603198868632494, 40.400339048685446 ], [ -3.603409094813597, 40.40033795180679 ], [ -3.603664342799316, 40.4003337492098 ], [ -3.603874567767534, 40.400332651491169 ], [ -3.604178972868404, 40.400325644150669 ], [ -3.604388438776045, 40.400332570262762 ], [ -3.604642665034931, 40.400337461025117 ], [ -3.60499695005094, 40.400343630459012 ], [ -3.605072107389305, 40.400351847185739 ], [ -3.605919159811418, 40.400549079253317 ], [ -3.606317538234839, 40.400659075832621 ], [ -3.606510167280551, 40.400197926009476 ], [ -3.606649497852875, 40.399816694994534 ], [ -3.606672327616068, 40.399781180275305 ], [ -3.607196504251, 40.3999560693413 ], [ -3.607874895576091, 40.400222343582122 ], [ -3.608865717638088, 40.400637895736665 ], [ -3.611754173746472, 40.401831530524412 ], [ -3.611838092048906, 40.401866207549403 ], [ -3.61186318523868, 40.401875263140084 ], [ -3.612300250395542, 40.402032981607974 ], [ -3.613655750428116, 40.402414546047254 ], [ -3.614483746561816, 40.402679987214164 ], [ -3.614921823034408, 40.402828584864999 ], [ -3.615359400499052, 40.402922301931454 ], [ -3.615874247635389, 40.402960722420474 ], [ -3.616538527007174, 40.40298462307284 ], [ -3.616761889188675, 40.403415299648515 ], [ -3.61682474473852, 40.403536494254048 ], [ -3.616877220093651, 40.403663706416886 ], [ -3.616996048718118, 40.403951772217688 ], [ -3.617076031880425, 40.404193742093909 ], [ -3.617151036398891, 40.404545504289779 ], [ -3.61717889206348, 40.40497526740657 ], [ -3.617145838409283, 40.405286443782543 ], [ -3.617041119952124, 40.405611723436905 ], [ -3.617914937732754, 40.405648218543057 ], [ -3.618663082511874, 40.405680806527123 ], [ -3.61957338453453, 40.405781123238789 ], [ -3.620573383867752, 40.405876378381564 ], [ -3.623938183319254, 40.406177252851364 ], [ -3.623950583502789, 40.406178385945928 ], [ -3.623932838784701, 40.406212225219178 ], [ -3.620361624623696, 40.413083317821552 ], [ -3.620198149106563, 40.413340320966491 ], [ -3.620125404140481, 40.413453503839321 ], [ -3.620090843460056, 40.413501976925623 ], [ -3.620049192599208, 40.413561299812237 ], [ -3.619976396713363, 40.413668987327284 ], [ -3.619893590382995, 40.413777449192111 ], [ -3.619812294464671, 40.413883560540569 ], [ -3.619754240010087, 40.413953691147334 ], [ -3.619684637546976, 40.414036856681506 ], [ -3.619493376650956, 40.414246349730107 ], [ -3.619003582306, 40.414676898495152 ], [ -3.61875128804421, 40.414876174633186 ], [ -3.618578925448697, 40.415000339207801 ], [ -3.618399048631224, 40.415102021039864 ], [ -3.618226546706389, 40.415198346905022 ], [ -3.618158461646809, 40.415241593215804 ], [ -3.618036921759329, 40.415303954196411 ], [ -3.617954187832094, 40.415343584972277 ], [ -3.617730195436077, 40.415428833860737 ], [ -3.617447727536874, 40.415538628108386 ], [ -3.613910936630109, 40.416933552178882 ], [ -3.610801474750509, 40.417944944792879 ], [ -3.610289722546225, 40.413161307690302 ], [ -3.608493146043946, 40.41272341129914 ], [ -3.607938310485482, 40.412603633569219 ], [ -3.607311251778903, 40.412484231652776 ], [ -3.606688371179906, 40.412383207247352 ], [ -3.605844612175316, 40.412261863942327 ], [ -3.603422045834152, 40.411937105706635 ], [ -3.601931465252912, 40.411727081792506 ], [ -3.59960862226905, 40.411331179626238 ], [ -3.598181750538615, 40.411062500739277 ], [ -3.595858005857189, 40.410559172809975 ], [ -3.594884865068909, 40.410321860170718 ], [ -3.593485257313694, 40.409954831640938 ], [ -3.592330769621674, 40.409626407547599 ], [ -3.591300890850093, 40.409321874546023 ], [ -3.589506242642886, 40.408742105502284 ], [ -3.588619152485099, 40.408432223980697 ], [ -3.588420396332709, 40.408919387655004 ], [ -3.588306279451873, 40.409177614741843 ], [ -3.588179698254542, 40.409386829914361 ], [ -3.588000214577408, 40.409636784609646 ], [ -3.587085242954829, 40.410692948486052 ], [ -3.58622559689572, 40.411670388698901 ], [ -3.585028550932881, 40.413036669295828 ], [ -3.584448533076336, 40.413691014244357 ], [ -3.584184762582364, 40.414013748949465 ], [ -3.584002912953511, 40.414258589387082 ], [ -3.583780631525226, 40.414604071414068 ], [ -3.583614068321041, 40.414880400049981 ], [ -3.583462348253816, 40.41513656688857 ], [ -3.583326763100481, 40.41537812677749 ], [ -3.583196473129711, 40.415626823809113 ], [ -3.583130121670576, 40.41578711015989 ], [ -3.583088683166765, 40.415905543482872 ], [ -3.583051313930474, 40.416027048183686 ], [ -3.583027992118641, 40.4161361188767 ], [ -3.583006950524509, 40.416275313429999 ], [ -3.582992115378222, 40.416430703831494 ], [ -3.582983232103855, 40.416572928080576 ], [ -3.582966280332361, 40.417069097470517 ], [ -3.582947299098195, 40.417564504070107 ], [ -3.58293846229189, 40.417712137103138 ], [ -3.582922462033822, 40.417849761129986 ], [ -3.582900576319151, 40.418008277139016 ], [ -3.582877299117803, 40.418122756589959 ], [ -3.582840149539986, 40.418269759356839 ], [ -3.582789936371439, 40.418426100098024 ], [ -3.582728695455915, 40.418593314492085 ], [ -3.582649376527761, 40.418774529063974 ], [ -3.58255286524939, 40.418955057225666 ], [ -3.582180580158838, 40.419632280498078 ], [ -3.58191868498518, 40.420097225647595 ], [ -3.581706483545608, 40.420463012263717 ], [ -3.581598806250745, 40.42063895879707 ], [ -3.581162457431539, 40.421275546551087 ], [ -3.580732073211595, 40.421901285454645 ], [ -3.580295635127653, 40.422529370222421 ], [ -3.579748329596748, 40.423312017500827 ], [ -3.579413596001948, 40.423766928208018 ], [ -3.578682097347696, 40.424605987321016 ], [ -3.5783414552467, 40.424987173511205 ], [ -3.578112126013989, 40.425253823937489 ], [ -3.577952530935436, 40.425467828597434 ], [ -3.577819320549201, 40.425689748062588 ], [ -3.577718862905491, 40.425886885536947 ], [ -3.577653450536171, 40.426042480001435 ], [ -3.577483004499455, 40.426013097986356 ] ] ] } },
{ "type": "Feature", "properties": { "barrio": "Valdebernardo", "distrito": "Vicálvaro", "area_km2": 2.555, "n_poi": 6, "diversidad_poi": 3, "n_restaurantes": 315, "pct_terrazas": 9.5, "accesibilidad_media": 2.6, "densidad_oferta": 125.6 }, "geometry": { "type": "Polygon", "coordinates": [ [ [ -3.608397929446458, 40.387781338046878 ], [ -3.608585572710603, 40.387546050589229 ], [ -3.608658375452817, 40.387582830912727 ], [ -3.608658407408432, 40.387582846960939 ], [ -3.609175201639771, 40.387813367114354 ], [ -3.609873307022196, 40.388098544800314 ], [ -3.610300306868201, 40.388240721593029 ], [ -3.610889524543477, 40.388418721445866 ], [ -3.611454493319246, 40.388567044363676 ], [ -3.612088313411219, 40.388703538692553 ], [ -3.615735076271921, 40.389488874466124 ], [ -3.618567711888658, 40.39010895277309 ], [ -3.619388660146496, 40.390288163965607 ], [ -3.621888685420228, 40.390838567174541 ], [ -3.623021366719533, 40.391084899735148 ], [ -3.625117051636932, 40.391545200788791 ], [ -3.627464296386601, 40.392057004948065 ], [ -3.629791855365508, 40.39256219191072 ], [ -3.627977456743154, 40.395802709390708 ], [ -3.627713053070833, 40.396334113264651 ], [ -3.627488664925889, 40.396825964736685 ], [ -3.62729159653512, 40.3973088395201 ], [ -3.627070392324053, 40.397946148990044 ], [ -3.626885058353112, 40.398600702412189 ], [ -3.62679208741679, 40.399027110383848 ], [ -3.626606683317977, 40.399880340223383 ], [ -3.626408754171125, 40.400749610621844 ], [ -3.626245964537216, 40.40131876866937 ], [ -3.62610758920505, 40.401765027391633 ], [ -3.625917586125136, 40.402274832623945 ], [ -3.625664245680232, 40.402866007074103 ], [ -3.625447678462435, 40.403312033019652 ], [ -3.625273181923288, 40.40365613917492 ], [ -3.623950583502789, 40.406178385945928 ], [ -3.623938183319254, 40.406177252851364 ], [ -3.620573383867752, 40.405876378381564 ], [ -3.61957338453453, 40.405781123238789 ], [ -3.618663082511874, 40.405680806527123 ], [ -3.617914937732754, 40.405648218543057 ], [ -3.617041119952124, 40.405611723436905 ], [ -3.617145838409283, 40.405286443782543 ], [ -3.61717889206348, 40.40497526740657 ], [ -3.617151036398891, 40.404545504289779 ], [ -3.617076031880425, 40.404193742093909 ], [ -3.616996048718118, 40.403951772217688 ], [ -3.616877220093651, 40.403663706416886 ], [ -3.61682474473852, 40.403536494254048 ], [ -3.616761889188675, 40.403415299648515 ], [ -3.616538527007174, 40.40298462307284 ], [ -3.615874247635389, 40.402960722420474 ], [ -3.615359400499052, 40.402922301931454 ], [ -3.614921823034408, 40.402828584864999 ], [ -3.614483746561816, 40.402679987214164 ], [ -3.613655750428116, 40.402414546047254 ], [ -3.612300250395542, 40.402032981607974 ], [ -3.61186318523868, 40.401875263140084 ], [ -3.611838092048906, 40.401866207549403 ], [ -3.611754173746472, 40.401831530524412 ], [ -3.608865717638088, 40.400637895736665 ], [ -3.607874895576091, 40.400222343582122 ], [ -3.607196504251, 40.3999560693413 ], [ -3.606672327616068, 40.399781180275305 ], [ -3.606813244193601, 40.399576917227989 ], [ -3.607911692551613, 40.39859482519671 ], [ -3.608818678660854, 40.397775960438665 ], [ -3.608924996677279, 40.397680451899227 ], [ -3.609877449825917, 40.396817447875648 ], [ -3.608790061902405, 40.396085556055013 ], [ -3.609656064616154, 40.395247254982188 ], [ -3.608377003208697, 40.394411073727539 ], [ -3.608627390151618, 40.394187648322948 ], [ -3.608716900739433, 40.394079764294197 ], [ -3.608739295062395, 40.394038098211396 ], [ -3.608492476968173, 40.39393153399056 ], [ -3.607370744438936, 40.393341890782551 ], [ -3.606791391143764, 40.393011429701652 ], [ -3.606316674372715, 40.392767763082951 ], [ -3.60555845465598, 40.392513703710982 ], [ -3.605735820558603, 40.392079095154465 ], [ -3.606466010172483, 40.390658478967403 ], [ -3.606938601372335, 40.389753799043454 ], [ -3.607335044014517, 40.389130201375423 ], [ -3.607766618897793, 40.388526467434566 ], [ -3.608397929446458, 40.387781338046878 ] ] ] } },
{ "type": "Feature", "properties": { "barrio": "Valderrivas", "distrito": "Vicálvaro", "area_km2": 0.643, "n_poi": 1, "diversidad_poi": 1, "n_restaurantes": 100, "pct_terrazas": 11.0, "accesibilidad_media": 4.4, "densidad_oferta": 157.1 }, "geometry": { "type": "Polygon", "coordinates": [ [ [ -3.594226214420568, 40.402888260679404 ], [ -3.593609216780213, 40.402314534225738 ], [ -3.593859776466433, 40.402166002051629 ], [ -3.594080285742391, 40.402012219175148 ], [ -3.594567592450225, 40.401712263772076 ], [ -3.594860572125735, 40.401532480352444 ], [ -3.595095564535557, 40.401388179672928 ], [ -3.595962302807932, 40.400858268112103 ], [ -3.596468826067182, 40.400538980207259 ], [ -3.597033329411844, 40.400184204780565 ], [ -3.597609598741608, 40.399872832879836 ], [ -3.598086640288739, 40.399594479830363 ], [ -3.598499585547532, 40.399335352275152 ], [ -3.598922413882766, 40.399076172049128 ], [ -3.599413938514958, 40.398759945312413 ], [ -3.599915613051389, 40.398473898360571 ], [ -3.600461435104743, 40.39814982679929 ], [ -3.601351208320624, 40.397593428694151 ], [ -3.60193097782261, 40.397197367473588 ], [ -3.602318808373962, 40.396896785362642 ], [ -3.602740865350163, 40.396554451031967 ], [ -3.603083898911699, 40.396220085967556 ], [ -3.603304337457159, 40.395995958926811 ], [ -3.603554675556288, 40.395709370237341 ], [ -3.603602813259044, 40.3956542661344 ], [ -3.603959485899362, 40.395187552863632 ], [ -3.604159471374048, 40.394887945501722 ], [ -3.60433504521507, 40.394622479246699 ], [ -3.604560610647995, 40.394278059517553 ], [ -3.605107278090776, 40.39329556784633 ], [ -3.605412994478725, 40.392699392641923 ], [ -3.605528659738583, 40.392551737635152 ], [ -3.60555845465598, 40.392513703710982 ], [ -3.606316674372715, 40.392767763082951 ], [ -3.606791391143764, 40.393011429701652 ], [ -3.607370744438936, 40.393341890782551 ], [ -3.608492476968173, 40.39393153399056 ], [ -3.608739295062395, 40.394038098211396 ], [ -3.608716900739433, 40.394079764294197 ], [ -3.608627390151618, 40.394187648322948 ], [ -3.608377003208697, 40.394411073727539 ], [ -3.609656064616154, 40.395247254982188 ], [ -3.608790061902405, 40.396085556055013 ], [ -3.609877449825917, 40.396817447875648 ], [ -3.608924996677279, 40.397680451899227 ], [ -3.608818678660854, 40.397775960438665 ], [ -3.607911692551613, 40.39859482519671 ], [ -3.606813244193601, 40.399576917227989 ], [ -3.606672327616068, 40.399781180275305 ], [ -3.606649497852875, 40.399816694994534 ], [ -3.606510167280551, 40.400197926009476 ], [ -3.606317538234839, 40.400659075832621 ], [ -3.605919159811418, 40.400549079253317 ], [ -3.605072107389305, 40.400351847185739 ], [ -3.60499695005094, 40.400343630459012 ], [ -3.604642665034931, 40.400337461025117 ], [ -3.604388438776045, 40.400332570262762 ], [ -3.604178972868404, 40.400325644150669 ], [ -3.603874567767534, 40.400332651491169 ], [ -3.603664342799316, 40.4003337492098 ], [ -3.603409094813597, 40.40033795180679 ], [ -3.603198868632494, 40.400339048685446 ], [ -3.603092452582692, 40.400334488412106 ], [ -3.603001787341365, 40.400330602665562 ], [ -3.602751653683526, 40.400286848743001 ], [ -3.602116482085014, 40.400206923891851 ], [ -3.601845706301998, 40.400153801527885 ], [ -3.601728414327245, 40.400226317184149 ], [ -3.600803074032459, 40.401536884901901 ], [ -3.600702835833761, 40.401663691597811 ], [ -3.601170540646258, 40.401908092047059 ], [ -3.601513749197637, 40.402084254768276 ], [ -3.601826746942547, 40.402240483429118 ], [ -3.602286874301075, 40.40247630786974 ], [ -3.602456681398801, 40.402573007042321 ], [ -3.60253646537175, 40.40267878690468 ], [ -3.602525586072331, 40.402721895351881 ], [ -3.602488556362362, 40.402779490645742 ], [ -3.602439981977536, 40.402805574611293 ], [ -3.602376366781145, 40.40282886751865 ], [ -3.602090768470418, 40.402798783569111 ], [ -3.601718467653761, 40.402728967783503 ], [ -3.601486800306348, 40.4027151090351 ], [ -3.601365371326198, 40.402707844169726 ], [ -3.600711841426094, 40.402764951691275 ], [ -3.600314690997935, 40.402767835939201 ], [ -3.599789806285456, 40.402426144881808 ], [ -3.599390759918699, 40.402726707081911 ], [ -3.598950744636243, 40.403064792187585 ], [ -3.598611885089062, 40.4033793913812 ], [ -3.598467978980657, 40.403532675577821 ], [ -3.598364357772865, 40.403643048925247 ], [ -3.598024028774246, 40.404107700418713 ], [ -3.597639326995547, 40.404632927644514 ], [ -3.596181258793813, 40.404054948489645 ], [ -3.595389909276482, 40.403723221115072 ], [ -3.595137061330021, 40.403599893714514 ], [ -3.594929898176655, 40.403498848936096 ], [ -3.594612372991534, 40.40325365108081 ], [ -3.59445335908568, 40.403103188882604 ], [ -3.594226214420568, 40.402888260679404 ] ] ] } },
{ "type": "Feature", "properties": { "barrio": "El Cañaveral", "distrito": "Vicálvaro", "area_km2": 10.568, "n_poi": 4, "diversidad_poi": 1, "n_restaurantes": 188, "pct_terrazas": 10.1, "accesibilidad_media": 2.4, "densidad_oferta": 18.2 }, "geometry": { "type": "Polygon", "coordinates": [ [ [ -3.533633931521391, 40.391625148222985 ], [ -3.533915408039298, 40.391601572046717 ], [ -3.535379658122598, 40.391478698632298 ], [ -3.535449754583155, 40.391472816339657 ], [ -3.535906162504487, 40.39143451236756 ], [ -3.536368801091722, 40.391395683993835 ], [ -3.537341118987217, 40.391314072432841 ], [ -3.537397814314186, 40.391334960593007 ], [ -3.539889163750246, 40.392252798287032 ], [ -3.539926331229374, 40.392265337525778 ], [ -3.541958126213267, 40.392950783966164 ], [ -3.542462400422401, 40.39312089818641 ], [ -3.542698041069232, 40.393104957182977 ], [ -3.542610061597711, 40.393609467442147 ], [ -3.542679246545249, 40.394036727437523 ], [ -3.544829285362015, 40.393564149119527 ], [ -3.546722954395745, 40.393147881785922 ], [ -3.548286299788772, 40.392945385284783 ], [ -3.548618090935496, 40.392920259048232 ], [ -3.549935320248359, 40.392820497249751 ], [ -3.551279427207236, 40.392853116500675 ], [ -3.552692426891036, 40.392989440806879 ], [ -3.553935544670701, 40.393152573799263 ], [ -3.55488992316497, 40.393369105210418 ], [ -3.556441911658699, 40.393855885767749 ], [ -3.557516666370659, 40.394227890976055 ], [ -3.559920670257472, 40.395361877228048 ], [ -3.563012716987112, 40.396820291381573 ], [ -3.563494020084859, 40.397047292775973 ], [ -3.566178574405656, 40.398299126840634 ], [ -3.569762225570874, 40.399970048885351 ], [ -3.57028274455412, 40.400212731442053 ], [ -3.570974614558841, 40.400535296225407 ], [ -3.576953082478667, 40.403353991541906 ], [ -3.579891184745855, 40.404730963219883 ], [ -3.583085727098835, 40.406236629235288 ], [ -3.585609068669122, 40.407292571214356 ], [ -3.576286415766598, 40.413121423025096 ], [ -3.572900492851413, 40.411768031821687 ], [ -3.572617642525949, 40.411877095185247 ], [ -3.572310379010757, 40.411919151993196 ], [ -3.572005320865889, 40.411943179801035 ], [ -3.571673041083756, 40.411953827769992 ], [ -3.571326824075567, 40.411988867288649 ], [ -3.571085104501999, 40.411976544224764 ], [ -3.570916438640987, 40.411962059036476 ], [ -3.570570790656425, 40.412064661637771 ], [ -3.570264088899246, 40.41217337928579 ], [ -3.569832950084089, 40.412341265832296 ], [ -3.569540615463316, 40.412476938012929 ], [ -3.569154251343024, 40.412643700552479 ], [ -3.568860765799884, 40.412782980312215 ], [ -3.568650374650829, 40.412852480711294 ], [ -3.568406002370187, 40.412945572313852 ], [ -3.567961176762498, 40.413028747261116 ], [ -3.564787606409674, 40.413525331557388 ], [ -3.564544986812455, 40.413532905705146 ], [ -3.564125383809329, 40.413532244724749 ], [ -3.563691487286683, 40.413513633734652 ], [ -3.563587238326216, 40.413450175619793 ], [ -3.563036795510426, 40.413448344767104 ], [ -3.56248580744148, 40.413380746707922 ], [ -3.562046966721689, 40.413334226325333 ], [ -3.561677842144662, 40.413308985628547 ], [ -3.561259113334667, 40.41327137363664 ], [ -3.560861800396289, 40.413257979879909 ], [ -3.560475020185177, 40.413235524612098 ], [ -3.560185108888296, 40.413239628725464 ], [ -3.559594120285508, 40.413180318850081 ], [ -3.559153021307083, 40.413145509318802 ], [ -3.55871515421397, 40.413073744321331 ], [ -3.558372625948785, 40.412986203629103 ], [ -3.557840028532281, 40.412860837321126 ], [ -3.557524269075067, 40.412731724041706 ], [ -3.557194026020998, 40.412561236979606 ], [ -3.556917266256346, 40.412444545904989 ], [ -3.556472949120715, 40.412304335275252 ], [ -3.555904647435223, 40.412135887318165 ], [ -3.55550537939021, 40.412026988170766 ], [ -3.555087668848076, 40.411968627094055 ], [ -3.554646838784611, 40.411965329972354 ], [ -3.554172433505843, 40.411891922085843 ], [ -3.553402661355104, 40.411688031437272 ], [ -3.553112641441412, 40.411721303279457 ], [ -3.552452082760026, 40.411800126944605 ], [ -3.552173085928077, 40.411841096084977 ], [ -3.551797379747536, 40.411874416147356 ], [ -3.55140409755859, 40.411920430639654 ], [ -3.551247259381527, 40.411910365787691 ], [ -3.551036302508255, 40.411912268675856 ], [ -3.550488487151858, 40.411941898257574 ], [ -3.550097757662491, 40.412012220704071 ], [ -3.549594411913314, 40.412147941759528 ], [ -3.549283625695866, 40.412324013939703 ], [ -3.545123473069917, 40.411472945004981 ], [ -3.544973077433773, 40.411426876055593 ], [ -3.5449498340949, 40.411438856892481 ], [ -3.544949564741526, 40.411438924829298 ], [ -3.544855775717389, 40.411462591382573 ], [ -3.544828140749952, 40.411460530594084 ], [ -3.544544343061828, 40.411387371337398 ], [ -3.544486801696187, 40.411374872834031 ], [ -3.544401328757448, 40.411357867937753 ], [ -3.544363783848801, 40.411357236594277 ], [ -3.54421856162706, 40.411354587763682 ], [ -3.544142056048859, 40.41135197573989 ], [ -3.544017445176677, 40.411347698107271 ], [ -3.543999526401945, 40.411347061688474 ], [ -3.543836707504326, 40.411339275299078 ], [ -3.543766557391511, 40.411336271868478 ], [ -3.543687683484189, 40.411332859863514 ], [ -3.543657029264875, 40.411331562548924 ], [ -3.543516510927154, 40.411314848241801 ], [ -3.543482909698636, 40.411310851194813 ], [ -3.543451482868675, 40.411301269990652 ], [ -3.543330977173572, 40.411264453992963 ], [ -3.54328951507723, 40.41125991994975 ], [ -3.543179279406331, 40.411247961180102 ], [ -3.542695460396507, 40.411112944384229 ], [ -3.54247043841722, 40.411049593422092 ], [ -3.542285084464182, 40.411024787884266 ], [ -3.542206669046499, 40.411004435617087 ], [ -3.542068370876257, 40.410968604446474 ], [ -3.541959012827963, 40.410940197895528 ], [ -3.541657438024241, 40.410854140862114 ], [ -3.541543223028861, 40.410808641188495 ], [ -3.541486352382251, 40.410786025336364 ], [ -3.541427826781758, 40.410762791073566 ], [ -3.541382116292545, 40.410749581559962 ], [ -3.541319153369791, 40.410731498699334 ], [ -3.541273792046231, 40.410718468590872 ], [ -3.541093794260736, 40.410699312696778 ], [ -3.540998214935168, 40.41068490034781 ], [ -3.540960219144806, 40.410679132120009 ], [ -3.540933432853616, 40.41067511415752 ], [ -3.540789461120326, 40.410665788434414 ], [ -3.540609537738242, 40.410656632436222 ], [ -3.540555437052745, 40.410655352931393 ], [ -3.540482470563726, 40.410653627352289 ], [ -3.540429661123655, 40.410652432744499 ], [ -3.540275581733369, 40.410631888649824 ], [ -3.540267598812139, 40.410630819634619 ], [ -3.540264170161489, 40.410630362677956 ], [ -3.540194055056379, 40.410621013608903 ], [ -3.540152374889044, 40.410611388417102 ], [ -3.540013877356474, 40.410579426923476 ], [ -3.540002886337529, 40.410575514253544 ], [ -3.539922047676552, 40.410547335637744 ], [ -3.539768012143168, 40.410492255186924 ], [ -3.539730489560082, 40.410667989727045 ], [ -3.539727566290764, 40.410892330788023 ], [ -3.539731590824951, 40.411101323042892 ], [ -3.539736816122613, 40.411165268640737 ], [ -3.539769222298601, 40.411386741126783 ], [ -3.539761238670634, 40.411420112052326 ], [ -3.539734504776216, 40.411467084150424 ], [ -3.539712500682815, 40.41151583598306 ], [ -3.539682189013603, 40.41155741931162 ], [ -3.539665961368368, 40.411591729619104 ], [ -3.539624884208195, 40.411613543169175 ], [ -3.539514228283537, 40.411630271431321 ], [ -3.539357284485618, 40.411606677293975 ], [ -3.539085681866021, 40.411541274844083 ], [ -3.5390125172726, 40.411529903223773 ], [ -3.538700685980857, 40.411444862884203 ], [ -3.538504863437412, 40.411423251443111 ], [ -3.538290423563231, 40.411427061727018 ], [ -3.537982129861824, 40.411643696888824 ], [ -3.53790394644372, 40.411742259791154 ], [ -3.53787394915793, 40.411823481205175 ], [ -3.537867293742311, 40.411875764921312 ], [ -3.537895565600473, 40.412170231721262 ], [ -3.537876080908757, 40.412239692399325 ], [ -3.537850467758637, 40.412279451568267 ], [ -3.537778034076039, 40.412359969439542 ], [ -3.537572670182073, 40.412473536328754 ], [ -3.537421084438601, 40.41253099831232 ], [ -3.537281118307749, 40.412567684283616 ], [ -3.53719398897066, 40.412578899144798 ], [ -3.536880606936841, 40.41259566389337 ], [ -3.536804012000923, 40.41259782044969 ], [ -3.536651874242661, 40.412585913056866 ], [ -3.536471407554828, 40.412568730552557 ], [ -3.536319155451662, 40.412542405096502 ], [ -3.536212932937895, 40.412517778610159 ], [ -3.536224561312995, 40.412652753897824 ], [ -3.536209940463943, 40.412741110834205 ], [ -3.536158997875813, 40.412857564397619 ], [ -3.536124046519904, 40.412909078307734 ], [ -3.536016409582968, 40.413009578307808 ], [ -3.535931999970801, 40.413066725991079 ], [ -3.535781560311011, 40.413120575972997 ], [ -3.535630414168422, 40.413150761240473 ], [ -3.535629526878859, 40.413150938325586 ], [ -3.535167179138917, 40.414414524434342 ], [ -3.534842349249619, 40.414334837563544 ], [ -3.534583789037615, 40.414280176059393 ], [ -3.534293414913267, 40.41422655740007 ], [ -3.533991312092194, 40.414180201255789 ], [ -3.533708159997156, 40.414145465963728 ], [ -3.533408556261111, 40.414117116747221 ], [ -3.533277644880033, 40.414106908812343 ], [ -3.532998299393491, 40.41410638877781 ], [ -3.532802698227023, 40.414113595777458 ], [ -3.532550617096595, 40.414132774429511 ], [ -3.532348073067983, 40.414157123610224 ], [ -3.532038445451461, 40.414207648364702 ], [ -3.531864335450058, 40.414244934443978 ], [ -3.531654959050893, 40.414299049254083 ], [ -3.531576183125289, 40.414323730607748 ], [ -3.531497407184172, 40.414348417313278 ], [ -3.531338724927788, 40.414404101222381 ], [ -3.531133117227208, 40.414487928676984 ], [ -3.530920480957946, 40.414578094405783 ], [ -3.530732381632625, 40.414640214420416 ], [ -3.53050766093004, 40.414691694859002 ], [ -3.530407598179323, 40.414707467596642 ], [ -3.530226444462922, 40.414714701260031 ], [ -3.531190346692882, 40.420084229808438 ], [ -3.53041610342629, 40.41955253573677 ], [ -3.529896147610367, 40.41919069163054 ], [ -3.529290913778661, 40.418776714407699 ], [ -3.528707625391087, 40.418371856225043 ], [ -3.528040402701035, 40.417923612273981 ], [ -3.527613154428432, 40.417647444088495 ], [ -3.527020027641746, 40.417306546171375 ], [ -3.526554051621454, 40.417060768843903 ], [ -3.526353522065641, 40.416942992565893 ], [ -3.526053340845994, 40.416795846590304 ], [ -3.525830641194311, 40.416689980283913 ], [ -3.525644045842241, 40.416578364672745 ], [ -3.525517671841258, 40.41651703587489 ], [ -3.525447186764855, 40.416483383842731 ], [ -3.525393810616914, 40.416454287398359 ], [ -3.525354290227172, 40.416434907340566 ], [ -3.525298945804574, 40.416405819795493 ], [ -3.525255452488913, 40.416381944199081 ], [ -3.525184272422858, 40.416341643750272 ], [ -3.5251377108675, 40.416302735961878 ], [ -3.52506134108339, 40.416227853283942 ], [ -3.525022558331664, 40.416176873975068 ], [ -3.524980765827424, 40.416118384825893 ], [ -3.524937847732432, 40.416041845649488 ], [ -3.524899886845168, 40.415969798407126 ], [ -3.52482695754777, 40.415830955212016 ], [ -3.524688183027407, 40.415578062882396 ], [ -3.52462546549648, 40.415486568245242 ], [ -3.524576748402075, 40.415423596806129 ], [ -3.524542003613495, 40.415385387415007 ], [ -3.5244963442913, 40.415335942735695 ], [ -3.524442818780638, 40.415287286878737 ], [ -3.524374540276579, 40.41524020242575 ], [ -3.524214223634786, 40.415128085098488 ], [ -3.524019379175669, 40.415005592408811 ], [ -3.523863681151647, 40.41490677720568 ], [ -3.523607507532601, 40.414755440677766 ], [ -3.523181192212127, 40.414482784137626 ], [ -3.522835517302325, 40.414264679024207 ], [ -3.522637702114022, 40.414139188374655 ], [ -3.522564493664956, 40.414090619703863 ], [ -3.522490272093478, 40.414038295167813 ], [ -3.522438746428652, 40.413993390628114 ], [ -3.522383130394735, 40.41393455035665 ], [ -3.522245230958742, 40.413819373093496 ], [ -3.522109825352387, 40.413647839709299 ], [ -3.521965136502414, 40.413460474941402 ], [ -3.521860144973968, 40.413326644856269 ], [ -3.521692592939065, 40.413106905129219 ], [ -3.521492888405663, 40.412818250931551 ], [ -3.521106893528303, 40.412285077830688 ], [ -3.520898042087715, 40.411987877208027 ], [ -3.520827289176263, 40.411892276958419 ], [ -3.52078663522483, 40.411831899109444 ], [ -3.520756947851256, 40.411781240419955 ], [ -3.520701977476821, 40.4116823383414 ], [ -3.520642288324682, 40.411557313975358 ], [ -3.520585074030667, 40.411418466580621 ], [ -3.520375367824252, 40.410835366784596 ], [ -3.520303928612356, 40.4106926372651 ], [ -3.520212420375206, 40.410541612321971 ], [ -3.519778699673357, 40.409982557092327 ], [ -3.519913011113759, 40.409930332866324 ], [ -3.519830346171048, 40.409824450286649 ], [ -3.519706615898687, 40.409652641631759 ], [ -3.519517845520923, 40.409400689112168 ], [ -3.519439730738619, 40.40929598040379 ], [ -3.519389822270019, 40.409228900292902 ], [ -3.519320410560116, 40.409138926435183 ], [ -3.519270516121227, 40.409073487666411 ], [ -3.519224713306337, 40.408981765357886 ], [ -3.519202911402864, 40.40893918262713 ], [ -3.519181021226894, 40.408885109175216 ], [ -3.519167745397352, 40.408834280858009 ], [ -3.519156554957449, 40.408775234078981 ], [ -3.519147498019499, 40.408714537160897 ], [ -3.519153070673907, 40.408601244265242 ], [ -3.519171438566043, 40.40847640280132 ], [ -3.519189667639572, 40.408333505004997 ], [ -3.519207871397998, 40.408187322596113 ], [ -3.51923647071717, 40.407996774101534 ], [ -3.519258440099909, 40.407781629877022 ], [ -3.519288290588618, 40.407474523121586 ], [ -3.519292967181553, 40.407244683400783 ], [ -3.519296328019364, 40.407123192206051 ], [ -3.519301785597091, 40.406995125754143 ], [ -3.519300889849819, 40.406878578950668 ], [ -3.519299931024525, 40.40675382422986 ], [ -3.519288286667424, 40.40663568333494 ], [ -3.519285243758784, 40.40651914616722 ], [ -3.519279812800486, 40.406371430188067 ], [ -3.519260981531111, 40.406156469134174 ], [ -3.519233801351543, 40.405972735998404 ], [ -3.519210776924489, 40.405770927230897 ], [ -3.51917249427164, 40.405539637983942 ], [ -3.519154067186045, 40.40537720538584 ], [ -3.519124878027899, 40.4052115390799 ], [ -3.519062724020626, 40.404947525943641 ], [ -3.519029467948892, 40.404811425039121 ], [ -3.518987636070598, 40.404677004074308 ], [ -3.518941560524004, 40.404549168878326 ], [ -3.518902203856904, 40.404457417433605 ], [ -3.518845454836997, 40.4043378382949 ], [ -3.518780002921812, 40.404203523229079 ], [ -3.518701681165564, 40.4040709082185 ], [ -3.518606156418509, 40.403935085588252 ], [ -3.518499567865881, 40.403756633618436 ], [ -3.518427927773193, 40.403655177997351 ], [ -3.518360415443787, 40.403525371064866 ], [ -3.518300735579272, 40.40340879039578 ], [ -3.51825327839546, 40.403281683617969 ], [ -3.518202708451256, 40.403127603066437 ], [ -3.518182653410016, 40.403032481925386 ], [ -3.518173296074016, 40.402932387556369 ], [ -3.518157448378743, 40.402825758229227 ], [ -3.518152322335689, 40.402717437589992 ], [ -3.518142827826233, 40.402599286859058 ], [ -3.518139938177708, 40.402502447319407 ], [ -3.518136973028476, 40.402395759351876 ], [ -3.518129410524211, 40.4022496933204 ], [ -3.518126420230606, 40.402139721637994 ], [ -3.518125715447267, 40.402047797583428 ], [ -3.518131476983995, 40.401959126572848 ], [ -3.518149921786425, 40.401844134450137 ], [ -3.518157779987609, 40.401748889096886 ], [ -3.518179949588847, 40.401618508919633 ], [ -3.518203572755855, 40.401478376158892 ], [ -3.51823339918879, 40.401329034397271 ], [ -3.518283018423439, 40.40113144477354 ], [ -3.518340060434284, 40.400926192927351 ], [ -3.518382371864357, 40.400751519165887 ], [ -3.518424814728802, 40.400594007164109 ], [ -3.518469728894926, 40.400433622765931 ], [ -3.518507314973399, 40.400293294873315 ], [ -3.518559543164843, 40.400110949440489 ], [ -3.518613340876934, 40.399970547900601 ], [ -3.518648797641637, 40.399877902155261 ], [ -3.518669573259871, 40.399822508291685 ], [ -3.51871236613261, 40.399710760015388 ], [ -3.518765090978662, 40.399593247272968 ], [ -3.518821572755984, 40.399477624878052 ], [ -3.518923435151636, 40.399262637226045 ], [ -3.519020315086412, 40.399048625907753 ], [ -3.519054648607054, 40.398972194275785 ], [ -3.519124582902116, 40.398822185685056 ], [ -3.519184657021823, 40.398687477366273 ], [ -3.519223926842156, 40.39860434955915 ], [ -3.519263196566823, 40.398521221738079 ], [ -3.519303661597608, 40.398431413676818 ], [ -3.519334252081002, 40.398354998764916 ], [ -3.519375956285266, 40.398264232846486 ], [ -3.519399204556447, 40.398205966435064 ], [ -3.519423699475478, 40.398147695319309 ], [ -3.519444444625563, 40.398088486976903 ], [ -3.519460268976204, 40.398037881924751 ], [ -3.51947480881251, 40.397982515914542 ], [ -3.519485710006327, 40.397940514163679 ], [ -3.519492884639429, 40.397900436384866 ], [ -3.519495124430773, 40.397867435819421 ], [ -3.519497428430403, 40.397842635968836 ], [ -3.519597864556353, 40.397852741583236 ], [ -3.519618491745619, 40.397735916799142 ], [ -3.520317393480169, 40.393777470897234 ], [ -3.520406789527049, 40.392102177801775 ], [ -3.52258947514636, 40.391865157236026 ], [ -3.524342474866601, 40.390842726819692 ], [ -3.526890645441931, 40.389794678743662 ], [ -3.529151058520733, 40.389384925591969 ], [ -3.532084602376786, 40.391423975940128 ], [ -3.532860812988232, 40.391690058395199 ], [ -3.533633931521391, 40.391625148222985 ] ] ] } },
{ "type": "Feature", "properties": { "barrio": "Simancas", "distrito": "San Blas - Canillejas", "area_km2": 2.276, "n_poi": 2, "diversidad_poi": 1, "n_restaurantes": 2072, "pct_terrazas": 3.1, "accesibilidad_media": 4.0, "densidad_oferta": 911.2 }, "geometry": { "type": "Polygon", "coordinates": [ [ [ -3.615400493274145, 40.433881081921996 ], [ -3.616100927258684, 40.43377807069453 ], [ -3.616882840034215, 40.433777434366796 ], [ -3.617756759502408, 40.43378558225411 ], [ -3.618857098589532, 40.43379195494569 ], [ -3.619574798027597, 40.433757862031044 ], [ -3.620388067185993, 40.433579700881666 ], [ -3.620973467596838, 40.433340539976605 ], [ -3.621639569109118, 40.433081561039607 ], [ -3.622580157721504, 40.429230725966093 ], [ -3.623096845181592, 40.428473259844488 ], [ -3.623121156627424, 40.428437633162389 ], [ -3.623391661679368, 40.428214826152704 ], [ -3.623867500258663, 40.427822983780793 ], [ -3.625205369118828, 40.42679810961932 ], [ -3.625725424901889, 40.426422237611881 ], [ -3.628408992859633, 40.424483110045216 ], [ -3.629401851341564, 40.425994397338805 ], [ -3.629521073994406, 40.426175822018401 ], [ -3.630065942879399, 40.426883855214378 ], [ -3.630701836387607, 40.427769138595195 ], [ -3.631273967270521, 40.42856584631334 ], [ -3.631645320009223, 40.429082743498682 ], [ -3.632023537463963, 40.429602034346743 ], [ -3.632106896312457, 40.429716444811874 ], [ -3.632362947390845, 40.430068021560061 ], [ -3.63307247331129, 40.431041898738506 ], [ -3.633703614428465, 40.431927280925876 ], [ -3.633838136513402, 40.43211600446994 ], [ -3.633919587418993, 40.4322274519442 ], [ -3.634443417625875, 40.432944767253055 ], [ -3.634858071556488, 40.433522588248294 ], [ -3.635171062905921, 40.433958351444581 ], [ -3.635689945769903, 40.434648119469493 ], [ -3.63657143620457, 40.435868599413141 ], [ -3.638029387183962, 40.437886800396548 ], [ -3.635467650211523, 40.438577193114426 ], [ -3.634037452635189, 40.438968636049161 ], [ -3.632839858804343, 40.439295637612176 ], [ -3.632101037895262, 40.439492589170079 ], [ -3.630645851414958, 40.439880489849678 ], [ -3.628106179730402, 40.440576452293548 ], [ -3.625632649339631, 40.441254731623445 ], [ -3.62349479147464, 40.441840910970321 ], [ -3.620138347654488, 40.442748475984729 ], [ -3.617678293138273, 40.443432429109855 ], [ -3.616896723043453, 40.443701278745934 ], [ -3.615586284721082, 40.44135652600265 ], [ -3.61510058526046, 40.440487209220287 ], [ -3.614558346263851, 40.43948035171497 ], [ -3.614275916463074, 40.438996532535626 ], [ -3.613838599971594, 40.43820587298454 ], [ -3.613261166509619, 40.437162349733363 ], [ -3.612475255922315, 40.435684966236472 ], [ -3.61239213373172, 40.435528828569012 ], [ -3.61236067503095, 40.435388093819682 ], [ -3.612185457495814, 40.434605862270232 ], [ -3.613641967808098, 40.434277526479136 ], [ -3.614823497488061, 40.434011172241497 ], [ -3.615400493274145, 40.433881081921996 ] ] ] } },
{ "type": "Feature", "properties": { "barrio": "Hellín", "distrito": "San Blas - Canillejas", "area_km2": 0.551, "n_poi": 6, "diversidad_poi": 4, "n_restaurantes": 78, "pct_terrazas": 9.0, "accesibilidad_media": 4.1, "densidad_oferta": 152.5 }, "geometry": { "type": "Polygon", "coordinates": [ [ [ -3.612033145690756, 40.433969996114357 ], [ -3.611736294020373, 40.432657231597659 ], [ -3.611056284609395, 40.429648730388188 ], [ -3.611044292505595, 40.429535008573801 ], [ -3.610989348521514, 40.429012863241653 ], [ -3.611217475808674, 40.42863580158425 ], [ -3.612489234222043, 40.427473764582011 ], [ -3.613228829219839, 40.427937334472276 ], [ -3.613420561827159, 40.427981275183512 ], [ -3.613458838042394, 40.427990081138127 ], [ -3.615070587380981, 40.427999556377657 ], [ -3.61562037869468, 40.429534393776933 ], [ -3.617858613769097, 40.429321400393853 ], [ -3.619515057600879, 40.429174538917394 ], [ -3.620027357398516, 40.429117113919347 ], [ -3.620233897978141, 40.429090873494957 ], [ -3.620350830443708, 40.429050788277657 ], [ -3.620379922849204, 40.429035046514002 ], [ -3.620505236938961, 40.428996087339407 ], [ -3.621258452014712, 40.428638085712421 ], [ -3.622647976361442, 40.427993237354904 ], [ -3.622658256232479, 40.427983000863456 ], [ -3.622878386616995, 40.427832989182377 ], [ -3.62366502198557, 40.426973257084164 ], [ -3.624352277112526, 40.426230182957838 ], [ -3.624430545178658, 40.426165526615407 ], [ -3.624566351126372, 40.426076416041305 ], [ -3.624759807108971, 40.425975012645921 ], [ -3.625230845058938, 40.425767604893259 ], [ -3.625725424901889, 40.426422237611881 ], [ -3.625205369118828, 40.42679810961932 ], [ -3.623867500258663, 40.427822983780793 ], [ -3.623391661679368, 40.428214826152704 ], [ -3.623121156627424, 40.428437633162389 ], [ -3.623096845181592, 40.428473259844488 ], [ -3.622580157721504, 40.429230725966093 ], [ -3.621639569109118, 40.433081561039607 ], [ -3.620973467596838, 40.433340539976605 ], [ -3.620388067185993, 40.433579700881666 ], [ -3.619574798027597, 40.433757862031044 ], [ -3.618857098589532, 40.43379195494569 ], [ -3.617756759502408, 40.43378558225411 ], [ -3.616882840034215, 40.433777434366796 ], [ -3.616100927258684, 40.43377807069453 ], [ -3.615400493274145, 40.433881081921996 ], [ -3.614823497488061, 40.434011172241497 ], [ -3.613641967808098, 40.434277526479136 ], [ -3.612185457495814, 40.434605862270232 ], [ -3.612033145690756, 40.433969996114357 ] ] ] } },
{ "type": "Feature", "properties": { "barrio": "Amposta", "distrito": "San Blas - Canillejas", "area_km2": 0.37, "n_poi": 3, "diversidad_poi": 1, "n_restaurantes": 199, "pct_terrazas": 8.5, "accesibilidad_media": 3.3, "densidad_oferta": 545.9 }, "geometry": { "type": "Polygon", "coordinates": [ [ [ -3.618218408320751, 40.426782168996056 ], [ -3.620812424824718, 40.425335499603428 ], [ -3.620371891635835, 40.42473208922371 ], [ -3.62198836362959, 40.424059276310274 ], [ -3.623515909446279, 40.423423406180625 ], [ -3.625266149511581, 40.422678025533102 ], [ -3.625560058984936, 40.42255445660787 ], [ -3.626599595948814, 40.422117487120573 ], [ -3.627414746701747, 40.423249390261475 ], [ -3.628408992859633, 40.424483110045216 ], [ -3.625725424901889, 40.426422237611881 ], [ -3.625230845058938, 40.425767604893259 ], [ -3.624759807108971, 40.425975012645921 ], [ -3.624566351126372, 40.426076416041305 ], [ -3.624430545178658, 40.426165526615407 ], [ -3.624352277112526, 40.426230182957838 ], [ -3.62366502198557, 40.426973257084164 ], [ -3.622878386616995, 40.427832989182377 ], [ -3.622658256232479, 40.427983000863456 ], [ -3.622647976361442, 40.427993237354904 ], [ -3.621258452014712, 40.428638085712421 ], [ -3.620505236938961, 40.428996087339407 ], [ -3.620379922849204, 40.429035046514002 ], [ -3.620350830443708, 40.429050788277657 ], [ -3.620233897978141, 40.429090873494957 ], [ -3.620027357398516, 40.429117113919347 ], [ -3.619515057600879, 40.429174538917394 ], [ -3.617858613769097, 40.429321400393853 ], [ -3.61562037869468, 40.429534393776933 ], [ -3.615070587380981, 40.427999556377657 ], [ -3.617992393211777, 40.42690824012405 ], [ -3.618218408320751, 40.426782168996056 ] ] ] } },
{ "type": "Feature", "properties": { "barrio": "Arcos", "distrito": "San Blas - Canillejas", "area_km2": 1.305, "n_poi": 3, "diversidad_poi": 2, "n_restaurantes": 353, "pct_terrazas": 8.8, "accesibilidad_media": 7.9, "densidad_oferta": 272.8 }, "geometry": { "type": "Polygon", "coordinates": [ [ [ -3.611207241413916, 40.427595668756901 ], [ -3.61153233352831, 40.426001691238156 ], [ -3.611570330686965, 40.425680227331981 ], [ -3.611625526020234, 40.425214076161446 ], [ -3.611384291265667, 40.422811909264375 ], [ -3.611379217765017, 40.422772206138724 ], [ -3.611190609299403, 40.421234179109256 ], [ -3.610801474750509, 40.417944944792879 ], [ -3.613910936630109, 40.416933552178882 ], [ -3.617447727536874, 40.415538628108386 ], [ -3.617730195436077, 40.415428833860737 ], [ -3.617954187832094, 40.415343584972277 ], [ -3.618036921759329, 40.415303954196411 ], [ -3.618158461646809, 40.415241593215804 ], [ -3.618226546706389, 40.415198346905022 ], [ -3.618399048631224, 40.415102021039864 ], [ -3.618578925448697, 40.415000339207801 ], [ -3.61875128804421, 40.414876174633186 ], [ -3.619003582306, 40.414676898495152 ], [ -3.619493376650956, 40.414246349730107 ], [ -3.619684637546976, 40.414036856681506 ], [ -3.619754240010087, 40.413953691147334 ], [ -3.619812294464671, 40.413883560540569 ], [ -3.619893590382995, 40.413777449192111 ], [ -3.619976396713363, 40.413668987327284 ], [ -3.620049192599208, 40.413561299812237 ], [ -3.620090843460056, 40.413501976925623 ], [ -3.620125404140481, 40.413453503839321 ], [ -3.620198149106563, 40.413340320966491 ], [ -3.620361624623696, 40.413083317821552 ], [ -3.621360210597167, 40.414781406043737 ], [ -3.621620132563092, 40.415155960945 ], [ -3.621886960348234, 40.415525073546952 ], [ -3.622100661768677, 40.415846180964657 ], [ -3.622319951637079, 40.416146628022155 ], [ -3.622824721802486, 40.416869147943295 ], [ -3.623848719844283, 40.41822968609916 ], [ -3.624113080642369, 40.418673581852772 ], [ -3.624172516246087, 40.418765965153824 ], [ -3.624300025951778, 40.418954198547667 ], [ -3.624459165095272, 40.419159469172058 ], [ -3.624569001867176, 40.419322931794682 ], [ -3.625402717981499, 40.420455831500099 ], [ -3.626165044658825, 40.4215142454077 ], [ -3.626599595948814, 40.422117487120573 ], [ -3.625560058984936, 40.42255445660787 ], [ -3.625266149511581, 40.422678025533102 ], [ -3.623515909446279, 40.423423406180625 ], [ -3.62198836362959, 40.424059276310274 ], [ -3.620371891635835, 40.42473208922371 ], [ -3.620812424824718, 40.425335499603428 ], [ -3.618218408320751, 40.426782168996056 ], [ -3.617992393211777, 40.42690824012405 ], [ -3.615070587380981, 40.427999556377657 ], [ -3.613458838042394, 40.427990081138127 ], [ -3.613420561827159, 40.427981275183512 ], [ -3.613228829219839, 40.427937334472276 ], [ -3.612489234222043, 40.427473764582011 ], [ -3.611217475808674, 40.42863580158425 ], [ -3.610989348521514, 40.429012863241653 ], [ -3.611024407788792, 40.428574747085392 ], [ -3.611089051597798, 40.428201161307719 ], [ -3.611207241413916, 40.427595668756901 ] ] ] } },
{ "type": "Feature", "properties": { "barrio": "Rosas", "distrito": "San Blas - Canillejas", "area_km2": 9.294, "n_poi": 5, "diversidad_poi": 2, "n_restaurantes": 884, "pct_terrazas": 9.6, "accesibilidad_media": 4.0, "densidad_oferta": 95.7 }, "geometry": { "type": "Polygon", "coordinates": [ [ [ -3.564123805423123, 40.438061296093665 ], [ -3.564770973664102, 40.437903189628727 ], [ -3.565227199260869, 40.437753217811043 ], [ -3.565494285637958, 40.437686149184763 ], [ -3.56579312941804, 40.437609916371159 ], [ -3.566194073092618, 40.437476426672042 ], [ -3.566322237937643, 40.437434359069982 ], [ -3.566782650912347, 40.437222198160235 ], [ -3.567170045874659, 40.437020301822564 ], [ -3.567623794310901, 40.436717178850529 ], [ -3.568548105745031, 40.436210956119091 ], [ -3.573802108038953, 40.437672093271111 ], [ -3.575945726519558, 40.436742788279687 ], [ -3.575693428878921, 40.43618999928912 ], [ -3.575536096450221, 40.435852038817785 ], [ -3.575438250967267, 40.435576848075989 ], [ -3.575354707557351, 40.43531960325808 ], [ -3.575256648630011, 40.435019187154118 ], [ -3.575180384469298, 40.434647491011617 ], [ -3.575109172730295, 40.434101654414562 ], [ -3.579124257504136, 40.433624207862692 ], [ -3.579136833503374, 40.433156249828578 ], [ -3.577858885428459, 40.431314325441484 ], [ -3.577264951058832, 40.430516377600355 ], [ -3.577109311502941, 40.430237871158958 ], [ -3.576974859346531, 40.429835296816741 ], [ -3.576326106429475, 40.429680324653368 ], [ -3.576496794635763, 40.428821272447898 ], [ -3.576525665525732, 40.42870923325038 ], [ -3.576769924086638, 40.428044948971412 ], [ -3.576932188335336, 40.427581075387266 ], [ -3.577198060010042, 40.426825690699488 ], [ -3.577292438469636, 40.42655765210165 ], [ -3.577483004499455, 40.426013097986356 ], [ -3.577653450536171, 40.426042480001435 ], [ -3.577718862905491, 40.425886885536947 ], [ -3.577819320549201, 40.425689748062588 ], [ -3.577952530935436, 40.425467828597434 ], [ -3.578112126013989, 40.425253823937489 ], [ -3.5783414552467, 40.424987173511205 ], [ -3.578682097347696, 40.424605987321016 ], [ -3.579413596001948, 40.423766928208018 ], [ -3.579748329596748, 40.423312017500827 ], [ -3.580295635127653, 40.422529370222421 ], [ -3.580732073211595, 40.421901285454645 ], [ -3.581162457431539, 40.421275546551087 ], [ -3.581598806250745, 40.42063895879707 ], [ -3.581706483545608, 40.420463012263717 ], [ -3.58191868498518, 40.420097225647595 ], [ -3.582180580158838, 40.419632280498078 ], [ -3.58255286524939, 40.418955057225666 ], [ -3.582649376527761, 40.418774529063974 ], [ -3.582728695455915, 40.418593314492085 ], [ -3.582789936371439, 40.418426100098024 ], [ -3.582840149539986, 40.418269759356839 ], [ -3.582877299117803, 40.418122756589959 ], [ -3.582900576319151, 40.418008277139016 ], [ -3.582922462033822, 40.417849761129986 ], [ -3.58293846229189, 40.417712137103138 ], [ -3.582947299098195, 40.417564504070107 ], [ -3.582966280332361, 40.417069097470517 ], [ -3.582983232103855, 40.416572928080576 ], [ -3.582992115378222, 40.416430703831494 ], [ -3.583006950524509, 40.416275313429999 ], [ -3.583027992118641, 40.4161361188767 ], [ -3.583051313930474, 40.416027048183686 ], [ -3.583088683166765, 40.415905543482872 ], [ -3.583130121670576, 40.41578711015989 ], [ -3.583196473129711, 40.415626823809113 ], [ -3.583326763100481, 40.41537812677749 ], [ -3.583462348253816, 40.41513656688857 ], [ -3.583614068321041, 40.414880400049981 ], [ -3.583780631525226, 40.414604071414068 ], [ -3.584002912953511, 40.414258589387082 ], [ -3.584184762582364, 40.414013748949465 ], [ -3.584448533076336, 40.413691014244357 ], [ -3.585028550932881, 40.413036669295828 ], [ -3.58622559689572, 40.411670388698901 ], [ -3.587085242954829, 40.410692948486052 ], [ -3.588000214577408, 40.409636784609646 ], [ -3.588179698254542, 40.409386829914361 ], [ -3.588306279451873, 40.409177614741843 ], [ -3.588420396332709, 40.408919387655004 ], [ -3.588619152485099, 40.408432223980697 ], [ -3.589506242642886, 40.408742105502284 ], [ -3.591300890850093, 40.409321874546023 ], [ -3.592330769621674, 40.409626407547599 ], [ -3.593485257313694, 40.409954831640938 ], [ -3.594884865068909, 40.410321860170718 ], [ -3.595858005857189, 40.410559172809975 ], [ -3.598181750538615, 40.411062500739277 ], [ -3.59960862226905, 40.411331179626238 ], [ -3.601931465252912, 40.411727081792506 ], [ -3.603422045834152, 40.411937105706635 ], [ -3.605844612175316, 40.412261863942327 ], [ -3.606688371179906, 40.412383207247352 ], [ -3.607311251778903, 40.412484231652776 ], [ -3.607938310485482, 40.412603633569219 ], [ -3.608493146043946, 40.41272341129914 ], [ -3.610289722546225, 40.413161307690302 ], [ -3.610801474750509, 40.417944944792879 ], [ -3.611190609299403, 40.421234179109256 ], [ -3.611379217765017, 40.422772206138724 ], [ -3.611384291265667, 40.422811909264375 ], [ -3.611625526020234, 40.425214076161446 ], [ -3.611570330686965, 40.425680227331981 ], [ -3.61153233352831, 40.426001691238156 ], [ -3.611207241413916, 40.427595668756901 ], [ -3.611089051597798, 40.428201161307719 ], [ -3.611024407788792, 40.428574747085392 ], [ -3.610989348521514, 40.429012863241653 ], [ -3.611044292505595, 40.429535008573801 ], [ -3.611056284609395, 40.429648730388188 ], [ -3.611736294020373, 40.432657231597659 ], [ -3.612033145690756, 40.433969996114357 ], [ -3.612185457495814, 40.434605862270232 ], [ -3.610035471993129, 40.435147112182442 ], [ -3.609627795619436, 40.4352416909692 ], [ -3.609394029624486, 40.435323821944529 ], [ -3.608663901148026, 40.435720722921673 ], [ -3.605828793902351, 40.437020270841842 ], [ -3.60538615182278, 40.436346363897655 ], [ -3.605155909835845, 40.436506937495416 ], [ -3.604674136986605, 40.437058373832812 ], [ -3.602748353830153, 40.439405895057938 ], [ -3.602520306147417, 40.439814379693374 ], [ -3.602410248752665, 40.44047009033072 ], [ -3.602508135482455, 40.441053998981147 ], [ -3.602885906803211, 40.441831136083927 ], [ -3.605853666262754, 40.447128119184853 ], [ -3.605119423474016, 40.447964212315114 ], [ -3.605143604977401, 40.448070303009352 ], [ -3.605845365021175, 40.449659796973002 ], [ -3.605456158346323, 40.449680930774242 ], [ -3.604741831125209, 40.449742048412425 ], [ -3.603391919620421, 40.449887554981046 ], [ -3.603298199933432, 40.449415968751609 ], [ -3.603215210337623, 40.449063065320466 ], [ -3.603128199275686, 40.448761354034687 ], [ -3.602959593366795, 40.448372076269102 ], [ -3.602942530100292, 40.44833267872297 ], [ -3.602801336402499, 40.448064132680358 ], [ -3.602582918171426, 40.447744546600717 ], [ -3.602368787297097, 40.447482144149824 ], [ -3.602041627652352, 40.447160149714406 ], [ -3.601909569562606, 40.44704281647158 ], [ -3.601669516791337, 40.446848476606995 ], [ -3.601067918066214, 40.446429073920193 ], [ -3.600854761643817, 40.446288466460118 ], [ -3.600353348674142, 40.445968811487354 ], [ -3.599463689240603, 40.445403413711155 ], [ -3.598522893899918, 40.44480106557949 ], [ -3.597723584562763, 40.444288251403748 ], [ -3.596837610160366, 40.443721191584608 ], [ -3.596432339282335, 40.443468592516986 ], [ -3.596223089210532, 40.443340749979086 ], [ -3.59601219659479, 40.443227238987532 ], [ -3.595739212310335, 40.443092606109211 ], [ -3.595409999747313, 40.442959702745377 ], [ -3.595013456264233, 40.442840027034698 ], [ -3.594639775546322, 40.44275888201296 ], [ -3.594117990112295, 40.44267714298099 ], [ -3.593543947236021, 40.442619814123738 ], [ -3.593136794392025, 40.442580366835983 ], [ -3.59211813418132, 40.442486837328033 ], [ -3.591863375555508, 40.44246641574658 ], [ -3.591343107251425, 40.442435929527385 ], [ -3.58540267404026, 40.441890230055797 ], [ -3.585089748209223, 40.441862350213583 ], [ -3.583383499660946, 40.441710319674215 ], [ -3.582423301243267, 40.441624698840329 ], [ -3.58155668749035, 40.441548149751682 ], [ -3.581370013092229, 40.441532419271887 ], [ -3.58091110399015, 40.441492287355494 ], [ -3.580469856588248, 40.441435309020939 ], [ -3.580086109295505, 40.441359842222546 ], [ -3.579831484803004, 40.441298954554462 ], [ -3.579461209290576, 40.441185580137258 ], [ -3.579088736591362, 40.441035728922365 ], [ -3.578384201460888, 40.440704020584498 ], [ -3.577332410694334, 40.440094756957336 ], [ -3.576984468742859, 40.439875316683555 ], [ -3.576459653133943, 40.439557836371868 ], [ -3.576116612146429, 40.439359360988895 ], [ -3.575803543269589, 40.439191005683405 ], [ -3.575385225388102, 40.438999929180319 ], [ -3.575036435328139, 40.438873280361626 ], [ -3.574588719781235, 40.438746581674863 ], [ -3.57395647515492, 40.438632956159189 ], [ -3.573586985770657, 40.438595325898191 ], [ -3.572969245160706, 40.438551353024131 ], [ -3.57022270463343, 40.438413270256689 ], [ -3.569041080421083, 40.438349255380274 ], [ -3.566872000958306, 40.438222259956383 ], [ -3.564179532149803, 40.438064564703403 ], [ -3.564123805423123, 40.438061296093665 ] ] ] } },
{ "type": "Feature", "properties": { "barrio": "Rejas", "distrito": "San Blas - Canillejas", "area_km2": 5.016, "n_poi": 8, "diversidad_poi": 3, "n_restaurantes": 831, "pct_terrazas": 1.0, "accesibilidad_media": 0.9, "densidad_oferta": 167.3 }, "geometry": { "type": "Polygon", "coordinates": [ [ [ -3.531342542561148, 40.44708284723805 ], [ -3.531148445531806, 40.446872954647283 ], [ -3.531284674459755, 40.446816470764219 ], [ -3.532846412748095, 40.446423716301567 ], [ -3.533157091443735, 40.44634300786408 ], [ -3.533356137148793, 40.446312363437464 ], [ -3.53362118080901, 40.446276908611438 ], [ -3.533834420130152, 40.446251603267648 ], [ -3.534054882881975, 40.446245182249854 ], [ -3.53445022009306, 40.446283001272 ], [ -3.534838596932033, 40.446335264712253 ], [ -3.535148955815464, 40.446363562725594 ], [ -3.535495732544623, 40.446478452797578 ], [ -3.534991005042411, 40.444956895557901 ], [ -3.535584997286562, 40.44470793598957 ], [ -3.538409450058967, 40.445010805192247 ], [ -3.537974538592246, 40.444311731683094 ], [ -3.540828735391804, 40.444633916968435 ], [ -3.541355028674915, 40.443626545948661 ], [ -3.545210008405906, 40.442616217815186 ], [ -3.549728649091254, 40.442054473878244 ], [ -3.550056678970283, 40.442021698978294 ], [ -3.550421876883069, 40.441980326330174 ], [ -3.551018739396957, 40.441862175249597 ], [ -3.551771984411314, 40.441690124110814 ], [ -3.552299023834999, 40.441541668008924 ], [ -3.55315511431108, 40.441258306094966 ], [ -3.554112447043722, 40.440812290665058 ], [ -3.554922976292829, 40.440439042655967 ], [ -3.555291907724411, 40.440279618188974 ], [ -3.556350159432821, 40.439778146013687 ], [ -3.557481428132025, 40.439268203903374 ], [ -3.558364625543457, 40.438846835121986 ], [ -3.558745330419159, 40.438687341853736 ], [ -3.559104132935632, 40.438445971812115 ], [ -3.559505422476988, 40.438352143442877 ], [ -3.559993242655756, 40.43817140858178 ], [ -3.560279119367766, 40.438094351921194 ], [ -3.560616998540645, 40.438032357768137 ], [ -3.561071505458641, 40.437958086688603 ], [ -3.561667986479653, 40.437942585656735 ], [ -3.562285817206251, 40.43794229489334 ], [ -3.562864741302644, 40.437942189364492 ], [ -3.563422951966981, 40.438003441620815 ], [ -3.563984492279789, 40.438039451400392 ], [ -3.564123805423123, 40.438061296093665 ], [ -3.564179532149803, 40.438064564703403 ], [ -3.566872000958306, 40.438222259956383 ], [ -3.569041080421083, 40.438349255380274 ], [ -3.57022270463343, 40.438413270256689 ], [ -3.572969245160706, 40.438551353024131 ], [ -3.573586985770657, 40.438595325898191 ], [ -3.57395647515492, 40.438632956159189 ], [ -3.574588719781235, 40.438746581674863 ], [ -3.575036435328139, 40.438873280361626 ], [ -3.575385225388102, 40.438999929180319 ], [ -3.575803543269589, 40.439191005683405 ], [ -3.576116612146429, 40.439359360988895 ], [ -3.576459653133943, 40.439557836371868 ], [ -3.576984468742859, 40.439875316683555 ], [ -3.577332410694334, 40.440094756957336 ], [ -3.578384201460888, 40.440704020584498 ], [ -3.579088736591362, 40.441035728922365 ], [ -3.579461209290576, 40.441185580137258 ], [ -3.579831484803004, 40.441298954554462 ], [ -3.580086109295505, 40.441359842222546 ], [ -3.580469856588248, 40.441435309020939 ], [ -3.58091110399015, 40.441492287355494 ], [ -3.581370013092229, 40.441532419271887 ], [ -3.58155668749035, 40.441548149751682 ], [ -3.582423301243267, 40.441624698840329 ], [ -3.583383499660946, 40.441710319674215 ], [ -3.585089748209223, 40.441862350213583 ], [ -3.58540267404026, 40.441890230055797 ], [ -3.591343107251425, 40.442435929527385 ], [ -3.591863375555508, 40.44246641574658 ], [ -3.59211813418132, 40.442486837328033 ], [ -3.593136794392025, 40.442580366835983 ], [ -3.593543947236021, 40.442619814123738 ], [ -3.594117990112295, 40.44267714298099 ], [ -3.594639775546322, 40.44275888201296 ], [ -3.595013456264233, 40.442840027034698 ], [ -3.595409999747313, 40.442959702745377 ], [ -3.595739212310335, 40.443092606109211 ], [ -3.59601219659479, 40.443227238987532 ], [ -3.596223089210532, 40.443340749979086 ], [ -3.596432339282335, 40.443468592516986 ], [ -3.596837610160366, 40.443721191584608 ], [ -3.597723584562763, 40.444288251403748 ], [ -3.598522893899918, 40.44480106557949 ], [ -3.599463689240603, 40.445403413711155 ], [ -3.600353348674142, 40.445968811487354 ], [ -3.600854761643817, 40.446288466460118 ], [ -3.601067918066214, 40.446429073920193 ], [ -3.601669516791337, 40.446848476606995 ], [ -3.601909569562606, 40.44704281647158 ], [ -3.602041627652352, 40.447160149714406 ], [ -3.602368787297097, 40.447482144149824 ], [ -3.602582918171426, 40.447744546600717 ], [ -3.602801336402499, 40.448064132680358 ], [ -3.602942530100292, 40.44833267872297 ], [ -3.602959593366795, 40.448372076269102 ], [ -3.603128199275686, 40.448761354034687 ], [ -3.603215210337623, 40.449063065320466 ], [ -3.603298199933432, 40.449415968751609 ], [ -3.603391919620421, 40.449887554981046 ], [ -3.60102332616646, 40.450124099987626 ], [ -3.599596672746868, 40.450168427767089 ], [ -3.597093364825636, 40.450162884317649 ], [ -3.595590800670621, 40.450118094248793 ], [ -3.593290012148904, 40.450049446330652 ], [ -3.593250259474989, 40.450048208006123 ], [ -3.593247197442604, 40.450048674171761 ], [ -3.587448349670813, 40.44994415054088 ], [ -3.583419578596576, 40.449899055682025 ], [ -3.582283021497596, 40.449901415130597 ], [ -3.581378410076077, 40.449915318746065 ], [ -3.579887522233789, 40.449930796533366 ], [ -3.577143441267154, 40.4498724275672 ], [ -3.575133185862001, 40.449826369117517 ], [ -3.573733424706516, 40.449796922119887 ], [ -3.570567801302437, 40.44975484254401 ], [ -3.565693054706354, 40.449664624681269 ], [ -3.564999907786649, 40.449648226282243 ], [ -3.56176426743674, 40.4495716224638 ], [ -3.558307295814984, 40.449494233272915 ], [ -3.557027989318378, 40.449428319140473 ], [ -3.555616938568281, 40.44933479703964 ], [ -3.553459781209184, 40.449114751779156 ], [ -3.550934696410935, 40.448821099394955 ], [ -3.547319059434263, 40.448425968110399 ], [ -3.542721478984077, 40.447895682479675 ], [ -3.539683389619769, 40.447556705677478 ], [ -3.537618900997169, 40.447305753375602 ], [ -3.53704135118528, 40.447192212309744 ], [ -3.53645344140634, 40.447050788400936 ], [ -3.535324689943177, 40.446739425241105 ], [ -3.535023300476666, 40.446667662607837 ], [ -3.53470807656896, 40.446605963216228 ], [ -3.534421014546792, 40.446571249992381 ], [ -3.534194503659495, 40.446558599587263 ], [ -3.533954995932574, 40.446557630436466 ], [ -3.533657480787064, 40.446572874596512 ], [ -3.533090954677497, 40.446644309510965 ], [ -3.531692896164679, 40.446993257632599 ], [ -3.531683719753623, 40.446995547594696 ], [ -3.531342542561148, 40.44708284723805 ] ] ] } },
{ "type": "Feature", "properties": { "barrio": "Canillejas", "distrito": "San Blas - Canillejas", "area_km2": 1.598, "n_poi": 6, "diversidad_poi": 3, "n_restaurantes": 957, "pct_terrazas": 5.5, "accesibilidad_media": 3.7, "densidad_oferta": 602.6 }, "geometry": { "type": "Polygon", "coordinates": [ [ [ -3.619937995323823, 40.449683544941685 ], [ -3.616673073146118, 40.449697453447826 ], [ -3.614788703694429, 40.44970926809772 ], [ -3.609078110188621, 40.449686813453134 ], [ -3.607757285766213, 40.449670281498818 ], [ -3.606365361258488, 40.449652843462736 ], [ -3.605845365021175, 40.449659796973002 ], [ -3.605143604977401, 40.448070303009352 ], [ -3.605119423474016, 40.447964212315114 ], [ -3.605853666262754, 40.447128119184853 ], [ -3.602885906803211, 40.441831136083927 ], [ -3.602508135482455, 40.441053998981147 ], [ -3.602410248752665, 40.44047009033072 ], [ -3.602520306147417, 40.439814379693374 ], [ -3.602748353830153, 40.439405895057938 ], [ -3.604674136986605, 40.437058373832812 ], [ -3.605155909835845, 40.436506937495416 ], [ -3.60538615182278, 40.436346363897655 ], [ -3.605828793902351, 40.437020270841842 ], [ -3.608663901148026, 40.435720722921673 ], [ -3.609394029624486, 40.435323821944529 ], [ -3.609627795619436, 40.4352416909692 ], [ -3.610035471993129, 40.435147112182442 ], [ -3.612185457495814, 40.434605862270232 ], [ -3.61236067503095, 40.435388093819682 ], [ -3.61239213373172, 40.435528828569012 ], [ -3.612475255922315, 40.435684966236472 ], [ -3.613261166509619, 40.437162349733363 ], [ -3.613838599971594, 40.43820587298454 ], [ -3.614275916463074, 40.438996532535626 ], [ -3.614558346263851, 40.43948035171497 ], [ -3.61510058526046, 40.440487209220287 ], [ -3.615586284721082, 40.44135652600265 ], [ -3.616896723043453, 40.443701278745934 ], [ -3.616788788178082, 40.443761312456232 ], [ -3.616120411953626, 40.444133518799262 ], [ -3.616642894128105, 40.444571643629395 ], [ -3.616989511458479, 40.44470673583703 ], [ -3.617365813214814, 40.444902840648361 ], [ -3.618013167980367, 40.445016688110471 ], [ -3.618504339450359, 40.446257045984076 ], [ -3.619198641800074, 40.446936765138368 ], [ -3.619306881769984, 40.4471797009287 ], [ -3.619561414581419, 40.447751225983787 ], [ -3.619543024099104, 40.447841865191641 ], [ -3.619937995323823, 40.449683544941685 ] ] ] } },
{ "type": "Feature", "properties": { "barrio": "El Salvador", "distrito": "San Blas - Canillejas", "area_km2": 1.88, "n_poi": 7, "diversidad_poi": 2, "n_restaurantes": 265, "pct_terrazas": 7.5, "accesibilidad_media": 1.2, "densidad_oferta": 144.7 }, "geometry": { "type": "Polygon", "coordinates": [ [ [ -3.637307435692989, 40.448576285600531 ], [ -3.636654476477074, 40.448579877328754 ], [ -3.636090413224056, 40.448621025807697 ], [ -3.635733802412278, 40.448664891185572 ], [ -3.635101098243562, 40.448753285309792 ], [ -3.634388340173787, 40.448871337867701 ], [ -3.633493209040442, 40.449015750493544 ], [ -3.631961029853121, 40.449256511868754 ], [ -3.630681033562813, 40.449392679092149 ], [ -3.629442020981033, 40.449434915248283 ], [ -3.628411788303546, 40.449470058287709 ], [ -3.627665493322644, 40.449489599414427 ], [ -3.62628773537149, 40.449525702783191 ], [ -3.622311542189618, 40.449673523822526 ], [ -3.619937995323823, 40.449683544941685 ], [ -3.619543024099104, 40.447841865191641 ], [ -3.619561414581419, 40.447751225983787 ], [ -3.619306881769984, 40.4471797009287 ], [ -3.619198641800074, 40.446936765138368 ], [ -3.618504339450359, 40.446257045984076 ], [ -3.618013167980367, 40.445016688110471 ], [ -3.617365813214814, 40.444902840648361 ], [ -3.616989511458479, 40.44470673583703 ], [ -3.616642894128105, 40.444571643629395 ], [ -3.616120411953626, 40.444133518799262 ], [ -3.616788788178082, 40.443761312456232 ], [ -3.616896723043453, 40.443701278745934 ], [ -3.617678293138273, 40.443432429109855 ], [ -3.620138347654488, 40.442748475984729 ], [ -3.62349479147464, 40.441840910970321 ], [ -3.625632649339631, 40.441254731623445 ], [ -3.628106179730402, 40.440576452293548 ], [ -3.630645851414958, 40.439880489849678 ], [ -3.632101037895262, 40.439492589170079 ], [ -3.632839858804343, 40.439295637612176 ], [ -3.634037452635189, 40.438968636049161 ], [ -3.635467650211523, 40.438577193114426 ], [ -3.636589989323796, 40.440125899795873 ], [ -3.637315389574196, 40.441127229100317 ], [ -3.637522712803093, 40.441418070217701 ], [ -3.638358725158659, 40.442591937840405 ], [ -3.638987789629379, 40.443438201368586 ], [ -3.639165163718463, 40.443678034603359 ], [ -3.639447853438172, 40.443944132822047 ], [ -3.639718988023648, 40.444210204187947 ], [ -3.640013184241688, 40.444458309366681 ], [ -3.640224908889697, 40.444626599308933 ], [ -3.640471570843799, 40.44478586735687 ], [ -3.643122372281458, 40.446073434312169 ], [ -3.644905075304716, 40.446910912159296 ], [ -3.646473579875829, 40.447689467578243 ], [ -3.647442394284615, 40.448570364581641 ], [ -3.648116432955377, 40.449452813584621 ], [ -3.647827928989102, 40.449533076727846 ], [ -3.647825341654083, 40.44953381194852 ], [ -3.647277619935626, 40.449686334241825 ], [ -3.646693489512215, 40.449801005381907 ], [ -3.646057323005862, 40.449825694142348 ], [ -3.645076735845103, 40.449712785713956 ], [ -3.643835266859263, 40.44951676731867 ], [ -3.642754439255258, 40.449336754175143 ], [ -3.639831902098109, 40.448871423198788 ], [ -3.637993955931627, 40.44861055452747 ], [ -3.637307435692989, 40.448576285600531 ] ] ] } },
{ "type": "Feature", "properties": { "barrio": "Alameda de Osuna", "distrito": "Barajas", "area_km2": 2.031, "n_poi": 13, "diversidad_poi": 4, "n_restaurantes": 372, "pct_terrazas": 7.0, "accesibilidad_media": 3.6, "densidad_oferta": 189.6 }, "geometry": { "type": "Polygon", "coordinates": [ [ [ -3.582517510505515, 40.463799385345176 ], [ -3.580873513685881, 40.462280064659815 ], [ -3.580562613897411, 40.462487479719456 ], [ -3.579530620942528, 40.461808318908318 ], [ -3.578798700701862, 40.461279812356914 ], [ -3.577912783740734, 40.460658375627119 ], [ -3.580181237319727, 40.458762887984776 ], [ -3.584389343792796, 40.455316592409886 ], [ -3.587982866886823, 40.452266686894227 ], [ -3.588719195871211, 40.451653757281051 ], [ -3.589048516435943, 40.45141694685303 ], [ -3.589460418275448, 40.451143499937146 ], [ -3.590002308797394, 40.450833443061448 ], [ -3.590497501746158, 40.450632000733883 ], [ -3.59115853042475, 40.450420611912364 ], [ -3.591843773785027, 40.45028152788025 ], [ -3.592363845471356, 40.45018841881253 ], [ -3.593247197442604, 40.450048674171761 ], [ -3.593250259474989, 40.450048208006123 ], [ -3.593290012148904, 40.450049446330652 ], [ -3.595590800670621, 40.450118094248793 ], [ -3.597093364825636, 40.450162884317649 ], [ -3.599596672746868, 40.450168427767089 ], [ -3.60102332616646, 40.450124099987626 ], [ -3.603391919620421, 40.449887554981046 ], [ -3.604741831125209, 40.449742048412425 ], [ -3.605456158346323, 40.449680930774242 ], [ -3.605845365021175, 40.449659796973002 ], [ -3.606365361258488, 40.449652843462736 ], [ -3.607757285766213, 40.449670281498818 ], [ -3.607025816820042, 40.450114006510823 ], [ -3.60697884246926, 40.450142579332535 ], [ -3.606861274010102, 40.45021390929621 ], [ -3.606232628703259, 40.450624169563859 ], [ -3.60530177017092, 40.451236856334027 ], [ -3.604488316916564, 40.451765222510495 ], [ -3.604530877605875, 40.451831344142164 ], [ -3.60459334950101, 40.451925842724428 ], [ -3.60467706942682, 40.452041011223869 ], [ -3.604776486262387, 40.452166823672151 ], [ -3.604885252617349, 40.452291396115903 ], [ -3.604971880083967, 40.452382713123434 ], [ -3.605078926619623, 40.452489415987635 ], [ -3.605181230012517, 40.452588994027366 ], [ -3.605258261950621, 40.452654140309903 ], [ -3.605399837008608, 40.452768381898075 ], [ -3.605413580708975, 40.452775587400644 ], [ -3.604660437339312, 40.453374291999886 ], [ -3.603542028749909, 40.454451298703837 ], [ -3.600814575539211, 40.456868275562861 ], [ -3.599808166075133, 40.457621690556671 ], [ -3.597475529367499, 40.458688160299552 ], [ -3.594274640981781, 40.460104715726111 ], [ -3.593257465676859, 40.46046569473075 ], [ -3.592582079539636, 40.460771674354447 ], [ -3.590209815521676, 40.461823605879452 ], [ -3.589653820370295, 40.462068419978316 ], [ -3.588412834310115, 40.462685721139067 ], [ -3.58454754384707, 40.465334032278463 ], [ -3.583429857610148, 40.464766960751177 ], [ -3.582517510505515, 40.463799385345176 ] ] ] } },
{ "type": "Feature", "properties": { "barrio": "Aeropuerto", "distrito": "Barajas", "area_km2": 29.665, "n_poi": 3, "diversidad_poi": 2, "n_restaurantes": 570, "pct_terrazas": 0.4, "accesibilidad_media": 3.4, "densidad_oferta": 19.3 }, "geometry": { "type": "Polygon", "coordinates": [ [ [ -3.531342542561148, 40.44708284723805 ], [ -3.531683719753623, 40.446995547594696 ], [ -3.531692896164679, 40.446993257632599 ], [ -3.533090954677497, 40.446644309510965 ], [ -3.533657480787064, 40.446572874596512 ], [ -3.533954995932574, 40.446557630436466 ], [ -3.534194503659495, 40.446558599587263 ], [ -3.534421014546792, 40.446571249992381 ], [ -3.53470807656896, 40.446605963216228 ], [ -3.535023300476666, 40.446667662607837 ], [ -3.535324689943177, 40.446739425241105 ], [ -3.53645344140634, 40.447050788400936 ], [ -3.53704135118528, 40.447192212309744 ], [ -3.537618900997169, 40.447305753375602 ], [ -3.539683389619769, 40.447556705677478 ], [ -3.542721478984077, 40.447895682479675 ], [ -3.547319059434263, 40.448425968110399 ], [ -3.550934696410935, 40.448821099394955 ], [ -3.553459781209184, 40.449114751779156 ], [ -3.555616938568281, 40.44933479703964 ], [ -3.557027989318378, 40.449428319140473 ], [ -3.558307295814984, 40.449494233272915 ], [ -3.56176426743674, 40.4495716224638 ], [ -3.564999907786649, 40.449648226282243 ], [ -3.565693054706354, 40.449664624681269 ], [ -3.570567801302437, 40.44975484254401 ], [ -3.573733424706516, 40.449796922119887 ], [ -3.575133185862001, 40.449826369117517 ], [ -3.577143441267154, 40.4498724275672 ], [ -3.579887522233789, 40.449930796533366 ], [ -3.581378410076077, 40.449915318746065 ], [ -3.582283021497596, 40.449901415130597 ], [ -3.583419578596576, 40.449899055682025 ], [ -3.587448349670813, 40.44994415054088 ], [ -3.593247197442604, 40.450048674171761 ], [ -3.592363845471356, 40.45018841881253 ], [ -3.591843773785027, 40.45028152788025 ], [ -3.59115853042475, 40.450420611912364 ], [ -3.590497501746158, 40.450632000733883 ], [ -3.590002308797394, 40.450833443061448 ], [ -3.589460418275448, 40.451143499937146 ], [ -3.589048516435943, 40.45141694685303 ], [ -3.588719195871211, 40.451653757281051 ], [ -3.587982866886823, 40.452266686894227 ], [ -3.584389343792796, 40.455316592409886 ], [ -3.580181237319727, 40.458762887984776 ], [ -3.577912783740734, 40.460658375627119 ], [ -3.578798700701862, 40.461279812356914 ], [ -3.579530620942528, 40.461808318908318 ], [ -3.580562613897411, 40.462487479719456 ], [ -3.580873513685881, 40.462280064659815 ], [ -3.582517510505515, 40.463799385345176 ], [ -3.583429857610148, 40.464766960751177 ], [ -3.58454754384707, 40.465334032278463 ], [ -3.583552138080667, 40.465990583002743 ], [ -3.58315376283746, 40.466272769865 ], [ -3.582870902390745, 40.466559508926508 ], [ -3.582501646342596, 40.467059385187682 ], [ -3.582252445297366, 40.467687336463989 ], [ -3.582251240045737, 40.467690374964164 ], [ -3.58154969430992, 40.467452456621672 ], [ -3.581184134870585, 40.46756140778006 ], [ -3.580931901927588, 40.467652943236089 ], [ -3.580662902856721, 40.467770238015909 ], [ -3.580453275611442, 40.467919487143838 ], [ -3.580311054571287, 40.468074793877335 ], [ -3.579272149220697, 40.469871078455839 ], [ -3.578046844682009, 40.470611703573383 ], [ -3.576836288662753, 40.471604225412676 ], [ -3.576372465035862, 40.471412929676561 ], [ -3.576136813566023, 40.471335092060102 ], [ -3.57601933364528, 40.471322883916507 ], [ -3.575832213362854, 40.471347327064478 ], [ -3.575552775748769, 40.471391418801737 ], [ -3.575284936426543, 40.471467613345624 ], [ -3.574635855369033, 40.471648517526717 ], [ -3.574380796532667, 40.472815373352596 ], [ -3.574270137786943, 40.473358597860866 ], [ -3.574238457486979, 40.473565378279567 ], [ -3.574225015524074, 40.473772068073949 ], [ -3.574226596481803, 40.473957789573653 ], [ -3.574246564407132, 40.474160831392382 ], [ -3.574309892055004, 40.474457683686943 ], [ -3.57437999116184, 40.474656994383793 ], [ -3.574475978383826, 40.474861980853142 ], [ -3.574593207864714, 40.475062219302124 ], [ -3.57469949176523, 40.475226526544951 ], [ -3.575036835580208, 40.475631114419507 ], [ -3.576177300191914, 40.476712247397003 ], [ -3.577832720136134, 40.478203817764545 ], [ -3.578312097363596, 40.478578825355562 ], [ -3.57849725439812, 40.478711028089741 ], [ -3.578743983003553, 40.47887004286811 ], [ -3.579126833220782, 40.479090009179345 ], [ -3.579460688710815, 40.479243655199227 ], [ -3.57979435484277, 40.479375113879641 ], [ -3.580127873718356, 40.479489314727189 ], [ -3.580543571097598, 40.479594710894972 ], [ -3.580964339318747, 40.47968819362594 ], [ -3.581447197614979, 40.479763291364684 ], [ -3.581895940437442, 40.479806258051909 ], [ -3.582886201370301, 40.479859420254265 ], [ -3.584066495964844, 40.479876085992387 ], [ -3.586211032837334, 40.479871715288603 ], [ -3.591616726096581, 40.479853927977445 ], [ -3.597225411261576, 40.479831611163974 ], [ -3.601768313919686, 40.479827482433691 ], [ -3.601783405974193, 40.481045109869854 ], [ -3.601750536069363, 40.482576294441969 ], [ -3.60170367685608, 40.484359489019646 ], [ -3.601711525332216, 40.485017856798507 ], [ -3.601721343024544, 40.485454495497848 ], [ -3.601735559120346, 40.486172490065428 ], [ -3.601739922996934, 40.486661109964565 ], [ -3.601769696275071, 40.487373063047954 ], [ -3.601814286704541, 40.487923447834042 ], [ -3.601849591969052, 40.488940119845346 ], [ -3.601860395760839, 40.489310479589378 ], [ -3.601862606065601, 40.489557888343363 ], [ -3.601866023356865, 40.489730920042113 ], [ -3.601861556422328, 40.489821312173 ], [ -3.601865876849936, 40.489923995408695 ], [ -3.601866085721066, 40.490157111936931 ], [ -3.601862483267193, 40.490383098795043 ], [ -3.601856843318364, 40.490590503567837 ], [ -3.601850162447823, 40.490890875383556 ], [ -3.601838715822158, 40.491277794022729 ], [ -3.601837213069236, 40.491328576328378 ], [ -3.601825230563804, 40.491752209223918 ], [ -3.601785349978955, 40.492879871414338 ], [ -3.601775149283148, 40.493366558490905 ], [ -3.601776054163583, 40.493529530250818 ], [ -3.60177689592824, 40.493680813218234 ], [ -3.601773494163244, 40.493999043360567 ], [ -3.601764875123885, 40.494606913228587 ], [ -3.601776010911469, 40.494957280028252 ], [ -3.601784418429008, 40.495221785893271 ], [ -3.601797288054199, 40.495928368312633 ], [ -3.601820111290508, 40.49638590408258 ], [ -3.601843213666786, 40.496874903010003 ], [ -3.601868282164746, 40.497373902393861 ], [ -3.601887179694366, 40.497811436997075 ], [ -3.60190188226706, 40.498198937906729 ], [ -3.601916533730344, 40.498702440937393 ], [ -3.601925386788691, 40.499361545979788 ], [ -3.60192147682807, 40.500391290380584 ], [ -3.601900959944323, 40.501464663109111 ], [ -3.601885145053433, 40.501460650013115 ], [ -3.601817773193204, 40.501449288356916 ], [ -3.601774068273034, 40.50144501057671 ], [ -3.601736304244401, 40.501445207217685 ], [ -3.60170801341232, 40.501448957198249 ], [ -3.601682106984387, 40.501455398340816 ], [ -3.601664453386048, 40.501460895616944 ], [ -3.6016456438043, 40.501469101590928 ], [ -3.60161512028693, 40.501487276577194 ], [ -3.601585810283585, 40.501509052418243 ], [ -3.601475874889801, 40.501621333715143 ], [ -3.601429023740566, 40.501661216890774 ], [ -3.601391492900655, 40.501687538134014 ], [ -3.601363314575067, 40.501703899961861 ], [ -3.601342152671783, 40.50171301902116 ], [ -3.601324498977772, 40.501718516245795 ], [ -3.601308009323422, 40.501722205622826 ], [ -3.601289143309569, 40.501724104672853 ], [ -3.601266728866279, 40.501725122188709 ], [ -3.601243118204764, 40.501724344135646 ], [ -3.601218319353808, 40.501722669563371 ], [ -3.601193520528138, 40.501720997688359 ], [ -3.601160444695445, 40.501717566175884 ], [ -3.601133261469879, 40.501713202207405 ], [ -3.601104890083707, 40.501707944419543 ], [ -3.601075330522258, 40.501701791009673 ], [ -3.601043402672692, 40.501694749916425 ], [ -3.601007918350475, 40.501685924621228 ], [ -3.600966517315681, 40.501675329196523 ], [ -3.600934589481655, 40.501668287172159 ], [ -3.600902669700957, 40.501662146892038 ], [ -3.600880215079458, 40.501658660071371 ], [ -3.600854220062895, 40.501655190753091 ], [ -3.600817605077664, 40.501651778444312 ], [ -3.600786913651592, 40.501651035308775 ], [ -3.600749181647198, 40.501654835037286 ], [ -3.600723242892662, 40.501657671655749 ], [ -3.600683181583855, 40.501665087047229 ], [ -3.600637244893034, 40.50167523474326 ], [ -3.600612518411272, 40.501681670414349 ], [ -3.600380635085894, 40.501750438783219 ], [ -3.600286481529142, 40.50177975560257 ], [ -3.600261754966636, 40.501786190298155 ], [ -3.600233479980651, 40.501791743425599 ], [ -3.600209893377502, 40.501793665916964 ], [ -3.600189831127703, 40.501793770113224 ], [ -3.60016622045185, 40.501792991840205 ], [ -3.60014022541815, 40.501789522361513 ], [ -3.600123679481212, 40.501786905603254 ], [ -3.600104757224981, 40.501782499394288 ], [ -3.600088195235388, 40.50177808092613 ], [ -3.60005858756808, 40.501766522141359 ], [ -3.600034896631644, 40.501756735317201 ], [ -3.600015934247141, 40.5017478239306 ], [ -3.599817850397865, 40.501636237755747 ], [ -3.599736365272427, 40.501630352601651 ], [ -3.599651732864708, 40.501668629335136 ], [ -3.599631734823816, 40.501675940254231 ], [ -3.599610548626589, 40.501682356440597 ], [ -3.599577585181911, 40.50169153640946 ], [ -3.599551670422627, 40.501697075322909 ], [ -3.599530460149862, 40.501700788937114 ], [ -3.599509241846608, 40.501703600794052 ], [ -3.599491555922598, 40.501705494329684 ], [ -3.59947976263279, 40.501706456401088 ], [ -3.599464420930186, 40.501706535983828 ], [ -3.599445522796115, 40.501704832223957 ], [ -3.599433705440466, 40.501703090832223 ], [ -3.599419519812766, 40.501700461730039 ], [ -3.599405318148781, 40.501696030921039 ], [ -3.599394648860262, 40.50169068089491 ], [ -3.59938633983467, 40.501685318626073 ], [ -3.599353095719521, 40.501662967791191 ], [ -3.599332913239819, 40.501649559050129 ], [ -3.599318680702234, 40.501641524813962 ], [ -3.599298538313996, 40.501632619428712 ], [ -3.599220393225822, 40.501604195136977 ], [ -3.599097210953525, 40.501554381917543 ], [ -3.599012958232256, 40.50150256589891 ], [ -3.598912079695545, 40.50143912255642 ], [ -3.598860009929547, 40.501423176300634 ], [ -3.598792774772826, 40.501427127372395 ], [ -3.598721983209876, 40.501429295041895 ], [ -3.598684211159964, 40.501428589832805 ], [ -3.598668861501646, 40.501427767555946 ], [ -3.598652307699826, 40.501424249733127 ], [ -3.598638114151985, 40.501420719681555 ], [ -3.598623904589293, 40.501415387922826 ], [ -3.598507716956412, 40.501355628003154 ], [ -3.598485198505365, 40.501344933893378 ], [ -3.598469800839777, 40.501338707374309 ], [ -3.59841179860247, 40.501319187160306 ], [ -3.59837866705745, 40.501309447978805 ], [ -3.598339634909483, 40.501299740239389 ], [ -3.59829353002479, 40.501290969096814 ], [ -3.59818480656183, 40.501274413129885 ], [ -3.598099742815086, 40.501264041773545 ], [ -3.598005236926878, 40.501253719214581 ], [ -3.597902462197923, 40.501242537564345 ], [ -3.597857585525459, 40.501239166159415 ], [ -3.597795007003066, 40.501235885406018 ], [ -3.597746613951937, 40.501235233929357 ], [ -3.597715930751639, 40.501235392631131 ], [ -3.597596778281281, 40.501240512412913 ], [ -3.597554285843761, 40.50123983034284 ], [ -3.597464540522907, 40.501233987196919 ], [ -3.597305065244963, 40.501216790980116 ], [ -3.597256640258533, 40.501212536787136 ], [ -3.597031228788088, 40.501212797933242 ], [ -3.59697573904786, 40.501210381007922 ], [ -3.59692967432267, 40.50120611358448 ], [ -3.596747751790066, 40.501186330761463 ], [ -3.596707611653943, 40.501184735338953 ], [ -3.596536485902825, 40.501184716108533 ], [ -3.596318187149656, 40.501188542725124 ], [ -3.596278078927434, 40.501190550565852 ], [ -3.596240354884594, 40.501195249675611 ], [ -3.596212071818697, 40.501199900066275 ], [ -3.596188517207888, 40.5012054260498 ], [ -3.596009592976124, 40.501257698139348 ], [ -3.595901300581767, 40.50128978699172 ], [ -3.595849478721405, 40.501301764920903 ], [ -3.595797648879988, 40.50131284287464 ], [ -3.595763473078031, 40.501318424429925 ], [ -3.595737542198768, 40.501322160783225 ], [ -3.595712775511251, 40.50132409024188 ], [ -3.595660865936509, 40.501326158701588 ], [ -3.595578249201504, 40.501325682712888 ], [ -3.595481431118777, 40.501320773569489 ], [ -3.595407027482997, 40.501314850672735 ], [ -3.595316038392182, 40.501301805111822 ], [ -3.59523921083848, 40.501288687439008 ], [ -3.59518836195804, 40.501277235907715 ], [ -3.595103179235061, 40.501253350443669 ], [ -3.595010858915975, 40.501223193604353 ], [ -3.594939836611579, 40.501199234209523 ], [ -3.594890120230115, 40.501182372251307 ], [ -3.59487355872166, 40.501177953031863 ], [ -3.594864101816523, 40.501176199021714 ], [ -3.594848744306625, 40.501174476284127 ], [ -3.594839295368021, 40.501173624026173 ], [ -3.594818045211432, 40.501172833410465 ], [ -3.594789738166154, 40.501174779091841 ], [ -3.594772060195921, 40.501177572758678 ], [ -3.594702576156766, 40.501194146446409 ], [ -3.594648385948644, 40.501205235130719 ], [ -3.594594187768192, 40.501215422936333 ], [ -3.594539973664089, 40.501223809009822 ], [ -3.594502233568508, 40.501226705846314 ], [ -3.594322886558869, 40.50123123010215 ], [ -3.59430402047153, 40.501233128012402 ], [ -3.59428399016733, 40.50123683459605 ], [ -3.594265147934617, 40.50124143596117 ], [ -3.594253378493784, 40.501245100059599 ], [ -3.594246329547954, 40.501248739883614 ], [ -3.594233427669001, 40.501257814268207 ], [ -3.594220541692955, 40.501268691259121 ], [ -3.594201858426216, 40.501291309683069 ], [ -3.594184363220959, 40.501314822889753 ], [ -3.594152848385429, 40.501354624271485 ], [ -3.594141150452238, 40.501366396039664 ], [ -3.594129420722866, 40.501374564392826 ], [ -3.59411416650694, 40.501384552652794 ], [ -3.594098888427733, 40.501391836548677 ], [ -3.594062407823313, 40.501403736610818 ], [ -3.593961147334622, 40.501430382132639 ], [ -3.593888122439059, 40.501446972628599 ], [ -3.593844521262717, 40.501454402941164 ], [ -3.593818590227425, 40.501458139765759 ], [ -3.593787930734095, 40.501460999985881 ], [ -3.593733668671112, 40.501463980561837 ], [ -3.593700625080336, 40.501464149423661 ], [ -3.593560031025634, 40.501446851937303 ], [ -3.593268104863656, 40.501406518826172 ], [ -3.593231035420592, 40.501531781181519 ], [ -3.589119979168274, 40.504515366874934 ], [ -3.586830053507519, 40.50537915002181 ], [ -3.584716057771032, 40.506720286744887 ], [ -3.582904248200592, 40.508456980043796 ], [ -3.577950868897937, 40.510370623220602 ], [ -3.575879628194485, 40.510413821923947 ], [ -3.572048380176239, 40.512404688579188 ], [ -3.567286712829656, 40.512163686975747 ], [ -3.56499576936942, 40.51205623244649 ], [ -3.56175452638291, 40.511156858894751 ], [ -3.561667983221022, 40.510686649118469 ], [ -3.558383306676105, 40.511256216133916 ], [ -3.554258967579325, 40.511336287176938 ], [ -3.555128749804664, 40.508566904610419 ], [ -3.554946538595756, 40.505458864297395 ], [ -3.555212714093165, 40.503154439130924 ], [ -3.553405533282339, 40.502460017300606 ], [ -3.553558895500982, 40.502164690966751 ], [ -3.553580792503898, 40.502100621616449 ], [ -3.553597933045603, 40.502032072372351 ], [ -3.553605506474954, 40.501948251935197 ], [ -3.553585262665452, 40.501782583283081 ], [ -3.553550836249819, 40.501614278970635 ], [ -3.553512986905721, 40.501460406263313 ], [ -3.553471220900921, 40.501260605733762 ], [ -3.553435881450969, 40.501124737977086 ], [ -3.5534037926358, 40.500953720620579 ], [ -3.55337811030283, 40.500556546015524 ], [ -3.553338370566524, 40.500172051223153 ], [ -3.55332094713569, 40.500062225392192 ], [ -3.553305035747966, 40.499992930815068 ], [ -3.553278549011856, 40.499929094040553 ], [ -3.553228177747125, 40.499831135766144 ], [ -3.553168344770799, 40.499730520971745 ], [ -3.553032356476758, 40.499553692675107 ], [ -3.552945366916235, 40.499451405019528 ], [ -3.55284182043441, 40.499344692023428 ], [ -3.552758644127324, 40.499275719120817 ], [ -3.552408299513601, 40.499007120185667 ], [ -3.55200145488921, 40.498755905273278 ], [ -3.55179375947975, 40.498612750208494 ], [ -3.551093898490508, 40.498174639017961 ], [ -3.550625837469764, 40.497940828131441 ], [ -3.55023740499898, 40.497775106130966 ], [ -3.549720147125039, 40.497585668777624 ], [ -3.547926626398417, 40.497036505294233 ], [ -3.547518596419788, 40.49692672168262 ], [ -3.547230003486479, 40.496847004310254 ], [ -3.546856082677269, 40.496722641595078 ], [ -3.546500779770737, 40.496565760063824 ], [ -3.545907223719641, 40.496278466845361 ], [ -3.545546019007601, 40.496120709340168 ], [ -3.545232402956781, 40.496010472799782 ], [ -3.544646948788269, 40.49584836124113 ], [ -3.544496668620208, 40.495797715579329 ], [ -3.544328680827355, 40.495746252229118 ], [ -3.544164096294847, 40.49567765557709 ], [ -3.544050368885036, 40.495623235431076 ], [ -3.543970964519736, 40.495581265271767 ], [ -3.543651754746547, 40.495362042276398 ], [ -3.543318286165139, 40.495130272870767 ], [ -3.542990776911582, 40.494905681663063 ], [ -3.542720446743031, 40.494747488263322 ], [ -3.542477361017123, 40.494601779797684 ], [ -3.542252085353287, 40.494469499800971 ], [ -3.542109707634015, 40.494373770002689 ], [ -3.541974418816132, 40.494278906778696 ], [ -3.541862729426548, 40.494183933648671 ], [ -3.541778174509017, 40.494087933212619 ], [ -3.541723025839113, 40.493980083219569 ], [ -3.54170467485765, 40.493899086726223 ], [ -3.541702728084398, 40.493803600792972 ], [ -3.541719522527072, 40.493690909973445 ], [ -3.541776649669632, 40.493310461919918 ], [ -3.541800938123502, 40.493102240878848 ], [ -3.541799382614938, 40.492908554435736 ], [ -3.541792346265167, 40.492767145703155 ], [ -3.541754269286248, 40.492580836728884 ], [ -3.541718964253994, 40.492445866772456 ], [ -3.541672938138906, 40.49229833359221 ], [ -3.541609364716682, 40.492169803263778 ], [ -3.541467248249206, 40.491958754775354 ], [ -3.541363462439164, 40.491818699232404 ], [ -3.541308316321869, 40.491710848082043 ], [ -3.541261414494864, 40.491601157399067 ], [ -3.541244137328305, 40.49150664321192 ], [ -3.541225055441556, 40.491334660315417 ], [ -3.541220346803676, 40.491041888974202 ], [ -3.541234056788251, 40.490544527679916 ], [ -3.541217890369319, 40.490147305862919 ], [ -3.541164415332601, 40.489659267177018 ], [ -3.541119126545582, 40.489309027414002 ], [ -3.541091188025284, 40.489062311400893 ], [ -3.54105833470214, 40.4887912932437 ], [ -3.541043583631536, 40.488717487797658 ], [ -3.541018227835519, 40.488645533786951 ], [ -3.540989439691441, 40.48858711020133 ], [ -3.54094882352862, 40.488525136578069 ], [ -3.540915468923279, 40.488485653196328 ], [ -3.540878595135073, 40.48844888806633 ], [ -3.540825267730492, 40.488420307998815 ], [ -3.540770819488554, 40.48839894033204 ], [ -3.540479875047416, 40.488314712421086 ], [ -3.540146302984903, 40.488211762354979 ], [ -3.540009029420637, 40.488161950863834 ], [ -3.539870446221524, 40.488095930068553 ], [ -3.539462836096025, 40.487882511622367 ], [ -3.539391753527731, 40.487846806580926 ], [ -3.5386595965583, 40.487477237891447 ], [ -3.538177522980438, 40.48724704484593 ], [ -3.537549552748565, 40.486920227867778 ], [ -3.537396607515678, 40.486828144840679 ], [ -3.537257829633771, 40.486736895748798 ], [ -3.537135491452478, 40.48663566110833 ], [ -3.53703566348729, 40.486546033415145 ], [ -3.536985650266663, 40.486488607424207 ], [ -3.536947470610053, 40.486435630924255 ], [ -3.536932931595055, 40.486387949972965 ], [ -3.536920760716149, 40.486341159816803 ], [ -3.536908374484961, 40.486267342816646 ], [ -3.536920699811643, 40.486185303833679 ], [ -3.536935601402068, 40.486130279822156 ], [ -3.537017773421609, 40.48592899776375 ], [ -3.537110227389413, 40.485685325645257 ], [ -3.537161943469616, 40.485512112847417 ], [ -3.537241786122566, 40.485166696821615 ], [ -3.537299140216312, 40.484812377188753 ], [ -3.537308574706516, 40.484663684209359 ], [ -3.537303922883845, 40.484524065695823 ], [ -3.537282819149057, 40.484392631745699 ], [ -3.537256138358707, 40.484301764140092 ], [ -3.537208039835665, 40.484188473620883 ], [ -3.537074891425102, 40.483914314813184 ], [ -3.536828826793272, 40.483536175240282 ], [ -3.536014659618755, 40.482489490038155 ], [ -3.535862228184878, 40.482311816229092 ], [ -3.535807326828995, 40.482232789872342 ], [ -3.535577100522885, 40.481767185992361 ], [ -3.535370394435738, 40.481291562777315 ], [ -3.535108249542209, 40.480668448404479 ], [ -3.535030593419191, 40.480397633711469 ], [ -3.534882956310667, 40.479930746837432 ], [ -3.534844863158395, 40.479739029808918 ], [ -3.534842046074018, 40.479681385300772 ], [ -3.534856689418158, 40.479593930321123 ], [ -3.534900322485338, 40.479442377336831 ], [ -3.534926684576522, 40.479344958218981 ], [ -3.53493337813261, 40.479296277782467 ], [ -3.534925849143081, 40.479239555979213 ], [ -3.53489461910267, 40.479169430376338 ], [ -3.53479391285767, 40.478967191366117 ], [ -3.534772142478826, 40.478899723752392 ], [ -3.534761011280784, 40.478834909606817 ], [ -3.534743674039731, 40.478731386404505 ], [ -3.534744124688973, 40.478639491691027 ], [ -3.534750753988101, 40.478582704363518 ], [ -3.534772433944079, 40.478489811425924 ], [ -3.53479294124704, 40.478397823907244 ], [ -3.534800349899497, 40.478290582605155 ], [ -3.53478713238875, 40.47811136388885 ], [ -3.534755931942434, 40.477896192392322 ], [ -3.534722965479715, 40.477755802802072 ], [ -3.534654703308354, 40.477478638856006 ], [ -3.534634792775853, 40.477348099630042 ], [ -3.534627428630549, 40.47731209771365 ], [ -3.534576156805467, 40.476945666050952 ], [ -3.534546606901391, 40.476491746618514 ], [ -3.534485434767099, 40.475619954097489 ], [ -3.534467643482047, 40.47501192628814 ], [ -3.534419625236494, 40.474311243678137 ], [ -3.534405879891817, 40.473767160918079 ], [ -3.534358727424444, 40.473175483947522 ], [ -3.534345169465284, 40.472953023384214 ], [ -3.534307337881823, 40.472793737137309 ], [ -3.534257503080492, 40.472608381149989 ], [ -3.534181532222351, 40.472399720719302 ], [ -3.534123876083778, 40.472269354825116 ], [ -3.534011600526521, 40.472094196244221 ], [ -3.533948339424024, 40.472000793064325 ], [ -3.533870944438107, 40.471910158733927 ], [ -3.533708303103943, 40.471780275686555 ], [ -3.53354823555137, 40.471677409339492 ], [ -3.533440405494026, 40.471616644014553 ], [ -3.533254579583199, 40.471538218642777 ], [ -3.533086568259473, 40.471475027017526 ], [ -3.532878528696152, 40.471421928700316 ], [ -3.532654067412745, 40.471380618293068 ], [ -3.532435689452221, 40.471362701938205 ], [ -3.531712194388516, 40.471316472997479 ], [ -3.53117289838554, 40.471291918392978 ], [ -3.530840154301577, 40.471281734447039 ], [ -3.530438038152857, 40.471150237342009 ], [ -3.5300219654295, 40.471044030751202 ], [ -3.529591738740217, 40.470937889312445 ], [ -3.529192275035468, 40.470843316234166 ], [ -3.528849560608221, 40.470764699246011 ], [ -3.5285352292386, 40.470694961362824 ], [ -3.528145394603515, 40.470624664944673 ], [ -3.52764345763045, 40.470549472704626 ], [ -3.527351736993915, 40.470504853596807 ], [ -3.527122577727713, 40.470465354763959 ], [ -3.526951213176407, 40.470424692905532 ], [ -3.526823484520688, 40.470382930111292 ], [ -3.526638835137231, 40.470302687803517 ], [ -3.526301371457819, 40.470140256444132 ], [ -3.52602056487007, 40.469982069866546 ], [ -3.525794175208011, 40.469843455791931 ], [ -3.525589019022673, 40.469704745619062 ], [ -3.525369527333601, 40.469542676813177 ], [ -3.525205714401266, 40.469410986133767 ], [ -3.52510822395444, 40.469313229070274 ], [ -3.525053473378599, 40.469250413821506 ], [ -3.525004563478905, 40.469180363908201 ], [ -3.524971017406374, 40.469113848699195 ], [ -3.524948094589976, 40.469048187035042 ], [ -3.524928562051453, 40.468963590146345 ], [ -3.524916164289959, 40.468886168960935 ], [ -3.524911679854236, 40.468764566784024 ], [ -3.524928564456497, 40.468508633298121 ], [ -3.524963864771635, 40.468194056685697 ], [ -3.525030846728249, 40.467857716315393 ], [ -3.525073389873322, 40.467716080673071 ], [ -3.525123171520517, 40.467595133756127 ], [ -3.525189502917579, 40.467478617027076 ], [ -3.525295839162527, 40.467349305841211 ], [ -3.52544086236755, 40.467189188052934 ], [ -3.525625736378496, 40.466996457320654 ], [ -3.525905935220066, 40.466624014144351 ], [ -3.526117485612573, 40.466373502644814 ], [ -3.526335066861457, 40.466140082217265 ], [ -3.526458010581374, 40.466023306935796 ], [ -3.526615027426764, 40.465889260063705 ], [ -3.526891748889554, 40.46567718985311 ], [ -3.527148263161754, 40.465445392201019 ], [ -3.527465630812934, 40.465152055891387 ], [ -3.527663504430816, 40.464963767037631 ], [ -3.527792136718619, 40.464820838206109 ], [ -3.528037443637611, 40.464514313994329 ], [ -3.528260472141346, 40.464225008199897 ], [ -3.528524096939326, 40.463848128879192 ], [ -3.528689559854647, 40.463588814289281 ], [ -3.52883120594905, 40.463300778660788 ], [ -3.528961832839784, 40.462961442768197 ], [ -3.529069449056423, 40.462545633570727 ], [ -3.529224736925855, 40.462042220301178 ], [ -3.529336601478727, 40.46171738335201 ], [ -3.529445753625654, 40.461347512696292 ], [ -3.52951168883844, 40.461031894026426 ], [ -3.529554218822711, 40.460739805988155 ], [ -3.529562361262327, 40.460424452008105 ], [ -3.52950519715395, 40.460053539443471 ], [ -3.529401500437821, 40.459614369569614 ], [ -3.529289832116279, 40.459211273968407 ], [ -3.529173707924528, 40.458841531119369 ], [ -3.529056265481305, 40.458453776110304 ], [ -3.529027359513077, 40.458377330787783 ], [ -3.528653314038611, 40.458054709916453 ], [ -3.528150042949892, 40.457646189860675 ], [ -3.527752446558521, 40.457327277232913 ], [ -3.52756129392265, 40.457165082795086 ], [ -3.52740937115151, 40.457042349675383 ], [ -3.527167100418549, 40.456828135430882 ], [ -3.527024416889479, 40.456680134378736 ], [ -3.526919628177568, 40.45655178027679 ], [ -3.526726437420054, 40.456278781757156 ], [ -3.526634410546325, 40.456123343044815 ], [ -3.526561319276489, 40.455975926126186 ], [ -3.526490325655289, 40.455795166191002 ], [ -3.526469729546389, 40.455724988659384 ], [ -3.526456202494792, 40.455653878926306 ], [ -3.526447174850309, 40.455554819803339 ], [ -3.526451329691153, 40.45548272773415 ], [ -3.526465068054042, 40.455429511882741 ], [ -3.52648939932061, 40.455373545974609 ], [ -3.526547578413699, 40.455272379828372 ], [ -3.526617581144901, 40.455174764300033 ], [ -3.526685364515343, 40.45509517600199 ], [ -3.52673452352238, 40.455047205042163 ], [ -3.526783752808656, 40.455008241871461 ], [ -3.526870573936168, 40.454950189280027 ], [ -3.527092455447951, 40.454819450397949 ], [ -3.527193490142865, 40.454769440879183 ], [ -3.527333344944745, 40.454706643341829 ], [ -3.527472041283243, 40.454646551828986 ], [ -3.527621406461631, 40.454593619579562 ], [ -3.5277861037496, 40.454540618035246 ], [ -3.527916720379294, 40.454503086359523 ], [ -3.528068570469961, 40.454466358441238 ], [ -3.528238166594138, 40.454436755554951 ], [ -3.528444315551817, 40.454406087123324 ], [ -3.528773085032034, 40.454371254766933 ], [ -3.529088937035896, 40.454343687826537 ], [ -3.529434393048522, 40.454331299792692 ], [ -3.529804712448235, 40.454331411219627 ], [ -3.529895548086705, 40.454334599372025 ], [ -3.530019476546089, 40.454346644754217 ], [ -3.530119810476842, 40.45435789910924 ], [ -3.53024262108326, 40.454378058407855 ], [ -3.530400968299689, 40.454417875293807 ], [ -3.530476635902305, 40.454441853358396 ], [ -3.530533441546985, 40.454466817945701 ], [ -3.530834199522418, 40.45461949703769 ], [ -3.530913503556443, 40.454656070758986 ], [ -3.53100815541155, 40.45469437663025 ], [ -3.531069599560812, 40.454709410611152 ], [ -3.531152286909518, 40.454726148755945 ], [ -3.53123020024799, 40.454735701556466 ], [ -3.531338733437873, 40.454739709945621 ], [ -3.531535708749271, 40.454742410682854 ], [ -3.531778677667496, 40.454744900406752 ], [ -3.531867092542297, 40.454739990017181 ], [ -3.5319577796207, 40.454724259167605 ], [ -3.532063685318353, 40.45469404284907 ], [ -3.532156602999566, 40.454662085321125 ], [ -3.532278898147056, 40.454616478000816 ], [ -3.532397597106238, 40.454563679889461 ], [ -3.532556180517421, 40.454483671719764 ], [ -3.532659526566975, 40.454428242261855 ], [ -3.532822628538114, 40.454322987617246 ], [ -3.53295392294993, 40.454222383911045 ], [ -3.53316354132992, 40.454034031219905 ], [ -3.533556530627834, 40.453619607904692 ], [ -3.53400099165819, 40.453152693077875 ], [ -3.534226344540488, 40.452866969093066 ], [ -3.534383995209706, 40.452669844381006 ], [ -3.534519344488883, 40.452486336123549 ], [ -3.534552852418369, 40.452398794451931 ], [ -3.534568372398522, 40.452273496211127 ], [ -3.534562728410489, 40.452156403968736 ], [ -3.53453825173764, 40.452043903328011 ], [ -3.534492412615748, 40.451914384291541 ], [ -3.534440848609381, 40.451806513385037 ], [ -3.534365663702258, 40.451694246229103 ], [ -3.534177436893381, 40.451454571347746 ], [ -3.533894016182769, 40.451107224715933 ], [ -3.533545326253956, 40.450707925322732 ], [ -3.533446396416487, 40.450575046351823 ], [ -3.53332921444792, 40.45037107920966 ], [ -3.533209298509855, 40.450119375751456 ], [ -3.533080638830955, 40.449805551017235 ], [ -3.532970094655408, 40.449545696830967 ], [ -3.532792805524726, 40.449196057981361 ], [ -3.532561109407569, 40.448825947808778 ], [ -3.53232060812327, 40.448385607176036 ], [ -3.532156884136697, 40.448110680744058 ], [ -3.531966998857479, 40.447807946429229 ], [ -3.531810865349207, 40.447597848744834 ], [ -3.531549137498772, 40.447306254148216 ], [ -3.531342542561148, 40.44708284723805 ] ] ] } },
{ "type": "Feature", "properties": { "barrio": "Casco Histórico de Barajas", "distrito": "Barajas", "area_km2": 0.549, "n_poi": 4, "diversidad_poi": 3, "n_restaurantes": 419, "pct_terrazas": 5.7, "accesibilidad_media": 3.9, "densidad_oferta": 770.5 }, "geometry": { "type": "Polygon", "coordinates": [ [ [ -3.574635855369033, 40.471648517526717 ], [ -3.575284936426543, 40.471467613345624 ], [ -3.575552775748769, 40.471391418801737 ], [ -3.575832213362854, 40.471347327064478 ], [ -3.57601933364528, 40.471322883916507 ], [ -3.576136813566023, 40.471335092060102 ], [ -3.576372465035862, 40.471412929676561 ], [ -3.576836288662753, 40.471604225412676 ], [ -3.578046844682009, 40.470611703573383 ], [ -3.579272149220697, 40.469871078455839 ], [ -3.580311054571287, 40.468074793877335 ], [ -3.580453275611442, 40.467919487143838 ], [ -3.580662902856721, 40.467770238015909 ], [ -3.580931901927588, 40.467652943236089 ], [ -3.581184134870585, 40.46756140778006 ], [ -3.58154969430992, 40.467452456621672 ], [ -3.582251240045737, 40.467690374964164 ], [ -3.581568098830053, 40.46879443983137 ], [ -3.581394991771705, 40.469266840665298 ], [ -3.581419830866565, 40.469493744220074 ], [ -3.581461284461279, 40.469663806608416 ], [ -3.581504111701352, 40.470650350845709 ], [ -3.58185650853857, 40.472501828034893 ], [ -3.582061679787111, 40.473366476078624 ], [ -3.58213060397395, 40.473657121119615 ], [ -3.582142489979164, 40.473708412492684 ], [ -3.582298423729891, 40.47437582818862 ], [ -3.582346335230736, 40.47478766059799 ], [ -3.582364673947826, 40.474944144395756 ], [ -3.582365439352281, 40.474950808090519 ], [ -3.582365690852295, 40.47495260862074 ], [ -3.582366444172733, 40.474958010217293 ], [ -3.582362943212757, 40.475099109493307 ], [ -3.582361092995079, 40.475240109457751 ], [ -3.582352840513716, 40.47551411521502 ], [ -3.582304422748802, 40.475742503619763 ], [ -3.582268275262722, 40.475913009611666 ], [ -3.582240951882566, 40.476041435210547 ], [ -3.582217133060524, 40.476124888310487 ], [ -3.582108232016816, 40.47650633671519 ], [ -3.582084301127254, 40.476590511064884 ], [ -3.582029031818287, 40.47673430252128 ], [ -3.58189634035775, 40.47707983365359 ], [ -3.581385243108116, 40.47853632668955 ], [ -3.580868048950161, 40.478837225312915 ], [ -3.580554724571335, 40.47919380298071 ], [ -3.580543571097598, 40.479594710894972 ], [ -3.580127873718356, 40.479489314727189 ], [ -3.57979435484277, 40.479375113879641 ], [ -3.579460688710815, 40.479243655199227 ], [ -3.579126833220782, 40.479090009179345 ], [ -3.578743983003553, 40.47887004286811 ], [ -3.57849725439812, 40.478711028089741 ], [ -3.578312097363596, 40.478578825355562 ], [ -3.577832720136134, 40.478203817764545 ], [ -3.576177300191914, 40.476712247397003 ], [ -3.575036835580208, 40.475631114419507 ], [ -3.57469949176523, 40.475226526544951 ], [ -3.574593207864714, 40.475062219302124 ], [ -3.574475978383826, 40.474861980853142 ], [ -3.57437999116184, 40.474656994383793 ], [ -3.574309892055004, 40.474457683686943 ], [ -3.574246564407132, 40.474160831392382 ], [ -3.574226596481803, 40.473957789573653 ], [ -3.574225015524074, 40.473772068073949 ], [ -3.574238457486979, 40.473565378279567 ], [ -3.574270137786943, 40.473358597860866 ], [ -3.574380796532667, 40.472815373352596 ], [ -3.574635855369033, 40.471648517526717 ] ] ] } },
{ "type": "Feature", "properties": { "barrio": "Timón", "distrito": "Barajas", "area_km2": 4.798, "n_poi": 6, "diversidad_poi": 1, "n_restaurantes": 289, "pct_terrazas": 8.0, "accesibilidad_media": 2.7, "densidad_oferta": 61.5 }, "geometry": { "type": "Polygon", "coordinates": [ [ [ -3.581568098830053, 40.46879443983137 ], [ -3.582251240045737, 40.467690374964164 ], [ -3.583324673342322, 40.46812804049879 ], [ -3.583889823863728, 40.468333212827567 ], [ -3.584163020668541, 40.468428772836255 ], [ -3.584398573443962, 40.468481729796807 ], [ -3.584742168168895, 40.468519905531728 ], [ -3.585195076516982, 40.46854032237345 ], [ -3.58530564915546, 40.468545348982573 ], [ -3.58875722959946, 40.468660474840753 ], [ -3.590007498655402, 40.46871169227375 ], [ -3.591370167021349, 40.468759503147908 ], [ -3.592338218952695, 40.468775092142891 ], [ -3.59333321591117, 40.468797379748125 ], [ -3.594462761090387, 40.468832658740311 ], [ -3.596570230913402, 40.468986099444272 ], [ -3.598086593871439, 40.469183622138836 ], [ -3.599057474575463, 40.469344007486178 ], [ -3.599639482116553, 40.469456228074392 ], [ -3.600321983143416, 40.469610121939205 ], [ -3.601435572776429, 40.469864444884855 ], [ -3.602636760857666, 40.470226846989917 ], [ -3.606010701375792, 40.471346435346142 ], [ -3.606819321175194, 40.471568077880328 ], [ -3.6073582189598, 40.471695302891796 ], [ -3.607923511725075, 40.471767629946335 ], [ -3.608515630642731, 40.471832967975722 ], [ -3.609161276844977, 40.471870643469757 ], [ -3.61539229113368, 40.472055492054196 ], [ -3.616108089812438, 40.472078984964753 ], [ -3.617458621295428, 40.472123326621585 ], [ -3.619735118195916, 40.472198108331661 ], [ -3.620365575469328, 40.472228517086876 ], [ -3.620712904469495, 40.472245215352451 ], [ -3.620934898737185, 40.47225591752035 ], [ -3.621797971841338, 40.472297504557403 ], [ -3.622919937163696, 40.472346702746187 ], [ -3.62305117653376, 40.472366087197742 ], [ -3.623569047268392, 40.472442219407135 ], [ -3.623644531238977, 40.472453344540114 ], [ -3.623698521261911, 40.472461882916143 ], [ -3.624122923347844, 40.472529623307175 ], [ -3.624272819772212, 40.47289979456086 ], [ -3.62436601614167, 40.472940091022551 ], [ -3.624448935084412, 40.472962288039938 ], [ -3.624522755214197, 40.473013135867809 ], [ -3.624571762154981, 40.473080805966305 ], [ -3.624591260491356, 40.473164127347687 ], [ -3.624581099079094, 40.473246416214977 ], [ -3.624613589252517, 40.473296496325474 ], [ -3.624699103217454, 40.473362776284439 ], [ -3.624739476676468, 40.473408323675443 ], [ -3.624831361775571, 40.473623307324075 ], [ -3.624895322358454, 40.47378886186177 ], [ -3.625111977171265, 40.474533291258467 ], [ -3.625155745867403, 40.474562454423527 ], [ -3.625225058254486, 40.474581505560579 ], [ -3.625265178692843, 40.474599404675907 ], [ -3.625318056397332, 40.474646790506505 ], [ -3.625343458311847, 40.474693371822134 ], [ -3.625343820969742, 40.474732461608887 ], [ -3.625369494058948, 40.474837001598175 ], [ -3.62549009015337, 40.474916438823982 ], [ -3.6256332651988, 40.475007195104475 ], [ -3.625718870852558, 40.475083007985262 ], [ -3.625777148760674, 40.475174224561258 ], [ -3.625797850986723, 40.475252295963251 ], [ -3.625801969762003, 40.475341152606546 ], [ -3.625804651473563, 40.475446762911616 ], [ -3.625805518965663, 40.475540195696851 ], [ -3.625906303532272, 40.476086020820389 ], [ -3.625782464566401, 40.476168894667609 ], [ -3.625712899791251, 40.476240779117532 ], [ -3.625685650077072, 40.476331504657317 ], [ -3.625716132327614, 40.476420726673041 ], [ -3.625787000581168, 40.476489467040537 ], [ -3.625882183254058, 40.476570122498337 ], [ -3.625761312297883, 40.476964892502075 ], [ -3.625747268493666, 40.477066034791932 ], [ -3.625744136617318, 40.47722186192189 ], [ -3.625653402595397, 40.481570088636829 ], [ -3.625833206767518, 40.482225247976082 ], [ -3.618200119526271, 40.482268504880587 ], [ -3.617638464045031, 40.482839773486027 ], [ -3.61688807633601, 40.483631689007588 ], [ -3.616748756439873, 40.483758287783267 ], [ -3.616612089298278, 40.483867710159551 ], [ -3.616471806626004, 40.483991452487821 ], [ -3.615542552593138, 40.484954550968645 ], [ -3.615541016750807, 40.484956142023201 ], [ -3.614888050528809, 40.484959488997553 ], [ -3.611542546377768, 40.484976580109645 ], [ -3.604463283134413, 40.485012425566907 ], [ -3.601711525332216, 40.485017856798507 ], [ -3.60170367685608, 40.484359489019646 ], [ -3.601750536069363, 40.482576294441969 ], [ -3.601783405974193, 40.481045109869854 ], [ -3.601768313919686, 40.479827482433691 ], [ -3.597225411261576, 40.479831611163974 ], [ -3.591616726096581, 40.479853927977445 ], [ -3.586211032837334, 40.479871715288603 ], [ -3.584066495964844, 40.479876085992387 ], [ -3.582886201370301, 40.479859420254265 ], [ -3.581895940437442, 40.479806258051909 ], [ -3.581447197614979, 40.479763291364684 ], [ -3.580964339318747, 40.47968819362594 ], [ -3.580543571097598, 40.479594710894972 ], [ -3.580554724571335, 40.47919380298071 ], [ -3.580868048950161, 40.478837225312915 ], [ -3.581385243108116, 40.47853632668955 ], [ -3.58189634035775, 40.47707983365359 ], [ -3.582029031818287, 40.47673430252128 ], [ -3.582084301127254, 40.476590511064884 ], [ -3.582108232016816, 40.47650633671519 ], [ -3.582217133060524, 40.476124888310487 ], [ -3.582240951882566, 40.476041435210547 ], [ -3.582268275262722, 40.475913009611666 ], [ -3.582304422748802, 40.475742503619763 ], [ -3.582352840513716, 40.47551411521502 ], [ -3.582361092995079, 40.475240109457751 ], [ -3.582362943212757, 40.475099109493307 ], [ -3.582366444172733, 40.474958010217293 ], [ -3.582365690852295, 40.47495260862074 ], [ -3.582365439352281, 40.474950808090519 ], [ -3.582364673947826, 40.474944144395756 ], [ -3.582346335230736, 40.47478766059799 ], [ -3.582298423729891, 40.47437582818862 ], [ -3.582142489979164, 40.473708412492684 ], [ -3.58213060397395, 40.473657121119615 ], [ -3.582061679787111, 40.473366476078624 ], [ -3.58185650853857, 40.472501828034893 ], [ -3.581504111701352, 40.470650350845709 ], [ -3.581461284461279, 40.469663806608416 ], [ -3.581419830866565, 40.469493744220074 ], [ -3.581394991771705, 40.469266840665298 ], [ -3.581568098830053, 40.46879443983137 ] ] ] } },
{ "type": "Feature", "properties": { "barrio": "Corralejos", "distrito": "Barajas", "area_km2": 4.673, "n_poi": 8, "diversidad_poi": 2, "n_restaurantes": 271, "pct_terrazas": 8.1, "accesibilidad_media": 5.8, "densidad_oferta": 59.7 }, "geometry": { "type": "Polygon", "coordinates": [ [ [ -3.605413580708975, 40.452775587400644 ], [ -3.605434578617404, 40.45275889543128 ], [ -3.605707899103975, 40.452977107871391 ], [ -3.606184310084875, 40.453274978287233 ], [ -3.606627630910566, 40.453499055469706 ], [ -3.607715021490755, 40.453883539526714 ], [ -3.608976414394077, 40.454219530966945 ], [ -3.61233745714598, 40.455286776410802 ], [ -3.613896565770113, 40.456153754460409 ], [ -3.617390576384766, 40.45814861941615 ], [ -3.620251140499157, 40.45974019233369 ], [ -3.620926647312225, 40.460141710273255 ], [ -3.621513961564911, 40.460584147960624 ], [ -3.622173908844236, 40.461215201358719 ], [ -3.622751191238118, 40.461846126924101 ], [ -3.62342442344251, 40.462668910138859 ], [ -3.627686047665605, 40.4681312466004 ], [ -3.627971314891699, 40.468482119593119 ], [ -3.624419685118048, 40.468704932559135 ], [ -3.624502241115299, 40.469026227135103 ], [ -3.624550315622616, 40.469155534600411 ], [ -3.624591975508725, 40.469279361405441 ], [ -3.624628290867532, 40.469425996292152 ], [ -3.624651873371362, 40.469546003653463 ], [ -3.624675723356162, 40.469694613986874 ], [ -3.624681793065907, 40.469810902480283 ], [ -3.624685280848779, 40.469917670717962 ], [ -3.624681435031671, 40.470041640702291 ], [ -3.624674987197486, 40.470154181536024 ], [ -3.624668221325917, 40.470232401662138 ], [ -3.624649253495234, 40.470341197552514 ], [ -3.624623946349262, 40.470478778964036 ], [ -3.624586722850632, 40.470598968055285 ], [ -3.624547904581205, 40.470721219797589 ], [ -3.624496673284689, 40.470851166498136 ], [ -3.624430637650967, 40.471000261565308 ], [ -3.624366921141321, 40.471130275652925 ], [ -3.624280859115819, 40.471273758103834 ], [ -3.624211918123586, 40.471379010304737 ], [ -3.624132902178557, 40.471474781761074 ], [ -3.624068079690304, 40.47155271892521 ], [ -3.623849511826063, 40.471816971895159 ], [ -3.623989172251261, 40.472199586163974 ], [ -3.624122923347844, 40.472529623307175 ], [ -3.623698521261911, 40.472461882916143 ], [ -3.623644531238977, 40.472453344540114 ], [ -3.623569047268392, 40.472442219407135 ], [ -3.62305117653376, 40.472366087197742 ], [ -3.622919937163696, 40.472346702746187 ], [ -3.621797971841338, 40.472297504557403 ], [ -3.620934898737185, 40.47225591752035 ], [ -3.620712904469495, 40.472245215352451 ], [ -3.620365575469328, 40.472228517086876 ], [ -3.619735118195916, 40.472198108331661 ], [ -3.617458621295428, 40.472123326621585 ], [ -3.616108089812438, 40.472078984964753 ], [ -3.61539229113368, 40.472055492054196 ], [ -3.609161276844977, 40.471870643469757 ], [ -3.608515630642731, 40.471832967975722 ], [ -3.607923511725075, 40.471767629946335 ], [ -3.6073582189598, 40.471695302891796 ], [ -3.606819321175194, 40.471568077880328 ], [ -3.606010701375792, 40.471346435346142 ], [ -3.602636760857666, 40.470226846989917 ], [ -3.601435572776429, 40.469864444884855 ], [ -3.600321983143416, 40.469610121939205 ], [ -3.599639482116553, 40.469456228074392 ], [ -3.599057474575463, 40.469344007486178 ], [ -3.598086593871439, 40.469183622138836 ], [ -3.596570230913402, 40.468986099444272 ], [ -3.594462761090387, 40.468832658740311 ], [ -3.59333321591117, 40.468797379748125 ], [ -3.592338218952695, 40.468775092142891 ], [ -3.591370167021349, 40.468759503147908 ], [ -3.590007498655402, 40.46871169227375 ], [ -3.58875722959946, 40.468660474840753 ], [ -3.58530564915546, 40.468545348982573 ], [ -3.585195076516982, 40.46854032237345 ], [ -3.584742168168895, 40.468519905531728 ], [ -3.584398573443962, 40.468481729796807 ], [ -3.584163020668541, 40.468428772836255 ], [ -3.583889823863728, 40.468333212827567 ], [ -3.583324673342322, 40.46812804049879 ], [ -3.582251240045737, 40.467690374964164 ], [ -3.582252445297366, 40.467687336463989 ], [ -3.582501646342596, 40.467059385187682 ], [ -3.582870902390745, 40.466559508926508 ], [ -3.58315376283746, 40.466272769865 ], [ -3.583552138080667, 40.465990583002743 ], [ -3.58454754384707, 40.465334032278463 ], [ -3.588412834310115, 40.462685721139067 ], [ -3.589653820370295, 40.462068419978316 ], [ -3.590209815521676, 40.461823605879452 ], [ -3.592582079539636, 40.460771674354447 ], [ -3.593257465676859, 40.46046569473075 ], [ -3.594274640981781, 40.460104715726111 ], [ -3.597475529367499, 40.458688160299552 ], [ -3.599808166075133, 40.457621690556671 ], [ -3.600814575539211, 40.456868275562861 ], [ -3.603542028749909, 40.454451298703837 ], [ -3.604660437339312, 40.453374291999886 ], [ -3.605413580708975, 40.452775587400644 ] ] ] } }
]
}
